id,algo,strategy,run_id,start_mode,best_fitness,final_cash,test_final_cash,epoch_count,runtime_ms,early_stopped,best_params,hyperparams
0,pso,sma,7,fixed,-807.599450435361,807.599450435361,1055.2952186726,51,5635.22961000126,False,"{""short_window"": 7.915071207493874, ""long_window"": 153.21630048576702}","{""pop_size"": 100, ""max_iter"": 50, ""w_max"": 0.9, ""w_min"": 0.4, ""c1"": 2, ""c2"": 2}"
1,pso,sma,4,fixed,-821.963946782728,821.963946782728,617.367879785237,51,5663.76724600013,False,"{""short_window"": 22.201976566910293, ""long_window"": 60.69168935547207}","{""pop_size"": 100, ""max_iter"": 50, ""w_max"": 0.9, ""w_min"": 0.4, ""c1"": 2, ""c2"": 2}"
2,pso,sma,3,fixed,-931.175318631482,931.175318631482,1153.51007806138,51,5824.43412499924,False,"{""short_window"": 46.84114988936278, ""long_window"": 200.0}","{""pop_size"": 100, ""max_iter"": 50, ""w_max"": 0.9, ""w_min"": 0.4, ""c1"": 2, ""c2"": 2}"
3,pso,sma,1,fixed,-932.49722762536,932.49722762536,1180.27572148885,51,5843.03375499985,False,"{""short_window"": 49.15522134691566, ""long_window"": 196.7548513415701}","{""pop_size"": 100, ""max_iter"": 50, ""w_max"": 0.9, ""w_min"": 0.4, ""c1"": 2, ""c2"": 2}"
4,pso,sma,5,fixed,-932.49722762536,932.49722762536,1180.27572148885,51,5843.30047000003,False,"{""short_window"": 48.77121524746005, ""long_window"": 197.4221165361696}","{""pop_size"": 100, ""max_iter"": 50, ""w_max"": 0.9, ""w_min"": 0.4, ""c1"": 2, ""c2"": 2}"
5,pso,sma,6,fixed,-931.175318631482,931.175318631482,1153.51007806138,51,5844.63444199901,False,"{""short_window"": 46.58079209107185, ""long_window"": 200.0}","{""pop_size"": 100, ""max_iter"": 50, ""w_max"": 0.9, ""w_min"": 0.4, ""c1"": 2, ""c2"": 2}"
6,pso,sma,8,fixed,-932.49722762536,932.49722762536,1180.27572148885,51,5842.75771400098,False,"{""short_window"": 49.4309169467408, ""long_window"": 197.01761797121986}","{""pop_size"": 100, ""max_iter"": 50, ""w_max"": 0.9, ""w_min"": 0.4, ""c1"": 2, ""c2"": 2}"
7,pso,sma,0,fixed,-932.49722762536,932.49722762536,1180.27572148885,51,5855.86849399988,False,"{""short_window"": 49.216818289797345, ""long_window"": 197.26360398911007}","{""pop_size"": 100, ""max_iter"": 50, ""w_max"": 0.9, ""w_min"": 0.4, ""c1"": 2, ""c2"": 2}"
8,pso,sma,2,fixed,-932.49722762536,932.49722762536,1180.27572148885,51,5863.811919,False,"{""short_window"": 49.09735602518557, ""long_window"": 197.21388208487784}","{""pop_size"": 100, ""max_iter"": 50, ""w_max"": 0.9, ""w_min"": 0.4, ""c1"": 2, ""c2"": 2}"
9,pso,sma,10,fixed,-932.49722762536,932.49722762536,1180.27572148885,51,5849.8423559995,False,"{""short_window"": 48.91814647020021, ""long_window"": 197.3078815710147}","{""pop_size"": 100, ""max_iter"": 50, ""w_max"": 0.9, ""w_min"": 0.4, ""c1"": 2, ""c2"": 2}"
10,pso,sma,9,fixed,-932.49722762536,932.49722762536,1180.27572148885,51,5855.45783899943,False,"{""short_window"": 48.74927243446371, ""long_window"": 197.26271692916555}","{""pop_size"": 100, ""max_iter"": 50, ""w_max"": 0.9, ""w_min"": 0.4, ""c1"": 2, ""c2"": 2}"
11,pso,sma,11,fixed,-932.49722762536,932.49722762536,1180.27572148885,51,5856.13032299989,False,"{""short_window"": 48.68516898325283, ""long_window"": 196.91278030309772}","{""pop_size"": 100, ""max_iter"": 50, ""w_max"": 0.9, ""w_min"": 0.4, ""c1"": 2, ""c2"": 2}"
12,pso,sma,12,fixed,-931.175318631482,931.175318631482,1153.51007806138,51,5865.82087699935,False,"{""short_window"": 46.99149240357204, ""long_window"": 200.0}","{""pop_size"": 100, ""max_iter"": 50, ""w_max"": 0.9, ""w_min"": 0.4, ""c1"": 2, ""c2"": 2}"
13,pso,sma,18,fixed,-807.599450435361,807.599450435361,1055.2952186726,51,5663.07005399904,False,"{""short_window"": 7.900806455891628, ""long_window"": 152.6402893948408}","{""pop_size"": 100, ""max_iter"": 50, ""w_max"": 0.9, ""w_min"": 0.4, ""c1"": 2, ""c2"": 2}"
14,pso,sma,13,fixed,-932.49722762536,932.49722762536,1180.27572148885,51,5873.99143999937,False,"{""short_window"": 49.45024686514194, ""long_window"": 196.88045808585497}","{""pop_size"": 100, ""max_iter"": 50, ""w_max"": 0.9, ""w_min"": 0.4, ""c1"": 2, ""c2"": 2}"
15,pso,sma,23,fixed,-821.963946782728,821.963946782728,617.367879785237,51,5685.02357699981,False,"{""short_window"": 22.092675339476717, ""long_window"": 61.28459633412269}","{""pop_size"": 100, ""max_iter"": 50, ""w_max"": 0.9, ""w_min"": 0.4, ""c1"": 2, ""c2"": 2}"
16,pso,sma,14,fixed,-931.175318631482,931.175318631482,1153.51007806138,51,5854.59765499945,False,"{""short_window"": 46.84651888218603, ""long_window"": 200.0}","{""pop_size"": 100, ""max_iter"": 50, ""w_max"": 0.9, ""w_min"": 0.4, ""c1"": 2, ""c2"": 2}"
17,pso,sma,15,fixed,-932.49722762536,932.49722762536,1180.27572148885,51,5854.37810999974,False,"{""short_window"": 49.41005355757099, ""long_window"": 196.54284969935844}","{""pop_size"": 100, ""max_iter"": 50, ""w_max"": 0.9, ""w_min"": 0.4, ""c1"": 2, ""c2"": 2}"
18,pso,sma,17,fixed,-932.49722762536,932.49722762536,1180.27572148885,51,5859.67904099925,False,"{""short_window"": 48.75856860392879, ""long_window"": 196.73894981641328}","{""pop_size"": 100, ""max_iter"": 50, ""w_max"": 0.9, ""w_min"": 0.4, ""c1"": 2, ""c2"": 2}"
19,pso,sma,16,fixed,-932.49722762536,932.49722762536,1180.27572148885,51,5870.45814700105,False,"{""short_window"": 48.98233045919571, ""long_window"": 196.92407019514252}","{""pop_size"": 100, ""max_iter"": 50, ""w_max"": 0.9, ""w_min"": 0.4, ""c1"": 2, ""c2"": 2}"
20,pso,sma,21,fixed,-932.49722762536,932.49722762536,1180.27572148885,51,5876.06690599932,False,"{""short_window"": 48.573325413522326, ""long_window"": 196.74796615069255}","{""pop_size"": 100, ""max_iter"": 50, ""w_max"": 0.9, ""w_min"": 0.4, ""c1"": 2, ""c2"": 2}"
21,pso,sma,19,fixed,-932.49722762536,932.49722762536,1180.27572148885,51,5884.7771540004,False,"{""short_window"": 48.5537965726773, ""long_window"": 197.06810035720522}","{""pop_size"": 100, ""max_iter"": 50, ""w_max"": 0.9, ""w_min"": 0.4, ""c1"": 2, ""c2"": 2}"
22,pso,sma,22,fixed,-932.49722762536,932.49722762536,1180.27572148885,51,5874.29813199924,False,"{""short_window"": 48.987451600418666, ""long_window"": 197.28449835673717}","{""pop_size"": 100, ""max_iter"": 50, ""w_max"": 0.9, ""w_min"": 0.4, ""c1"": 2, ""c2"": 2}"
23,pso,sma,20,fixed,-932.49722762536,932.49722762536,1180.27572148885,51,5885.13624000007,False,"{""short_window"": 48.642887836181046, ""long_window"": 197.1240701628007}","{""pop_size"": 100, ""max_iter"": 50, ""w_max"": 0.9, ""w_min"": 0.4, ""c1"": 2, ""c2"": 2}"
24,pso,sma,24,fixed,-932.49722762536,932.49722762536,1180.27572148885,51,5813.96895500075,False,"{""short_window"": 49.03906210760627, ""long_window"": 196.89764990327643}","{""pop_size"": 100, ""max_iter"": 50, ""w_max"": 0.9, ""w_min"": 0.4, ""c1"": 2, ""c2"": 2}"
25,pso,sma,25,fixed,-931.175318631482,931.175318631482,1153.51007806138,51,5823.93163399865,False,"{""short_window"": 47.06888372518075, ""long_window"": 200.0}","{""pop_size"": 100, ""max_iter"": 50, ""w_max"": 0.9, ""w_min"": 0.4, ""c1"": 2, ""c2"": 2}"
26,pso,sma,26,fixed,-932.49722762536,932.49722762536,1180.27572148885,51,5845.95763799916,False,"{""short_window"": 49.02994465940836, ""long_window"": 196.51396362490485}","{""pop_size"": 100, ""max_iter"": 50, ""w_max"": 0.9, ""w_min"": 0.4, ""c1"": 2, ""c2"": 2}"
27,pso,sma,27,fixed,-932.49722762536,932.49722762536,1180.27572148885,51,5842.73005599971,False,"{""short_window"": 48.83243818224324, ""long_window"": 197.47349105609692}","{""pop_size"": 100, ""max_iter"": 50, ""w_max"": 0.9, ""w_min"": 0.4, ""c1"": 2, ""c2"": 2}"
28,pso,lma,1,fixed,-800.109005668366,800.109005668366,487.740312063578,51,5694.79727900034,False,"{""short_window"": 34.854012356988726, ""long_window"": 56.00079086051759}","{""pop_size"": 100, ""max_iter"": 50, ""w_max"": 0.9, ""w_min"": 0.4, ""c1"": 2, ""c2"": 2}"
29,pso,lma,2,fixed,-776.262974610292,776.262974610292,671.50931478053,51,5707.29080699857,False,"{""short_window"": 20.366909063179627, ""long_window"": 85.09471690618517}","{""pop_size"": 100, ""max_iter"": 50, ""w_max"": 0.9, ""w_min"": 0.4, ""c1"": 2, ""c2"": 2}"
30,pso,lma,4,fixed,-800.109005668366,800.109005668366,487.740312063578,51,5709.42266699967,False,"{""short_window"": 35.32741601905563, ""long_window"": 55.89612213735186}","{""pop_size"": 100, ""max_iter"": 50, ""w_max"": 0.9, ""w_min"": 0.4, ""c1"": 2, ""c2"": 2}"
31,pso,lma,5,fixed,-776.262974610292,776.262974610292,671.50931478053,51,5710.38235500055,False,"{""short_window"": 20.225066068356746, ""long_window"": 84.57077570367804}","{""pop_size"": 100, ""max_iter"": 50, ""w_max"": 0.9, ""w_min"": 0.4, ""c1"": 2, ""c2"": 2}"
32,pso,lma,3,fixed,-776.262974610292,776.262974610292,671.50931478053,51,5715.42859299916,False,"{""short_window"": 20.11619400647731, ""long_window"": 85.35358080641636}","{""pop_size"": 100, ""max_iter"": 50, ""w_max"": 0.9, ""w_min"": 0.4, ""c1"": 2, ""c2"": 2}"
33,pso,sma,28,fixed,-931.175318631482,931.175318631482,1153.51007806138,51,5831.66160200017,False,"{""short_window"": 47.30221432423593, ""long_window"": 200.0}","{""pop_size"": 100, ""max_iter"": 50, ""w_max"": 0.9, ""w_min"": 0.4, ""c1"": 2, ""c2"": 2}"
34,pso,sma,29,fixed,-932.49722762536,932.49722762536,1180.27572148885,51,5830.22781099862,False,"{""short_window"": 48.58839464908614, ""long_window"": 196.88084121795362}","{""pop_size"": 100, ""max_iter"": 50, ""w_max"": 0.9, ""w_min"": 0.4, ""c1"": 2, ""c2"": 2}"
35,pso,lma,0,fixed,-818.928633013523,818.928633013523,907.977723746608,51,5817.42919499993,False,"{""short_window"": 21.339115816803126, ""long_window"": 195.31993204386802}","{""pop_size"": 100, ""max_iter"": 50, ""w_max"": 0.9, ""w_min"": 0.4, ""c1"": 2, ""c2"": 2}"
36,pso,lma,6,fixed,-776.262974610292,776.262974610292,671.50931478053,51,5693.44472599914,False,"{""short_window"": 19.939784459075565, ""long_window"": 85.34543306507297}","{""pop_size"": 100, ""max_iter"": 50, ""w_max"": 0.9, ""w_min"": 0.4, ""c1"": 2, ""c2"": 2}"
37,pso,lma,10,fixed,-779.401803493695,779.401803493695,624.457879235916,51,5684.29605100027,False,"{""short_window"": 37.04586145160677, ""long_window"": 68.77250411549475}","{""pop_size"": 100, ""max_iter"": 50, ""w_max"": 0.9, ""w_min"": 0.4, ""c1"": 2, ""c2"": 2}"
38,pso,lma,8,fixed,-800.109005668366,800.109005668366,487.740312063578,51,5707.78895600051,False,"{""short_window"": 35.1990574678632, ""long_window"": 55.70265509863737}","{""pop_size"": 100, ""max_iter"": 50, ""w_max"": 0.9, ""w_min"": 0.4, ""c1"": 2, ""c2"": 2}"
39,pso,lma,9,fixed,-800.109005668366,800.109005668366,487.740312063578,51,5707.70885300044,False,"{""short_window"": 35.120742819521645, ""long_window"": 56.399309354682444}","{""pop_size"": 100, ""max_iter"": 50, ""w_max"": 0.9, ""w_min"": 0.4, ""c1"": 2, ""c2"": 2}"
40,pso,lma,11,fixed,-800.109005668366,800.109005668366,487.740312063578,51,5716.6139029996,False,"{""short_window"": 34.86737265976509, ""long_window"": 56.48644057655037}","{""pop_size"": 100, ""max_iter"": 50, ""w_max"": 0.9, ""w_min"": 0.4, ""c1"": 2, ""c2"": 2}"
41,pso,lma,7,fixed,-818.928633013523,818.928633013523,907.977723746608,51,5822.94847100093,False,"{""short_window"": 21.065501229557764, ""long_window"": 194.89628667130856}","{""pop_size"": 100, ""max_iter"": 50, ""w_max"": 0.9, ""w_min"": 0.4, ""c1"": 2, ""c2"": 2}"
42,pso,lma,14,fixed,-800.109005668366,800.109005668366,487.740312063578,51,5714.53929800009,False,"{""short_window"": 34.77763366259507, ""long_window"": 55.68173433755147}","{""pop_size"": 100, ""max_iter"": 50, ""w_max"": 0.9, ""w_min"": 0.4, ""c1"": 2, ""c2"": 2}"
43,pso,lma,13,fixed,-800.109005668366,800.109005668366,487.740312063578,51,5718.00534200156,False,"{""short_window"": 35.182882179407194, ""long_window"": 56.12206843500623}","{""pop_size"": 100, ""max_iter"": 50, ""w_max"": 0.9, ""w_min"": 0.4, ""c1"": 2, ""c2"": 2}"
44,pso,lma,17,fixed,-800.109005668366,800.109005668366,487.740312063578,51,5684.01893600094,False,"{""short_window"": 35.41289406599705, ""long_window"": 55.626985461813604}","{""pop_size"": 100, ""max_iter"": 50, ""w_max"": 0.9, ""w_min"": 0.4, ""c1"": 2, ""c2"": 2}"
45,pso,lma,15,fixed,-800.109005668366,800.109005668366,487.740312063578,51,5698.19112000005,False,"{""short_window"": 35.47693934645913, ""long_window"": 56.06166650749538}","{""pop_size"": 100, ""max_iter"": 50, ""w_max"": 0.9, ""w_min"": 0.4, ""c1"": 2, ""c2"": 2}"
46,pso,lma,16,fixed,-776.262974610292,776.262974610292,671.50931478053,51,5702.27775499916,False,"{""short_window"": 20.072781936376163, ""long_window"": 84.79585597663376}","{""pop_size"": 100, ""max_iter"": 50, ""w_max"": 0.9, ""w_min"": 0.4, ""c1"": 2, ""c2"": 2}"
47,pso,lma,12,fixed,-818.928633013523,818.928633013523,907.977723746608,51,5844.60751999905,False,"{""short_window"": 20.652213000331813, ""long_window"": 194.6072551355009}","{""pop_size"": 100, ""max_iter"": 50, ""w_max"": 0.9, ""w_min"": 0.4, ""c1"": 2, ""c2"": 2}"
48,pso,lma,18,fixed,-800.109005668366,800.109005668366,487.740312063578,51,5749.80546699953,False,"{""short_window"": 35.43117543801771, ""long_window"": 55.7238549177442}","{""pop_size"": 100, ""max_iter"": 50, ""w_max"": 0.9, ""w_min"": 0.4, ""c1"": 2, ""c2"": 2}"
49,pso,lma,19,fixed,-776.262974610292,776.262974610292,671.50931478053,51,5755.96960399889,False,"{""short_window"": 20.19841248757973, ""long_window"": 85.30797978872351}","{""pop_size"": 100, ""max_iter"": 50, ""w_max"": 0.9, ""w_min"": 0.4, ""c1"": 2, ""c2"": 2}"
50,pso,lma,20,fixed,-800.109005668366,800.109005668366,487.740312063578,51,5778.74490199974,False,"{""short_window"": 34.589610897995485, ""long_window"": 55.52082409565447}","{""pop_size"": 100, ""max_iter"": 50, ""w_max"": 0.9, ""w_min"": 0.4, ""c1"": 2, ""c2"": 2}"
51,pso,lma,21,fixed,-800.109005668366,800.109005668366,487.740312063578,51,5772.59395699912,False,"{""short_window"": 34.62308052151017, ""long_window"": 56.160492861852646}","{""pop_size"": 100, ""max_iter"": 50, ""w_max"": 0.9, ""w_min"": 0.4, ""c1"": 2, ""c2"": 2}"
52,pso,lma,23,fixed,-800.109005668366,800.109005668366,487.740312063578,51,5763.24618199942,False,"{""short_window"": 34.674626289431835, ""long_window"": 56.399463279664914}","{""pop_size"": 100, ""max_iter"": 50, ""w_max"": 0.9, ""w_min"": 0.4, ""c1"": 2, ""c2"": 2}"
53,pso,lma,27,fixed,-772.378132202087,772.378132202087,605.468432619929,51,5744.35816100049,True,"{""short_window"": 23.622976436757764, ""long_window"": 64.07266231756411}","{""pop_size"": 100, ""max_iter"": 50, ""w_max"": 0.9, ""w_min"": 0.4, ""c1"": 2, ""c2"": 2}"
54,pso,lma,22,fixed,-776.262974610292,776.262974610292,671.50931478053,51,5792.69432799993,False,"{""short_window"": 20.446375456341787, ""long_window"": 85.11080357216099}","{""pop_size"": 100, ""max_iter"": 50, ""w_max"": 0.9, ""w_min"": 0.4, ""c1"": 2, ""c2"": 2}"
55,pso,lma,24,fixed,-800.109005668366,800.109005668366,487.740312063578,51,5783.15040999951,False,"{""short_window"": 35.41861085088446, ""long_window"": 55.596025418283666}","{""pop_size"": 100, ""max_iter"": 50, ""w_max"": 0.9, ""w_min"": 0.4, ""c1"": 2, ""c2"": 2}"
56,pso,lma,25,fixed,-800.109005668366,800.109005668366,487.740312063578,51,5786.83134300081,False,"{""short_window"": 34.825045504943446, ""long_window"": 56.297945044577496}","{""pop_size"": 100, ""max_iter"": 50, ""w_max"": 0.9, ""w_min"": 0.4, ""c1"": 2, ""c2"": 2}"
57,pso,lma,26,fixed,-800.109005668366,800.109005668366,487.740312063578,51,5761.29925299938,False,"{""short_window"": 34.733030368216156, ""long_window"": 56.16146207510908}","{""pop_size"": 100, ""max_iter"": 50, ""w_max"": 0.9, ""w_min"": 0.4, ""c1"": 2, ""c2"": 2}"
58,pso,lma,28,fixed,-800.109005668366,800.109005668366,487.740312063578,51,5770.95711599941,False,"{""short_window"": 34.688504339794214, ""long_window"": 56.0789528373031}","{""pop_size"": 100, ""max_iter"": 50, ""w_max"": 0.9, ""w_min"": 0.4, ""c1"": 2, ""c2"": 2}"
59,pso,lma,29,fixed,-776.262974610292,776.262974610292,671.50931478053,51,5792.082725,False,"{""short_window"": 20.252060697831972, ""long_window"": 85.19473536895569}","{""pop_size"": 100, ""max_iter"": 50, ""w_max"": 0.9, ""w_min"": 0.4, ""c1"": 2, ""c2"": 2}"
60,pso,ema_shared,0,fixed,-79852.6034441181,79852.6034441181,6128.39075813623,51,6062.50377099968,False,"{""short_window"": 43.02182042942634, ""long_window"": 124.06513046080684, ""alpha"": 0.7559671386324236}","{""pop_size"": 100, ""max_iter"": 50, ""w_max"": 0.9, ""w_min"": 0.4, ""c1"": 2, ""c2"": 2}"
61,pso,ema_shared,3,fixed,-111886.78532733,111886.78532733,3389.59019900498,51,6044.00957800135,False,"{""short_window"": 40.82200023389497, ""long_window"": 97.58007282017074, ""alpha"": 0.7989879631053525}","{""pop_size"": 100, ""max_iter"": 50, ""w_max"": 0.9, ""w_min"": 0.4, ""c1"": 2, ""c2"": 2}"
62,pso,ema_shared,1,fixed,-65713.1101540836,65713.1101540836,4417.5002004048,51,6078.51156600009,False,"{""short_window"": 36.28253899942881, ""long_window"": 114.68772980511604, ""alpha"": 0.8632139419400697}","{""pop_size"": 100, ""max_iter"": 50, ""w_max"": 0.9, ""w_min"": 0.4, ""c1"": 2, ""c2"": 2}"
63,pso,ema_shared,2,fixed,-49617.2250600735,49617.2250600735,1000,51,6073.69344799918,False,"{""short_window"": 34.32396273916989, ""long_window"": 112.81561443755665, ""alpha"": 0.729581556611366}","{""pop_size"": 100, ""max_iter"": 50, ""w_max"": 0.9, ""w_min"": 0.4, ""c1"": 2, ""c2"": 2}"
64,pso,ema_shared,8,fixed,-67554.6198844434,67554.6198844434,4269.76046176592,51,6059.50292899979,False,"{""short_window"": 29.984657527298598, ""long_window"": 92.97437035234593, ""alpha"": 0.8638014201689497}","{""pop_size"": 100, ""max_iter"": 50, ""w_max"": 0.9, ""w_min"": 0.4, ""c1"": 2, ""c2"": 2}"
65,pso,ema_shared,5,fixed,-99466.5417958344,99466.5417958344,1000,51,6075.95025000046,False,"{""short_window"": 41.07492913456759, ""long_window"": 137.871909605508, ""alpha"": 0.6599292283317972}","{""pop_size"": 100, ""max_iter"": 50, ""w_max"": 0.9, ""w_min"": 0.4, ""c1"": 2, ""c2"": 2}"
66,pso,ema_shared,4,fixed,-128895.980319834,128895.980319834,2648.08375793658,51,6105.59090999959,False,"{""short_window"": 40.509586869771574, ""long_window"": 154.15532806205266, ""alpha"": 0.6183687605136403}","{""pop_size"": 100, ""max_iter"": 50, ""w_max"": 0.9, ""w_min"": 0.4, ""c1"": 2, ""c2"": 2}"
67,pso,ema_shared,10,fixed,-188575.414633319,188575.414633319,1000,51,6052.20074099998,False,"{""short_window"": 49.96464281092137, ""long_window"": 129.0207628583788, ""alpha"": 0.5570847464505195}","{""pop_size"": 100, ""max_iter"": 50, ""w_max"": 0.9, ""w_min"": 0.4, ""c1"": 2, ""c2"": 2}"
68,pso,ema_shared,9,fixed,-47146.875652402,47146.875652402,1000,51,6107.80754999905,False,"{""short_window"": 25.776953348631583, ""long_window"": 137.05386054902982, ""alpha"": 0.8071349640832108}","{""pop_size"": 100, ""max_iter"": 50, ""w_max"": 0.9, ""w_min"": 0.4, ""c1"": 2, ""c2"": 2}"
69,pso,ema_shared,6,fixed,-94849.6307906651,94849.6307906651,1000,51,6127.01741700039,False,"{""short_window"": 29.823588695386874, ""long_window"": 133.14548452789546, ""alpha"": 0.8185592249602383}","{""pop_size"": 100, ""max_iter"": 50, ""w_max"": 0.9, ""w_min"": 0.4, ""c1"": 2, ""c2"": 2}"
70,pso,ema_shared,7,fixed,-77444.3928035982,77444.3928035982,1000,51,6188.53057500019,False,"{""short_window"": 27.123888293494957, ""long_window"": 171.72356667647148, ""alpha"": 0.798465646916297}","{""pop_size"": 100, ""max_iter"": 50, ""w_max"": 0.9, ""w_min"": 0.4, ""c1"": 2, ""c2"": 2}"
71,pso,ema_shared,11,fixed,-144933.888713048,144933.888713048,5265.98657966804,51,6085.59158699973,False,"{""short_window"": 32.10348800411074, ""long_window"": 115.2604107318553, ""alpha"": 0.7671891511777312}","{""pop_size"": 100, ""max_iter"": 50, ""w_max"": 0.9, ""w_min"": 0.4, ""c1"": 2, ""c2"": 2}"
72,pso,ema_shared,12,fixed,-107674.710159437,107674.710159437,3135.49471043225,51,5949.87062399923,False,"{""short_window"": 36.538037672962744, ""long_window"": 94.21077348124403, ""alpha"": 0.708813776144932}","{""pop_size"": 100, ""max_iter"": 50, ""w_max"": 0.9, ""w_min"": 0.4, ""c1"": 2, ""c2"": 2}"
73,pso,ema_shared,13,fixed,-51959.7809246729,51959.7809246729,3507.87162975267,50,5956.01065700066,True,"{""short_window"": 17.019555055462547, ""long_window"": 84.0049682910772, ""alpha"": 0.8643568392123925}","{""pop_size"": 100, ""max_iter"": 50, ""w_max"": 0.9, ""w_min"": 0.4, ""c1"": 2, ""c2"": 2}"
74,pso,ema_shared,15,fixed,-103623.884175308,103623.884175308,10074.6391018624,51,5961.75474299889,False,"{""short_window"": 28.336972090524124, ""long_window"": 65.9, ""alpha"": 0.7178513025775896}","{""pop_size"": 100, ""max_iter"": 50, ""w_max"": 0.9, ""w_min"": 0.4, ""c1"": 2, ""c2"": 2}"
75,pso,ema_shared,14,fixed,-158115.972698631,158115.972698631,5051.09344242732,51,6057.19433800005,False,"{""short_window"": 50.0, ""long_window"": 144.58080629633895, ""alpha"": 0.6263293758073042}","{""pop_size"": 100, ""max_iter"": 50, ""w_max"": 0.9, ""w_min"": 0.4, ""c1"": 2, ""c2"": 2}"
76,pso,ema_shared,19,fixed,-91458.4758280131,91458.4758280131,1000,51,5949.0378419996,False,"{""short_window"": 26.19846743144579, ""long_window"": 80.60498839221877, ""alpha"": 0.7828210134640194}","{""pop_size"": 100, ""max_iter"": 50, ""w_max"": 0.9, ""w_min"": 0.4, ""c1"": 2, ""c2"": 2}"
77,pso,ema_shared,17,fixed,-64942.6818254845,64942.6818254845,1058.79420453148,51,5997.88174100104,False,"{""short_window"": 25.641171690351204, ""long_window"": 104.59784508781566, ""alpha"": 0.8191961533013502}","{""pop_size"": 100, ""max_iter"": 50, ""w_max"": 0.9, ""w_min"": 0.4, ""c1"": 2, ""c2"": 2}"
78,pso,ema_shared,18,fixed,-100390.059046032,100390.059046032,1000,51,6047.14531100035,False,"{""short_window"": 34.3427584096138, ""long_window"": 128.5690122785534, ""alpha"": 0.768075427529399}","{""pop_size"": 100, ""max_iter"": 50, ""w_max"": 0.9, ""w_min"": 0.4, ""c1"": 2, ""c2"": 2}"
79,pso,ema_shared,16,fixed,-81001.7108695516,81001.7108695516,930.350422070111,51,6113.96066699854,False,"{""short_window"": 19.82331175474524, ""long_window"": 107.11195473623502, ""alpha"": 0.8573951115991355}","{""pop_size"": 100, ""max_iter"": 50, ""w_max"": 0.9, ""w_min"": 0.4, ""c1"": 2, ""c2"": 2}"
80,pso,ema_shared,20,fixed,-92377.9536531558,92377.9536531558,1000,51,6094.23050300029,False,"{""short_window"": 41.91267527102394, ""long_window"": 162.3463694684542, ""alpha"": 0.570381362310625}","{""pop_size"": 100, ""max_iter"": 50, ""w_max"": 0.9, ""w_min"": 0.4, ""c1"": 2, ""c2"": 2}"
81,pso,ema_shared,21,fixed,-67196.0244700857,67196.0244700857,1000,51,6119.51367800066,False,"{""short_window"": 31.865490683153734, ""long_window"": 147.43804286503368, ""alpha"": 0.7894689485746111}","{""pop_size"": 100, ""max_iter"": 50, ""w_max"": 0.9, ""w_min"": 0.4, ""c1"": 2, ""c2"": 2}"
82,pso,ema_shared,23,fixed,-95161.0447966872,95161.0447966872,4043.85062545134,51,6032.13465800036,False,"{""short_window"": 35.28892376671808, ""long_window"": 135.6635832219009, ""alpha"": 0.7630544599977388}","{""pop_size"": 100, ""max_iter"": 50, ""w_max"": 0.9, ""w_min"": 0.4, ""c1"": 2, ""c2"": 2}"
83,pso,ema_shared,22,fixed,-97176.6892237473,97176.6892237473,2543.81867838852,51,6138.41057599893,False,"{""short_window"": 49.75807492533596, ""long_window"": 152.58854825887383, ""alpha"": 0.7127330648044921}","{""pop_size"": 100, ""max_iter"": 50, ""w_max"": 0.9, ""w_min"": 0.4, ""c1"": 2, ""c2"": 2}"
84,pso,ema_shared,24,fixed,-79491.4238503055,79491.4238503055,874.963703230133,51,6112.64745699918,False,"{""short_window"": 31.693258410720823, ""long_window"": 186.74757300054137, ""alpha"": 0.8500086851251323}","{""pop_size"": 100, ""max_iter"": 50, ""w_max"": 0.9, ""w_min"": 0.4, ""c1"": 2, ""c2"": 2}"
85,pso,ema_shared,25,fixed,-99466.8216754292,99466.8216754292,824.624886924937,51,6016.90848899852,False,"{""short_window"": 43.29147042604325, ""long_window"": 95.97851864983012, ""alpha"": 0.8227234462137853}","{""pop_size"": 100, ""max_iter"": 50, ""w_max"": 0.9, ""w_min"": 0.4, ""c1"": 2, ""c2"": 2}"
86,pso,ema_shared,27,fixed,-68125.4238794319,68125.4238794319,832.163480200433,51,5970.0166319999,False,"{""short_window"": 45.2, ""long_window"": 110.12120170365536, ""alpha"": 0.6681269504841063}","{""pop_size"": 100, ""max_iter"": 50, ""w_max"": 0.9, ""w_min"": 0.4, ""c1"": 2, ""c2"": 2}"
87,pso,ema_independent,0,fixed,-11840.3452459298,11840.3452459298,4296.9696617001,51,5885.8214310003,False,"{""short_window"": 46.43990488718409, ""long_window"": 72.05167022920702, ""alpha_short"": 1e-06, ""alpha_long"": 0.15015559527668726}","{""pop_size"": 100, ""max_iter"": 50, ""w_max"": 0.9, ""w_min"": 0.4, ""c1"": 2, ""c2"": 2}"
88,pso,ema_shared,26,fixed,-76515.294341244,76515.294341244,866.876373817598,51,6096.70308100067,False,"{""short_window"": 28.424488055385705, ""long_window"": 154.68714652589617, ""alpha"": 0.7573069143653117}","{""pop_size"": 100, ""max_iter"": 50, ""w_max"": 0.9, ""w_min"": 0.4, ""c1"": 2, ""c2"": 2}"
89,pso,ema_shared,28,fixed,-111680.523891444,111680.523891444,875.851627267243,51,6031.67330500037,False,"{""short_window"": 32.578187628496515, ""long_window"": 146.0803034868523, ""alpha"": 0.8017213635978884}","{""pop_size"": 100, ""max_iter"": 50, ""w_max"": 0.9, ""w_min"": 0.4, ""c1"": 2, ""c2"": 2}"
90,pso,ema_shared,29,fixed,-124872.07176659,124872.07176659,3304.54012996277,51,6059.51584899958,False,"{""short_window"": 36.3023831277227, ""long_window"": 155.20602968987055, ""alpha"": 0.7331915545496294}","{""pop_size"": 100, ""max_iter"": 50, ""w_max"": 0.9, ""w_min"": 0.4, ""c1"": 2, ""c2"": 2}"
91,pso,ema_independent,1,fixed,-11840.3452459298,11840.3452459298,4296.9696617001,51,6022.04379199975,False,"{""short_window"": 46.08416712333758, ""long_window"": 106.31401397262059, ""alpha_short"": 1e-06, ""alpha_long"": 0.1498242960857048}","{""pop_size"": 100, ""max_iter"": 50, ""w_max"": 0.9, ""w_min"": 0.4, ""c1"": 2, ""c2"": 2}"
92,pso,ema_independent,4,fixed,-11840.3452459298,11840.3452459298,4296.9696617001,51,6011.2359040013,False,"{""short_window"": 46.2064740109233, ""long_window"": 109.40552186744341, ""alpha_short"": 1e-06, ""alpha_long"": 0.1504688316372384}","{""pop_size"": 100, ""max_iter"": 50, ""w_max"": 0.9, ""w_min"": 0.4, ""c1"": 2, ""c2"": 2}"
93,pso,ema_independent,3,fixed,-11840.3452459298,11840.3452459298,4296.9696617001,51,6017.09926900003,False,"{""short_window"": 45.79672276734245, ""long_window"": 115.26494419268124, ""alpha_short"": 1e-06, ""alpha_long"": 0.1502207828038136}","{""pop_size"": 100, ""max_iter"": 50, ""w_max"": 0.9, ""w_min"": 0.4, ""c1"": 2, ""c2"": 2}"
94,pso,ema_independent,2,fixed,-11840.3452459298,11840.3452459298,4296.9696617001,51,6066.43934900058,False,"{""short_window"": 46.337086340830936, ""long_window"": 152.49733863652446, ""alpha_short"": 1e-06, ""alpha_long"": 0.15014035585014948}","{""pop_size"": 100, ""max_iter"": 50, ""w_max"": 0.9, ""w_min"": 0.4, ""c1"": 2, ""c2"": 2}"
95,pso,ema_independent,5,fixed,-11075.5219776395,11075.5219776395,1300.24334216406,51,6025.4551909984,False,"{""short_window"": 27.853850905105602, ""long_window"": 81.41648195169823, ""alpha_short"": 1e-06, ""alpha_long"": 0.07556986847321598}","{""pop_size"": 100, ""max_iter"": 50, ""w_max"": 0.9, ""w_min"": 0.4, ""c1"": 2, ""c2"": 2}"
96,pso,ema_independent,6,fixed,-11840.3452459298,11840.3452459298,4296.9696617001,51,6011.34706700032,False,"{""short_window"": 45.67692639574936, ""long_window"": 151.626570754364, ""alpha_short"": 1e-06, ""alpha_long"": 0.15025587191154796}","{""pop_size"": 100, ""max_iter"": 50, ""w_max"": 0.9, ""w_min"": 0.4, ""c1"": 2, ""c2"": 2}"
97,pso,ema_independent,8,fixed,-11840.3452459298,11840.3452459298,4296.9696617001,51,5975.68429499916,False,"{""short_window"": 45.668393264717785, ""long_window"": 133.67228488516858, ""alpha_short"": 1e-06, ""alpha_long"": 0.14998592616368872}","{""pop_size"": 100, ""max_iter"": 50, ""w_max"": 0.9, ""w_min"": 0.4, ""c1"": 2, ""c2"": 2}"
98,pso,ema_independent,9,fixed,-11840.3452459298,11840.3452459298,4296.9696617001,51,5976.89370899934,False,"{""short_window"": 45.82393668492099, ""long_window"": 133.63601126827712, ""alpha_short"": 1e-06, ""alpha_long"": 0.15015154376500428}","{""pop_size"": 100, ""max_iter"": 50, ""w_max"": 0.9, ""w_min"": 0.4, ""c1"": 2, ""c2"": 2}"
99,pso,ema_independent,7,fixed,-15303.7734989204,15303.7734989204,1367.4683015589,51,6080.32761899995,False,"{""short_window"": 27.59143430095208, ""long_window"": 133.86242086733745, ""alpha_short"": 0.08042477460559438, ""alpha_long"": 0.10765272072219305}","{""pop_size"": 100, ""max_iter"": 50, ""w_max"": 0.9, ""w_min"": 0.4, ""c1"": 2, ""c2"": 2}"
100,pso,ema_independent,11,fixed,-13197.0714221487,13197.0714221487,4565.80075862048,51,5973.28789400126,False,"{""short_window"": 50.0, ""long_window"": 125.93728314718174, ""alpha_short"": 0.039086103375405225, ""alpha_long"": 0.09132086890286983}","{""pop_size"": 100, ""max_iter"": 50, ""w_max"": 0.9, ""w_min"": 0.4, ""c1"": 2, ""c2"": 2}"
101,pso,ema_independent,10,fixed,-13212.532211848,13212.532211848,1295.31106984554,51,6089.17917399958,False,"{""short_window"": 29.046688479318817, ""long_window"": 154.7210155129048, ""alpha_short"": 0.011539774833931645, ""alpha_long"": 0.07788845740467838}","{""pop_size"": 100, ""max_iter"": 50, ""w_max"": 0.9, ""w_min"": 0.4, ""c1"": 2, ""c2"": 2}"
102,pso,ema_independent,13,fixed,-13103.1797607754,13103.1797607754,1337.31523255416,51,5946.26295499984,False,"{""short_window"": 28.942029798446164, ""long_window"": 89.46839784776763, ""alpha_short"": 0.009452347971811234, ""alpha_long"": 0.07701783598015874}","{""pop_size"": 100, ""max_iter"": 50, ""w_max"": 0.9, ""w_min"": 0.4, ""c1"": 2, ""c2"": 2}"
103,pso,ema_independent,12,fixed,-11840.3452459298,11840.3452459298,4296.9696617001,51,6077.67254099963,False,"{""short_window"": 45.629870793378956, ""long_window"": 173.73036586464804, ""alpha_short"": 1e-06, ""alpha_long"": 0.14986948742663753}","{""pop_size"": 100, ""max_iter"": 50, ""w_max"": 0.9, ""w_min"": 0.4, ""c1"": 2, ""c2"": 2}"
104,pso,ema_independent,14,fixed,-11840.3452459298,11840.3452459298,4296.9696617001,51,5938.64853899868,False,"{""short_window"": 46.17472801231557, ""long_window"": 90.17550044128845, ""alpha_short"": 1e-06, ""alpha_long"": 0.15011743666789318}","{""pop_size"": 100, ""max_iter"": 50, ""w_max"": 0.9, ""w_min"": 0.4, ""c1"": 2, ""c2"": 2}"
105,pso,ema_independent,15,fixed,-11121.4400304434,11121.4400304434,1569.44759138293,51,6000.95027999851,False,"{""short_window"": 31.857311400693604, ""long_window"": 101.41318933936748, ""alpha_short"": 0.06225944155249405, ""alpha_long"": 0.09879032910691489}","{""pop_size"": 100, ""max_iter"": 50, ""w_max"": 0.9, ""w_min"": 0.4, ""c1"": 2, ""c2"": 2}"
106,pso,ema_independent,16,fixed,-15303.7734989204,15303.7734989204,1382.16849424154,51,6059.05168400022,False,"{""short_window"": 27.871814796356432, ""long_window"": 141.05157665228663, ""alpha_short"": 0.08023419600606065, ""alpha_long"": 0.1075351110564091}","{""pop_size"": 100, ""max_iter"": 50, ""w_max"": 0.9, ""w_min"": 0.4, ""c1"": 2, ""c2"": 2}"
107,pso,ema_independent,17,fixed,-15303.7734989204,15303.7734989204,1367.4683015589,51,6065.54300899916,False,"{""short_window"": 28.197136549758316, ""long_window"": 130.54271057531074, ""alpha_short"": 0.08041822903459214, ""alpha_long"": 0.10765012815543638}","{""pop_size"": 100, ""max_iter"": 50, ""w_max"": 0.9, ""w_min"": 0.4, ""c1"": 2, ""c2"": 2}"
108,pso,ema_independent,18,fixed,-11840.3452459298,11840.3452459298,4296.9696617001,51,5960.38891299941,False,"{""short_window"": 45.6710852462272, ""long_window"": 113.79933557254634, ""alpha_short"": 1e-06, ""alpha_long"": 0.15020903548606165}","{""pop_size"": 100, ""max_iter"": 50, ""w_max"": 0.9, ""w_min"": 0.4, ""c1"": 2, ""c2"": 2}"
109,pso,ema_independent,19,fixed,-11840.3452459298,11840.3452459298,4296.9696617001,51,5959.39279699996,False,"{""short_window"": 46.10515998494042, ""long_window"": 112.5467807453294, ""alpha_short"": 1e-06, ""alpha_long"": 0.15040645181154896}","{""pop_size"": 100, ""max_iter"": 50, ""w_max"": 0.9, ""w_min"": 0.4, ""c1"": 2, ""c2"": 2}"
110,pso,ema_independent,21,fixed,-11840.3452459298,11840.3452459298,4296.9696617001,51,5914.54759999942,False,"{""short_window"": 46.12449885159436, ""long_window"": 65.9090830753821, ""alpha_short"": 0.00012126843710432388, ""alpha_long"": 0.15024260991873145}","{""pop_size"": 100, ""max_iter"": 50, ""w_max"": 0.9, ""w_min"": 0.4, ""c1"": 2, ""c2"": 2}"
111,pso,ema_independent,22,fixed,-11840.3452459298,11840.3452459298,4296.9696617001,51,5948.39267700081,False,"{""short_window"": 46.25763400857077, ""long_window"": 119.45191720067955, ""alpha_short"": 1e-06, ""alpha_long"": 0.15011600431008684}","{""pop_size"": 100, ""max_iter"": 50, ""w_max"": 0.9, ""w_min"": 0.4, ""c1"": 2, ""c2"": 2}"
112,pso,ema_independent,20,fixed,-10401.3875926062,10401.3875926062,1201.22965734127,51,6081.91068900123,False,"{""short_window"": 27.916251789539633, ""long_window"": 159.9388737812349, ""alpha_short"": 1e-06, ""alpha_long"": 0.07772283738388683}","{""pop_size"": 100, ""max_iter"": 50, ""w_max"": 0.9, ""w_min"": 0.4, ""c1"": 2, ""c2"": 2}"
113,pso,ema_independent,24,fixed,-11840.3452459298,11840.3452459298,4296.9696617001,51,5955.00069400077,False,"{""short_window"": 45.80749017795951, ""long_window"": 103.05637259793814, ""alpha_short"": 1e-06, ""alpha_long"": 0.1500238221723429}","{""pop_size"": 100, ""max_iter"": 50, ""w_max"": 0.9, ""w_min"": 0.4, ""c1"": 2, ""c2"": 2}"
114,pso,ema_independent,26,fixed,-11840.3452459298,11840.3452459298,4296.9696617001,51,5960.607721001,False,"{""short_window"": 46.40884771452201, ""long_window"": 87.29870505810584, ""alpha_short"": 1e-06, ""alpha_long"": 0.15047613323327594}","{""pop_size"": 100, ""max_iter"": 50, ""w_max"": 0.9, ""w_min"": 0.4, ""c1"": 2, ""c2"": 2}"
115,pso,ema_independent,25,fixed,-11075.5219776395,11075.5219776395,1271.084277656,51,5980.06922499917,False,"{""short_window"": 28.079884036781994, ""long_window"": 81.60869504630308, ""alpha_short"": 1e-06, ""alpha_long"": 0.07564636070030156}","{""pop_size"": 100, ""max_iter"": 50, ""w_max"": 0.9, ""w_min"": 0.4, ""c1"": 2, ""c2"": 2}"
116,pso,ema_independent,23,fixed,-13252.3603697366,13252.3603697366,1295.31106984554,51,6066.72022500061,False,"{""short_window"": 28.76844084419226, ""long_window"": 123.32123897923907, ""alpha_short"": 0.011598645159013191, ""alpha_long"": 0.0778823704594896}","{""pop_size"": 100, ""max_iter"": 50, ""w_max"": 0.9, ""w_min"": 0.4, ""c1"": 2, ""c2"": 2}"
117,pso,ema_independent,27,fixed,-11840.3452459298,11840.3452459298,4296.9696617001,51,6131.0256730012,False,"{""short_window"": 46.058034585447515, ""long_window"": 160.02052360155332, ""alpha_short"": 1e-06, ""alpha_long"": 0.1504825579942421}","{""pop_size"": 100, ""max_iter"": 50, ""w_max"": 0.9, ""w_min"": 0.4, ""c1"": 2, ""c2"": 2}"
118,pso,ema_independent,28,fixed,-11840.3452459298,11840.3452459298,4296.9696617001,51,6075.6134910007,False,"{""short_window"": 46.2465585250955, ""long_window"": 139.63003694084588, ""alpha_short"": 1e-06, ""alpha_long"": 0.1500130881702986}","{""pop_size"": 100, ""max_iter"": 50, ""w_max"": 0.9, ""w_min"": 0.4, ""c1"": 2, ""c2"": 2}"
119,pso,ema_independent,29,fixed,-13252.3603697366,13252.3603697366,1295.31106984554,51,6047.5055270017,False,"{""short_window"": 28.648214981494075, ""long_window"": 106.66069789715847, ""alpha_short"": 0.011783412058953769, ""alpha_long"": 0.07791471115326297}","{""pop_size"": 100, ""max_iter"": 50, ""w_max"": 0.9, ""w_min"": 0.4, ""c1"": 2, ""c2"": 2}"
120,pso,weighted,0,fixed,-12327.2639610366,12327.2639610366,5407.99329717335,51,6670.30967500068,False,"{""high_w1"": 0.6773956846226585, ""high_w2"": 0.2975078860015865, ""high_w3"": 0.32113191785328465, ""high_d1"": 43.217998312945596, ""high_d2"": 21.3084031022516, ""high_d3"": 31.974706461888587, ""high_alpha3"": 0.146509237718564, ""low_w1"": 0.43222730430382483, ""low_w2"": 0.21925409701687634, ""low_w3"": 0.3474308141901039, ""low_d1"": 8.121206174791972, ""low_d2"": 18.0760619981454, ""low_d3"": 13.112738075583051, ""low_alpha3"": 0.04803788555217277}","{""pop_size"": 100, ""max_iter"": 50, ""w_max"": 0.9, ""w_min"": 0.4, ""c1"": 2, ""c2"": 2}"
121,pso,weighted,1,fixed,-12370.1609344891,12370.1609344891,5456.46171223965,51,6682.06920599914,False,"{""high_w1"": 0.6157670052097715, ""high_w2"": 0.4196504288731097, ""high_w3"": 0.48814084615699804, ""high_d1"": 44.84314317368548, ""high_d2"": 27.738191534114556, ""high_d3"": 18.309823828626158, ""high_alpha3"": 0.593033774171816, ""low_w1"": 0.29717738660265536, ""low_w2"": 0.6024747999545578, ""low_w3"": 0.5690818468073842, ""low_d1"": 9.645176392615992, ""low_d2"": 27.66532582707948, ""low_d3"": 18.544190885716514, ""low_alpha3"": 0.5478598477325979}","{""pop_size"": 100, ""max_iter"": 50, ""w_max"": 0.9, ""w_min"": 0.4, ""c1"": 2, ""c2"": 2}"
122,pso,weighted,3,fixed,-12384.396878737,12384.396878737,4742.93937403572,51,6686.48308199954,False,"{""high_w1"": 0.5077758780128404, ""high_w2"": 0.4235189206343935, ""high_w3"": 0.607958416401344, ""high_d1"": 48.04028373585674, ""high_d2"": 21.52702851980996, ""high_d3"": 25.760458380673892, ""high_alpha3"": 0.7123194599657875, ""low_w1"": 0.7340546764627953, ""low_w2"": 0.6487731931060823, ""low_w3"": 0.7081640019069461, ""low_d1"": 16.750158508760045, ""low_d2"": 9.8477177696062, ""low_d3"": 28.60185104511081, ""low_alpha3"": 0.8286135368304198}","{""pop_size"": 100, ""max_iter"": 50, ""w_max"": 0.9, ""w_min"": 0.4, ""c1"": 2, ""c2"": 2}"
123,pso,weighted,2,fixed,-12229.8986055721,12229.8986055721,4228.20643611231,51,6860.58584800048,False,"{""high_w1"": 0.8550683903968243, ""high_w2"": 0.6452042858111972, ""high_w3"": 0.7047306006296761, ""high_d1"": 46.60577480858637, ""high_d2"": 23.043264139429073, ""high_d3"": 44.16024754612825, ""high_alpha3"": 0.4093159995514218, ""low_w1"": 0.30846280655284675, ""low_w2"": 0.6496712319814636, ""low_w3"": 0.5283409964227979, ""low_d1"": 18.267132983830315, ""low_d2"": 15.099858032620146, ""low_d3"": 21.262781952895313, ""low_alpha3"": 0.40873427012384084}","{""pop_size"": 100, ""max_iter"": 50, ""w_max"": 0.9, ""w_min"": 0.4, ""c1"": 2, ""c2"": 2}"
124,pso,weighted,4,fixed,-13004.4901020278,13004.4901020278,5564.78853609909,51,6814.69809299961,False,"{""high_w1"": 0.6013461413373962, ""high_w2"": 0.23089770637224805, ""high_w3"": 0.23694616169078897, ""high_d1"": 44.98547602232645, ""high_d2"": 28.179410902249654, ""high_d3"": 26.58177202914356, ""high_alpha3"": 0.5916818922589523, ""low_w1"": 0.4338348498290091, ""low_w2"": 0.49710894326416044, ""low_w3"": 0.5742606641485082, ""low_d1"": 12.419058888898798, ""low_d2"": 30.483455682458324, ""low_d3"": 45.61171589327869, ""low_alpha3"": 0.3796335883905045}","{""pop_size"": 100, ""max_iter"": 50, ""w_max"": 0.9, ""w_min"": 0.4, ""c1"": 2, ""c2"": 2}"
125,pso,weighted,5,fixed,-11402.7989222101,11402.7989222101,4577.08475612976,51,6849.29408599965,False,"{""high_w1"": 0.605697152908662, ""high_w2"": 0.8862442387208254, ""high_w3"": 0.32153223547400017, ""high_d1"": 29.65319154580996, ""high_d2"": 49.92042242448037, ""high_d3"": 32.21325634386826, ""high_alpha3"": 0.5321689616350838, ""low_w1"": 0.5487596425202542, ""low_w2"": 0.4469670303118477, ""low_w3"": 0.21291989671790426, ""low_d1"": 30.137999034480213, ""low_d2"": 14.291343348955603, ""low_d3"": 13.76305049836196, ""low_alpha3"": 0.33390858469361095}","{""pop_size"": 100, ""max_iter"": 50, ""w_max"": 0.9, ""w_min"": 0.4, ""c1"": 2, ""c2"": 2}"
126,pso,weighted,7,fixed,-11755.7366643585,11755.7366643585,5187.92654921029,51,6786.31876100008,False,"{""high_w1"": 0.779412047932103, ""high_w2"": 0.4240964982399787, ""high_w3"": 0.4870422941188465, ""high_d1"": 47.52761731697126, ""high_d2"": 32.29400240447637, ""high_d3"": 34.60413998545609, ""high_alpha3"": 0.30472766857262745, ""low_w1"": 0.7140764970992332, ""low_w2"": 0.20253128804329776, ""low_w3"": 0.5181284292560435, ""low_d1"": 15.19919656303701, ""low_d2"": 19.788743880618963, ""low_d3"": 20.075360016797415, ""low_alpha3"": 0.3149408359797576}","{""pop_size"": 100, ""max_iter"": 50, ""w_max"": 0.9, ""w_min"": 0.4, ""c1"": 2, ""c2"": 2}"
127,pso,weighted,8,fixed,-12639.3848001715,12639.3848001715,4123.34841931578,51,6805.19224099953,False,"{""high_w1"": 0.7191505076900254, ""high_w2"": 0.5236044271355578, ""high_w3"": 0.354150089578128, ""high_d1"": 47.98413115198995, ""high_d2"": 22.193374778358983, ""high_d3"": 24.272294853799142, ""high_alpha3"": 0.7090220449511838, ""low_w1"": 0.5618757205372195, ""low_w2"": 0.7611663420731497, ""low_w3"": 0.2479123669244505, ""low_d1"": 18.370943395798975, ""low_d2"": 11.958163318309145, ""low_d3"": 32.654134075738725, ""low_alpha3"": 0.6944289248469516}","{""pop_size"": 100, ""max_iter"": 50, ""w_max"": 0.9, ""w_min"": 0.4, ""c1"": 2, ""c2"": 2}"
128,pso,weighted,6,fixed,-13550.638841366,13550.638841366,4639.7708945418,51,6880.3757099995,False,"{""high_w1"": 0.6273620650894024, ""high_w2"": 0.21522569390200047, ""high_w3"": 0.36016455618063165, ""high_d1"": 44.754731027909656, ""high_d2"": 41.481429270607926, ""high_d3"": 20.654060905617836, ""high_alpha3"": 0.5030818680108923, ""low_w1"": 0.3430249966785266, ""low_w2"": 0.615590170786084, ""low_w3"": 0.6441660128865094, ""low_d1"": 38.49545829065406, ""low_d2"": 18.822730276077507, ""low_d3"": 30.490304438572753, ""low_alpha3"": 0.3901045505014347}","{""pop_size"": 100, ""max_iter"": 50, ""w_max"": 0.9, ""w_min"": 0.4, ""c1"": 2, ""c2"": 2}"
129,pso,weighted,9,fixed,-11856.4410243695,11856.4410243695,4966.93335720923,51,6693.00484800078,False,"{""high_w1"": 0.4644424337633491, ""high_w2"": 0.5610701482699839, ""high_w3"": 0.5543640401929704, ""high_d1"": 45.694060314215406, ""high_d2"": 37.688724991269424, ""high_d3"": 8.089279683756498, ""high_alpha3"": 0.4025573219739999, ""low_w1"": 0.7095488307396051, ""low_w2"": 0.516522548367321, ""low_w3"": 0.6628743862956773, ""low_d1"": 9.06010516886598, ""low_d2"": 24.982411130146215, ""low_d3"": 20.72151551507039, ""low_alpha3"": 0.47462701742841884}","{""pop_size"": 100, ""max_iter"": 50, ""w_max"": 0.9, ""w_min"": 0.4, ""c1"": 2, ""c2"": 2}"
130,pso,weighted,10,fixed,-12990.909456524,12990.909456524,4751.71977718958,51,6816.22377500025,False,"{""high_w1"": 0.5243504550066082, ""high_w2"": 0.6289152898022432, ""high_w3"": 0.4799005756572963, ""high_d1"": 45.832444203465, ""high_d2"": 44.52355527199535, ""high_d3"": 18.767107124530494, ""high_alpha3"": 0.3875418828251159, ""low_w1"": 0.4220417416985712, ""low_w2"": 0.49481830722661585, ""low_w3"": 0.4860500315392056, ""low_d1"": 36.99927679442996, ""low_d2"": 19.8678375743073, ""low_d3"": 28.16023964455572, ""low_alpha3"": 0.31700923012487675}","{""pop_size"": 100, ""max_iter"": 50, ""w_max"": 0.9, ""w_min"": 0.4, ""c1"": 2, ""c2"": 2}"
131,pso,weighted,11,fixed,-11602.1304729857,11602.1304729857,5277.77884631848,51,6887.06469099998,False,"{""high_w1"": 0.698732968517442, ""high_w2"": 0.48948619648057523, ""high_w3"": 0.5908079794398292, ""high_d1"": 48.01163206035918, ""high_d2"": 33.716506026991, ""high_d3"": 31.501865163484005, ""high_alpha3"": 0.48295286559769385, ""low_w1"": 0.5366244087410564, ""low_w2"": 0.8543323320282334, ""low_w3"": 0.8220905134206594, ""low_d1"": 15.739379559417188, ""low_d2"": 21.161691950772905, ""low_d3"": 35.050513722307635, ""low_alpha3"": 0.4853493577797863}","{""pop_size"": 100, ""max_iter"": 50, ""w_max"": 0.9, ""w_min"": 0.4, ""c1"": 2, ""c2"": 2}"
132,pso,weighted,13,fixed,-11836.1885670989,11836.1885670989,5242.62999666553,51,6777.39784699952,False,"{""high_w1"": 0.6012255251157785, ""high_w2"": 0.4585468429486085, ""high_w3"": 0.3753187524421005, ""high_d1"": 47.42504904686435, ""high_d2"": 28.06709957509895, ""high_d3"": 18.29832961216289, ""high_alpha3"": 0.6491919597400386, ""low_w1"": 0.5505621701339047, ""low_w2"": 0.5752655628720353, ""low_w3"": 0.5112703301799955, ""low_d1"": 15.125674796579387, ""low_d2"": 23.64107742061807, ""low_d3"": 21.959226498064478, ""low_alpha3"": 0.5325473574583863}","{""pop_size"": 100, ""max_iter"": 50, ""w_max"": 0.9, ""w_min"": 0.4, ""c1"": 2, ""c2"": 2}"
133,pso,weighted,12,fixed,-12732.7778919766,12732.7778919766,4551.31752539868,51,6825.13788200049,False,"{""high_w1"": 0.5597589928852081, ""high_w2"": 0.6528828320661023, ""high_w3"": 0.3009852323261709, ""high_d1"": 48.48473800849576, ""high_d2"": 27.620385594556133, ""high_d3"": 23.06488868560109, ""high_alpha3"": 0.6836220676685969, ""low_w1"": 0.4804045431278265, ""low_w2"": 0.5017545150585344, ""low_w3"": 0.4867621710980336, ""low_d1"": 18.08801387275569, ""low_d2"": 16.645612471750965, ""low_d3"": 34.297002955643556, ""low_alpha3"": 0.4058324387438092}","{""pop_size"": 100, ""max_iter"": 50, ""w_max"": 0.9, ""w_min"": 0.4, ""c1"": 2, ""c2"": 2}"
134,pso,weighted,14,fixed,-11823.1728961499,11823.1728961499,5442.05524519843,51,6792.92091800016,False,"{""high_w1"": 0.5320180673472095, ""high_w2"": 0.38269310676431073, ""high_w3"": 0.2906395087411782, ""high_d1"": 44.26305554399655, ""high_d2"": 20.808078300101894, ""high_d3"": 33.83557595997375, ""high_alpha3"": 0.5027334909688359, ""low_w1"": 0.6750405890139933, ""low_w2"": 0.4391177575144842, ""low_w3"": 0.2522135169967268, ""low_d1"": 12.410070445390081, ""low_d2"": 21.170926576677434, ""low_d3"": 29.45159351109908, ""low_alpha3"": 0.7150551658516677}","{""pop_size"": 100, ""max_iter"": 50, ""w_max"": 0.9, ""w_min"": 0.4, ""c1"": 2, ""c2"": 2}"
135,pso,weighted,16,fixed,-11218.5596610272,11218.5596610272,4701.82787078536,51,6800.39398300141,False,"{""high_w1"": 0.7172737596344008, ""high_w2"": 0.6234255592706157, ""high_w3"": 0.6244485631976848, ""high_d1"": 45.05544534067793, ""high_d2"": 30.409513808770477, ""high_d3"": 41.995442645833165, ""high_alpha3"": 0.49679082061116764, ""low_w1"": 0.7151084019732126, ""low_w2"": 0.480447550868307, ""low_w3"": 0.673439674468914, ""low_d1"": 9.747884409098665, ""low_d2"": 25.978573142415414, ""low_d3"": 39.808923319892585, ""low_alpha3"": 0.49842650982827313}","{""pop_size"": 100, ""max_iter"": 50, ""w_max"": 0.9, ""w_min"": 0.4, ""c1"": 2, ""c2"": 2}"
136,pso,weighted,17,fixed,-12423.1515669539,12423.1515669539,5273.44220896111,51,6725.33003299941,False,"{""high_w1"": 0.5866805513540768, ""high_w2"": 0.16868239560919362, ""high_w3"": 0.3443563804661002, ""high_d1"": 47.99005631856911, ""high_d2"": 38.6516854824267, ""high_d3"": 12.83679251412124, ""high_alpha3"": 0.5833239635468267, ""low_w1"": 0.5830490703094732, ""low_w2"": 0.06369794083191996, ""low_w3"": 0.4914012130253929, ""low_d1"": 14.53585555284379, ""low_d2"": 25.30025556383254, ""low_d3"": 5.195957628946807, ""low_alpha3"": 0.4086690984872412}","{""pop_size"": 100, ""max_iter"": 50, ""w_max"": 0.9, ""w_min"": 0.4, ""c1"": 2, ""c2"": 2}"
137,pso,weighted,18,fixed,-11618.180916492,11618.180916492,4647.7889428028,51,6741.51400299888,False,"{""high_w1"": 0.5938455431852221, ""high_w2"": 0.3809875152854294, ""high_w3"": 0.15679710022167712, ""high_d1"": 40.161778806738475, ""high_d2"": 50.0, ""high_d3"": 30.280702524963573, ""high_alpha3"": 0.3176876179789828, ""low_w1"": 0.5920862888510592, ""low_w2"": 0.837160641275008, ""low_w3"": 0.9759613298609107, ""low_d1"": 13.163756759498682, ""low_d2"": 18.88143642818076, ""low_d3"": 11.046420286243148, ""low_alpha3"": 0.01}","{""pop_size"": 100, ""max_iter"": 50, ""w_max"": 0.9, ""w_min"": 0.4, ""c1"": 2, ""c2"": 2}"
138,pso,weighted,15,fixed,-10410.6664598622,10410.6664598622,4429.70493716453,51,6926.04016899895,False,"{""high_w1"": 0.4659416916185623, ""high_w2"": 0.5196055224302693, ""high_w3"": 0.507786356023767, ""high_d1"": 36.00726789131148, ""high_d2"": 41.401881204404084, ""high_d3"": 37.65140763969038, ""high_alpha3"": 0.534164043122643, ""low_w1"": 0.577682432309843, ""low_w2"": 0.41019815710139773, ""low_w3"": 0.5142847190428727, ""low_d1"": 18.753220074956168, ""low_d2"": 16.267302735716513, ""low_d3"": 24.28329523635566, ""low_alpha3"": 0.5533960593013916}","{""pop_size"": 100, ""max_iter"": 50, ""w_max"": 0.9, ""w_min"": 0.4, ""c1"": 2, ""c2"": 2}"
139,pso,weighted,21,fixed,-13892.046281565,13892.046281565,4946.42423303349,51,6766.00567600144,False,"{""high_w1"": 0.9216981329045193, ""high_w2"": 0.6205471006771907, ""high_w3"": 0.3110908211038151, ""high_d1"": 44.681196881133594, ""high_d2"": 38.23300741923131, ""high_d3"": 10.282975222186318, ""high_alpha3"": 0.31629841609471526, ""low_w1"": 0.37451658189882014, ""low_w2"": 0.5095912039082391, ""low_w3"": 0.5269728974643741, ""low_d1"": 30.72639374870928, ""low_d2"": 16.790878809009754, ""low_d3"": 19.453146242585994, ""low_alpha3"": 0.2304285838181356}","{""pop_size"": 100, ""max_iter"": 50, ""w_max"": 0.9, ""w_min"": 0.4, ""c1"": 2, ""c2"": 2}"
140,pso,weighted,19,fixed,-12341.6367904462,12341.6367904462,4914.61840991749,51,6883.10632799949,False,"{""high_w1"": 0.5274242155880144, ""high_w2"": 0.4113919014646409, ""high_w3"": 0.1635678930685319, ""high_d1"": 50.0, ""high_d2"": 33.350060160038375, ""high_d3"": 30.29141532816012, ""high_alpha3"": 0.01, ""low_w1"": 0.38892049089488423, ""low_w2"": 0.3824942989336271, ""low_w3"": 0.36672686964805545, ""low_d1"": 19.26387952410133, ""low_d2"": 16.929544876207075, ""low_d3"": 29.02114434794978, ""low_alpha3"": 0.18982153380978445}","{""pop_size"": 100, ""max_iter"": 50, ""w_max"": 0.9, ""w_min"": 0.4, ""c1"": 2, ""c2"": 2}"
141,pso,weighted,22,fixed,-12553.5688086412,12553.5688086412,5524.55329524345,51,6733.95943700052,False,"{""high_w1"": 0.8918000886787494, ""high_w2"": 0.46507693791523647, ""high_w3"": 0.16233311089343344, ""high_d1"": 43.98867744517124, ""high_d2"": 12.19278659685145, ""high_d3"": 19.424640081823988, ""high_alpha3"": 0.06593959122185725, ""low_w1"": 0.4204838058567613, ""low_w2"": 0.20598329893934234, ""low_w3"": 0.7982984888782454, ""low_d1"": 9.638320639492568, ""low_d2"": 42.04183987483705, ""low_d3"": 45.36868864371961, ""low_alpha3"": 0.17428226695741567}","{""pop_size"": 100, ""max_iter"": 50, ""w_max"": 0.9, ""w_min"": 0.4, ""c1"": 2, ""c2"": 2}"
142,pso,weighted,20,fixed,-13229.618574336,13229.618574336,4715.91332759455,51,6955.93120899866,False,"{""high_w1"": 0.7362796589500147, ""high_w2"": 0.4226129872725691, ""high_w3"": 0.5802803627405703, ""high_d1"": 46.39546899676043, ""high_d2"": 45.5575077814756, ""high_d3"": 25.279829170981795, ""high_alpha3"": 0.6208718042380094, ""low_w1"": 0.3030375471275279, ""low_w2"": 0.44670308941846554, ""low_w3"": 0.42899995779554934, ""low_d1"": 39.020341852258056, ""low_d2"": 18.4422193599516, ""low_d3"": 43.02227562235257, ""low_alpha3"": 0.5593859264828348}","{""pop_size"": 100, ""max_iter"": 50, ""w_max"": 0.9, ""w_min"": 0.4, ""c1"": 2, ""c2"": 2}"
143,pso,weighted,23,fixed,-11081.5860319895,11081.5860319895,3637.1188987407,51,6711.86173500064,False,"{""high_w1"": 0.6193371249303632, ""high_w2"": 0.6411742875382764, ""high_w3"": 0.4507182974495429, ""high_d1"": 44.200462690131026, ""high_d2"": 41.97932488220335, ""high_d3"": 4.266804866510011, ""high_alpha3"": 0.6499347065613403, ""low_w1"": 0.455231484231896, ""low_w2"": 0.24189839531897572, ""low_w3"": 0.3567671431052403, ""low_d1"": 9.889410316063541, ""low_d2"": 15.083411748346293, ""low_d3"": 29.847900413608507, ""low_alpha3"": 0.419080253462647}","{""pop_size"": 100, ""max_iter"": 50, ""w_max"": 0.9, ""w_min"": 0.4, ""c1"": 2, ""c2"": 2}"
144,abo,sma,0,fixed,-932.49722762536,932.49722762536,1180.27572148885,51,6243.75704000158,False,"{""short_window"": 48.631845396795185, ""long_window"": 196.84176355189464}","{""pop_size"": 100, ""max_iter"": 50, ""lp1"": 0.5, ""lp2"": 0.5, ""stagnation_limit"": 10}"
145,pso,weighted,24,fixed,-12987.5968649487,12987.5968649487,4448.39218034777,51,6637.97876100034,False,"{""high_w1"": 0.6650143853309839, ""high_w2"": 0.32453531368917, ""high_w3"": 0.29066721079134816, ""high_d1"": 48.48764454856736, ""high_d2"": 10.287062093233462, ""high_d3"": 35.636056984498126, ""high_alpha3"": 0.4309159732515264, ""low_w1"": 0.6557798587794402, ""low_w2"": 0.5312149382946917, ""low_w3"": 0.37971678855606594, ""low_d1"": 8.121941814291166, ""low_d2"": 19.98013472830898, ""low_d3"": 25.30101066645888, ""low_alpha3"": 0.39229049456446774}","{""pop_size"": 100, ""max_iter"": 50, ""w_max"": 0.9, ""w_min"": 0.4, ""c1"": 2, ""c2"": 2}"
146,abo,sma,3,fixed,-932.49722762536,932.49722762536,1180.27572148885,51,6129.50679000096,False,"{""short_window"": 48.84345870393115, ""long_window"": 197.05333868436227}","{""pop_size"": 100, ""max_iter"": 50, ""lp1"": 0.5, ""lp2"": 0.5, ""stagnation_limit"": 10}"
147,pso,weighted,25,fixed,-12767.053834091,12767.053834091,4751.03460726375,51,6703.55799900062,False,"{""high_w1"": 0.5754881444737515, ""high_w2"": 0.5326047509301441, ""high_w3"": 0.5128983133427992, ""high_d1"": 44.03799749865372, ""high_d2"": 45.06762628587881, ""high_d3"": 28.631907134564397, ""high_alpha3"": 0.2777143197684145, ""low_w1"": 0.7201614666263034, ""low_w2"": 0.47379735048898913, ""low_w3"": 0.542998691714974, ""low_d1"": 8.809837356264378, ""low_d2"": 11.927956437697889, ""low_d3"": 21.6946473066877, ""low_alpha3"": 0.18003092783479613}","{""pop_size"": 100, ""max_iter"": 50, ""w_max"": 0.9, ""w_min"": 0.4, ""c1"": 2, ""c2"": 2}"
148,abo,sma,2,fixed,-932.49722762536,932.49722762536,1180.27572148885,51,6233.93304000092,False,"{""short_window"": 49.08038070627984, ""long_window"": 197.20340149764536}","{""pop_size"": 100, ""max_iter"": 50, ""lp1"": 0.5, ""lp2"": 0.5, ""stagnation_limit"": 10}"
149,abo,sma,1,fixed,-932.49722762536,932.49722762536,1180.27572148885,51,6260.04262300012,False,"{""short_window"": 48.98172575838277, ""long_window"": 197.01989668543735}","{""pop_size"": 100, ""max_iter"": 50, ""lp1"": 0.5, ""lp2"": 0.5, ""stagnation_limit"": 10}"
150,pso,weighted,26,fixed,-12807.6862327725,12807.6862327725,4228.20643611231,51,6723.24324599867,False,"{""high_w1"": 0.955513528001249, ""high_w2"": 0.27463670666963125, ""high_w3"": 0.05, ""high_d1"": 46.93120257176004, ""high_d2"": 26.086127801593634, ""high_d3"": 36.63503567727873, ""high_alpha3"": 0.3387795791748853, ""low_w1"": 0.120306611128422, ""low_w2"": 0.6773320609944755, ""low_w3"": 0.2954129349747735, ""low_d1"": 16.818741694506063, ""low_d2"": 18.213040600511007, ""low_d3"": 19.20175956559209, ""low_alpha3"": 0.24588945888332595}","{""pop_size"": 100, ""max_iter"": 50, ""w_max"": 0.9, ""w_min"": 0.4, ""c1"": 2, ""c2"": 2}"
151,abo,sma,4,fixed,-931.175318631482,931.175318631482,1153.51007806138,51,6294.5990169992,False,"{""short_window"": 46.58712090036903, ""long_window"": 200.0}","{""pop_size"": 100, ""max_iter"": 50, ""lp1"": 0.5, ""lp2"": 0.5, ""stagnation_limit"": 10}"
152,abo,sma,5,fixed,-931.175318631482,931.175318631482,1153.51007806138,51,6269.59517799878,False,"{""short_window"": 46.731432245961464, ""long_window"": 200.0}","{""pop_size"": 100, ""max_iter"": 50, ""lp1"": 0.5, ""lp2"": 0.5, ""stagnation_limit"": 10}"
153,pso,weighted,29,fixed,-13402.8374516169,13402.8374516169,4692.18354441458,51,6704.45408200067,False,"{""high_w1"": 0.7135261256440968, ""high_w2"": 0.6779043816672712, ""high_w3"": 0.35754409578954943, ""high_d1"": 45.75859603030706, ""high_d2"": 26.20773555255561, ""high_d3"": 10.995170273888146, ""high_alpha3"": 0.43105297949247096, ""low_w1"": 0.3172558992631878, ""low_w2"": 0.4721566496085992, ""low_w3"": 0.8318807306792144, ""low_d1"": 15.071562490471297, ""low_d2"": 29.652417481973075, ""low_d3"": 37.35785819220967, ""low_alpha3"": 0.253691422051991}","{""pop_size"": 100, ""max_iter"": 50, ""w_max"": 0.9, ""w_min"": 0.4, ""c1"": 2, ""c2"": 2}"
154,pso,weighted,27,fixed,-12022.6882557728,12022.6882557728,4647.45752707326,51,6740.99059999935,False,"{""high_w1"": 0.6212204167383787, ""high_w2"": 0.7344483292224435, ""high_w3"": 0.33109546601754064, ""high_d1"": 48.982864895320084, ""high_d2"": 37.52165071079858, ""high_d3"": 33.23193430513366, ""high_alpha3"": 0.6143818368503517, ""low_w1"": 0.10826106226462323, ""low_w2"": 0.7020249095638355, ""low_w3"": 0.13973017751765257, ""low_d1"": 7.866797609542642, ""low_d2"": 14.797002543813086, ""low_d3"": 25.733872591993062, ""low_alpha3"": 0.7310254360393006}","{""pop_size"": 100, ""max_iter"": 50, ""w_max"": 0.9, ""w_min"": 0.4, ""c1"": 2, ""c2"": 2}"
155,pso,weighted,28,fixed,-12259.9739124722,12259.9739124722,4680.96421528461,51,6877.23092699889,False,"{""high_w1"": 0.6437849846524795, ""high_w2"": 0.5478212910051842, ""high_w3"": 0.7382337548790313, ""high_d1"": 50.0, ""high_d2"": 37.452718906977566, ""high_d3"": 28.270327041118268, ""high_alpha3"": 0.5441731741307233, ""low_w1"": 0.23651795074224294, ""low_w2"": 0.47671449072899663, ""low_w3"": 0.462624913624792, ""low_d1"": 18.90360833873599, ""low_d2"": 12.87632605837016, ""low_d3"": 27.359433178763627, ""low_alpha3"": 0.5947640989180814}","{""pop_size"": 100, ""max_iter"": 50, ""w_max"": 0.9, ""w_min"": 0.4, ""c1"": 2, ""c2"": 2}"
156,abo,sma,7,fixed,-931.175318631482,931.175318631482,1153.51007806138,51,6183.58300600085,False,"{""short_window"": 47.485709342802515, ""long_window"": 200.0}","{""pop_size"": 100, ""max_iter"": 50, ""lp1"": 0.5, ""lp2"": 0.5, ""stagnation_limit"": 10}"
157,abo,sma,6,fixed,-932.49722762536,932.49722762536,1180.27572148885,51,6309.91392000033,False,"{""short_window"": 49.16109178827011, ""long_window"": 196.63156612054644}","{""pop_size"": 100, ""max_iter"": 50, ""lp1"": 0.5, ""lp2"": 0.5, ""stagnation_limit"": 10}"
158,abo,sma,8,fixed,-932.49722762536,932.49722762536,1180.27572148885,51,6184.80702799934,False,"{""short_window"": 49.09318131457021, ""long_window"": 196.9753217499956}","{""pop_size"": 100, ""max_iter"": 50, ""lp1"": 0.5, ""lp2"": 0.5, ""stagnation_limit"": 10}"
159,abo,sma,11,fixed,-932.49722762536,932.49722762536,1180.27572148885,51,6187.54096599878,False,"{""short_window"": 49.312920097870176, ""long_window"": 197.3098845446462}","{""pop_size"": 100, ""max_iter"": 50, ""lp1"": 0.5, ""lp2"": 0.5, ""stagnation_limit"": 10}"
160,abo,sma,10,fixed,-932.49722762536,932.49722762536,1180.27572148885,51,6209.65500400052,False,"{""short_window"": 48.847164726353874, ""long_window"": 197.4611730818155}","{""pop_size"": 100, ""max_iter"": 50, ""lp1"": 0.5, ""lp2"": 0.5, ""stagnation_limit"": 10}"
161,abo,sma,9,fixed,-932.49722762536,932.49722762536,1180.27572148885,51,6331.35316100015,False,"{""short_window"": 48.89623383966197, ""long_window"": 196.52125821202355}","{""pop_size"": 100, ""max_iter"": 50, ""lp1"": 0.5, ""lp2"": 0.5, ""stagnation_limit"": 10}"
162,abo,sma,12,fixed,-931.175318631482,931.175318631482,1153.51007806138,51,6288.58811099963,False,"{""short_window"": 46.68145678439784, ""long_window"": 200.0}","{""pop_size"": 100, ""max_iter"": 50, ""lp1"": 0.5, ""lp2"": 0.5, ""stagnation_limit"": 10}"
163,abo,sma,14,fixed,-932.49722762536,932.49722762536,1180.27572148885,51,6209.37960800075,False,"{""short_window"": 49.28328909792393, ""long_window"": 197.40287824060954}","{""pop_size"": 100, ""max_iter"": 50, ""lp1"": 0.5, ""lp2"": 0.5, ""stagnation_limit"": 10}"
164,abo,sma,13,fixed,-932.49722762536,932.49722762536,1180.27572148885,51,6318.98172000001,False,"{""short_window"": 48.996378357959784, ""long_window"": 197.47458179644838}","{""pop_size"": 100, ""max_iter"": 50, ""lp1"": 0.5, ""lp2"": 0.5, ""stagnation_limit"": 10}"
165,abo,sma,15,fixed,-932.49722762536,932.49722762536,1180.27572148885,51,6285.66402099932,False,"{""short_window"": 48.58443366012807, ""long_window"": 196.7280507295497}","{""pop_size"": 100, ""max_iter"": 50, ""lp1"": 0.5, ""lp2"": 0.5, ""stagnation_limit"": 10}"
166,abo,sma,17,fixed,-932.49722762536,932.49722762536,1180.27572148885,51,6151.0438990008,False,"{""short_window"": 48.78530900507134, ""long_window"": 196.80497744504598}","{""pop_size"": 100, ""max_iter"": 50, ""lp1"": 0.5, ""lp2"": 0.5, ""stagnation_limit"": 10}"
167,abo,sma,16,fixed,-931.175318631482,931.175318631482,1153.51007806138,51,6298.82135300068,False,"{""short_window"": 47.047403373740195, ""long_window"": 200.0}","{""pop_size"": 100, ""max_iter"": 50, ""lp1"": 0.5, ""lp2"": 0.5, ""stagnation_limit"": 10}"
168,abo,sma,18,fixed,-931.175318631482,931.175318631482,1153.51007806138,51,6114.36410399983,False,"{""short_window"": 46.55880494078404, ""long_window"": 200.0}","{""pop_size"": 100, ""max_iter"": 50, ""lp1"": 0.5, ""lp2"": 0.5, ""stagnation_limit"": 10}"
169,abo,sma,19,fixed,-932.49722762536,932.49722762536,1180.27572148885,51,6224.5694860012,False,"{""short_window"": 48.559310231346444, ""long_window"": 196.83991896240937}","{""pop_size"": 100, ""max_iter"": 50, ""lp1"": 0.5, ""lp2"": 0.5, ""stagnation_limit"": 10}"
170,abo,sma,22,fixed,-932.49722762536,932.49722762536,1180.27572148885,51,6188.96841800051,False,"{""short_window"": 48.524704088039094, ""long_window"": 196.8598493180593}","{""pop_size"": 100, ""max_iter"": 50, ""lp1"": 0.5, ""lp2"": 0.5, ""stagnation_limit"": 10}"
171,abo,sma,20,fixed,-932.49722762536,932.49722762536,1180.27572148885,51,6308.08854300085,False,"{""short_window"": 49.06021279410405, ""long_window"": 197.38002594059068}","{""pop_size"": 100, ""max_iter"": 50, ""lp1"": 0.5, ""lp2"": 0.5, ""stagnation_limit"": 10}"
172,abo,sma,21,fixed,-931.175318631482,931.175318631482,1153.51007806138,51,6294.88608200154,False,"{""short_window"": 46.66041409648622, ""long_window"": 200.0}","{""pop_size"": 100, ""max_iter"": 50, ""lp1"": 0.5, ""lp2"": 0.5, ""stagnation_limit"": 10}"
173,abo,sma,23,fixed,-932.49722762536,932.49722762536,1180.27572148885,51,6179.13239900008,False,"{""short_window"": 48.6229500773816, ""long_window"": 197.46895942835596}","{""pop_size"": 100, ""max_iter"": 50, ""lp1"": 0.5, ""lp2"": 0.5, ""stagnation_limit"": 10}"
174,abo,sma,24,fixed,-931.175318631482,931.175318631482,1153.51007806138,51,6309.45517200053,False,"{""short_window"": 46.93720745334546, ""long_window"": 200.0}","{""pop_size"": 100, ""max_iter"": 50, ""lp1"": 0.5, ""lp2"": 0.5, ""stagnation_limit"": 10}"
175,abo,sma,26,fixed,-932.49722762536,932.49722762536,1180.27572148885,51,6226.54176200012,False,"{""short_window"": 48.81170340306712, ""long_window"": 197.0910431226394}","{""pop_size"": 100, ""max_iter"": 50, ""lp1"": 0.5, ""lp2"": 0.5, ""stagnation_limit"": 10}"
176,abo,sma,25,fixed,-932.49722762536,932.49722762536,1180.27572148885,51,6327.31675300056,False,"{""short_window"": 48.532445829932755, ""long_window"": 197.34916104777017}","{""pop_size"": 100, ""max_iter"": 50, ""lp1"": 0.5, ""lp2"": 0.5, ""stagnation_limit"": 10}"
177,abo,sma,29,fixed,-932.49722762536,932.49722762536,1180.27572148885,51,6203.38888799961,False,"{""short_window"": 48.93764425646083, ""long_window"": 197.0933077777259}","{""pop_size"": 100, ""max_iter"": 50, ""lp1"": 0.5, ""lp2"": 0.5, ""stagnation_limit"": 10}"
178,abo,sma,27,fixed,-931.175318631482,931.175318631482,1153.51007806138,51,6296.31783399964,False,"{""short_window"": 46.57150234976705, ""long_window"": 200.0}","{""pop_size"": 100, ""max_iter"": 50, ""lp1"": 0.5, ""lp2"": 0.5, ""stagnation_limit"": 10}"
179,abo,sma,28,fixed,-932.49722762536,932.49722762536,1180.27572148885,51,6353.07239199938,False,"{""short_window"": 49.05672954825327, ""long_window"": 197.16689118641668}","{""pop_size"": 100, ""max_iter"": 50, ""lp1"": 0.5, ""lp2"": 0.5, ""stagnation_limit"": 10}"
180,abo,lma,0,fixed,-818.928633013523,818.928633013523,907.977723746608,51,6193.76913400083,False,"{""short_window"": 20.947303740827465, ""long_window"": 195.46731997680286}","{""pop_size"": 100, ""max_iter"": 50, ""lp1"": 0.5, ""lp2"": 0.5, ""stagnation_limit"": 10}"
181,abo,lma,1,fixed,-818.928633013523,818.928633013523,907.977723746608,51,6148.3201709998,False,"{""short_window"": 20.954029420330635, ""long_window"": 194.52611673766606}","{""pop_size"": 100, ""max_iter"": 50, ""lp1"": 0.5, ""lp2"": 0.5, ""stagnation_limit"": 10}"
182,abo,lma,3,fixed,-800.109005668366,800.109005668366,487.740312063578,51,6100.59851400001,False,"{""short_window"": 35.1568008960741, ""long_window"": 55.965269281942}","{""pop_size"": 100, ""max_iter"": 50, ""lp1"": 0.5, ""lp2"": 0.5, ""stagnation_limit"": 10}"
183,abo,lma,4,fixed,-800.109005668366,800.109005668366,487.740312063578,51,6095.9051560003,False,"{""short_window"": 34.57832225090078, ""long_window"": 56.368494757756494}","{""pop_size"": 100, ""max_iter"": 50, ""lp1"": 0.5, ""lp2"": 0.5, ""stagnation_limit"": 10}"
184,abo,lma,2,fixed,-776.262974610292,776.262974610292,671.50931478053,51,6245.69673700171,False,"{""short_window"": 19.717573072212787, ""long_window"": 85.22372722580653}","{""pop_size"": 100, ""max_iter"": 50, ""lp1"": 0.5, ""lp2"": 0.5, ""stagnation_limit"": 10}"
185,abo,lma,5,fixed,-776.262974610292,776.262974610292,671.50931478053,51,6245.72712699955,False,"{""short_window"": 20.265565237640946, ""long_window"": 84.56840981916335}","{""pop_size"": 100, ""max_iter"": 50, ""lp1"": 0.5, ""lp2"": 0.5, ""stagnation_limit"": 10}"
186,abo,lma,6,fixed,-800.109005668366,800.109005668366,487.740312063578,51,6216.23854899917,False,"{""short_window"": 34.568659391632636, ""long_window"": 55.50768550338347}","{""pop_size"": 100, ""max_iter"": 50, ""lp1"": 0.5, ""lp2"": 0.5, ""stagnation_limit"": 10}"
187,abo,lma,10,fixed,-818.928633013523,818.928633013523,907.977723746608,51,6132.27285400171,False,"{""short_window"": 20.85778920982664, ""long_window"": 195.12050391016498}","{""pop_size"": 100, ""max_iter"": 50, ""lp1"": 0.5, ""lp2"": 0.5, ""stagnation_limit"": 10}"
188,abo,lma,8,fixed,-818.928633013523,818.928633013523,907.977723746608,51,6281.95129599953,False,"{""short_window"": 21.366005663233878, ""long_window"": 194.89085484150442}","{""pop_size"": 100, ""max_iter"": 50, ""lp1"": 0.5, ""lp2"": 0.5, ""stagnation_limit"": 10}"
189,abo,lma,7,fixed,-818.928633013523,818.928633013523,907.977723746608,51,6314.16967899895,False,"{""short_window"": 21.439649275990185, ""long_window"": 195.35981443131223}","{""pop_size"": 100, ""max_iter"": 50, ""lp1"": 0.5, ""lp2"": 0.5, ""stagnation_limit"": 10}"
190,abo,lma,9,fixed,-779.401803493695,779.401803493695,624.457879235916,51,6340.89011299875,False,"{""short_window"": 36.934456820940255, ""long_window"": 68.8682767394079}","{""pop_size"": 100, ""max_iter"": 50, ""lp1"": 0.5, ""lp2"": 0.5, ""stagnation_limit"": 10}"
191,abo,lma,11,fixed,-800.109005668366,800.109005668366,487.740312063578,51,6373.96437700045,False,"{""short_window"": 35.48362524334587, ""long_window"": 56.49819810427311}","{""pop_size"": 100, ""max_iter"": 50, ""lp1"": 0.5, ""lp2"": 0.5, ""stagnation_limit"": 10}"
192,abo,lma,15,fixed,-800.109005668366,800.109005668366,487.740312063578,51,6077.04491200093,False,"{""short_window"": 35.39693226870155, ""long_window"": 56.38657541256553}","{""pop_size"": 100, ""max_iter"": 50, ""lp1"": 0.5, ""lp2"": 0.5, ""stagnation_limit"": 10}"
193,abo,lma,12,fixed,-818.928633013523,818.928633013523,907.977723746608,51,6273.00874200046,False,"{""short_window"": 21.44492779621458, ""long_window"": 195.37101248931543}","{""pop_size"": 100, ""max_iter"": 50, ""lp1"": 0.5, ""lp2"": 0.5, ""stagnation_limit"": 10}"
194,abo,lma,13,fixed,-800.109005668366,800.109005668366,487.740312063578,51,6226.58736799895,False,"{""short_window"": 35.086372031151114, ""long_window"": 56.401354736582164}","{""pop_size"": 100, ""max_iter"": 50, ""lp1"": 0.5, ""lp2"": 0.5, ""stagnation_limit"": 10}"
195,abo,lma,14,fixed,-800.109005668366,800.109005668366,487.740312063578,51,6204.05451500119,False,"{""short_window"": 35.1903299953611, ""long_window"": 56.34608248091492}","{""pop_size"": 100, ""max_iter"": 50, ""lp1"": 0.5, ""lp2"": 0.5, ""stagnation_limit"": 10}"
196,abo,lma,17,fixed,-800.109005668366,800.109005668366,487.740312063578,51,6113.90950399982,False,"{""short_window"": 35.43306060375514, ""long_window"": 56.3565765173344}","{""pop_size"": 100, ""max_iter"": 50, ""lp1"": 0.5, ""lp2"": 0.5, ""stagnation_limit"": 10}"
197,abo,lma,18,fixed,-800.109005668366,800.109005668366,487.740312063578,51,5967.78578900012,False,"{""short_window"": 34.51590818764455, ""long_window"": 55.552772683780276}","{""pop_size"": 100, ""max_iter"": 50, ""lp1"": 0.5, ""lp2"": 0.5, ""stagnation_limit"": 10}"
198,abo,lma,16,fixed,-776.262974610292,776.262974610292,671.50931478053,51,6224.41015299955,False,"{""short_window"": 20.095963775830526, ""long_window"": 85.31348288369382}","{""pop_size"": 100, ""max_iter"": 50, ""lp1"": 0.5, ""lp2"": 0.5, ""stagnation_limit"": 10}"
199,abo,lma,20,fixed,-800.109005668366,800.109005668366,487.740312063578,51,6113.22328399911,False,"{""short_window"": 35.405411666059564, ""long_window"": 55.832862519671224}","{""pop_size"": 100, ""max_iter"": 50, ""lp1"": 0.5, ""lp2"": 0.5, ""stagnation_limit"": 10}"
200,abo,lma,19,fixed,-776.262974610292,776.262974610292,671.50931478053,51,6190.66140799987,False,"{""short_window"": 20.387882825649648, ""long_window"": 84.74619918815216}","{""pop_size"": 100, ""max_iter"": 50, ""lp1"": 0.5, ""lp2"": 0.5, ""stagnation_limit"": 10}"
201,abo,lma,21,fixed,-776.262974610292,776.262974610292,671.50931478053,51,6216.81070200066,False,"{""short_window"": 20.36486260374581, ""long_window"": 84.95125634543896}","{""pop_size"": 100, ""max_iter"": 50, ""lp1"": 0.5, ""lp2"": 0.5, ""stagnation_limit"": 10}"
202,abo,lma,22,fixed,-800.109005668366,800.109005668366,487.740312063578,51,6199.43522599897,False,"{""short_window"": 34.50452402814743, ""long_window"": 56.49870068065948}","{""pop_size"": 100, ""max_iter"": 50, ""lp1"": 0.5, ""lp2"": 0.5, ""stagnation_limit"": 10}"
203,abo,lma,23,fixed,-800.109005668366,800.109005668366,487.740312063578,51,6221.14110000075,False,"{""short_window"": 34.89225400563914, ""long_window"": 56.3611694840937}","{""pop_size"": 100, ""max_iter"": 50, ""lp1"": 0.5, ""lp2"": 0.5, ""stagnation_limit"": 10}"
204,abo,lma,26,fixed,-818.928633013523,818.928633013523,907.977723746608,51,6053.33577199963,False,"{""short_window"": 20.647532248993265, ""long_window"": 195.37087637917986}","{""pop_size"": 100, ""max_iter"": 50, ""lp1"": 0.5, ""lp2"": 0.5, ""stagnation_limit"": 10}"
205,abo,lma,24,fixed,-817.548559038867,817.548559038867,907.977723746608,51,6187.83622500087,False,"{""short_window"": 20.740024696986552, ""long_window"": 196.06269632159388}","{""pop_size"": 100, ""max_iter"": 50, ""lp1"": 0.5, ""lp2"": 0.5, ""stagnation_limit"": 10}"
206,abo,lma,25,fixed,-776.262974610292,776.262974610292,671.50931478053,51,6190.49611599985,False,"{""short_window"": 20.175071395565865, ""long_window"": 85.38346215739992}","{""pop_size"": 100, ""max_iter"": 50, ""lp1"": 0.5, ""lp2"": 0.5, ""stagnation_limit"": 10}"
207,abo,lma,27,fixed,-818.928633013523,818.928633013523,907.977723746608,51,6142.48747199963,False,"{""short_window"": 20.62421864654811, ""long_window"": 195.1970353121297}","{""pop_size"": 100, ""max_iter"": 50, ""lp1"": 0.5, ""lp2"": 0.5, ""stagnation_limit"": 10}"
208,abo,lma,29,fixed,-818.928633013523,818.928633013523,907.977723746608,51,6141.71181500024,False,"{""short_window"": 21.23430557351554, ""long_window"": 195.33291098704208}","{""pop_size"": 100, ""max_iter"": 50, ""lp1"": 0.5, ""lp2"": 0.5, ""stagnation_limit"": 10}"
209,abo,lma,28,fixed,-818.928633013523,818.928633013523,907.977723746608,51,6182.58424300075,False,"{""short_window"": 20.722429468526663, ""long_window"": 195.4412988353921}","{""pop_size"": 100, ""max_iter"": 50, ""lp1"": 0.5, ""lp2"": 0.5, ""stagnation_limit"": 10}"
210,abo,ema_shared,0,fixed,-116176.916807818,116176.916807818,1000,51,6518.73007100039,False,"{""short_window"": 27.81381162285146, ""long_window"": 194.9528192717086, ""alpha"": 0.8038441280824355}","{""pop_size"": 100, ""max_iter"": 50, ""lp1"": 0.5, ""lp2"": 0.5, ""stagnation_limit"": 10}"
211,abo,ema_shared,1,fixed,-105282.340022896,105282.340022896,1000,51,6391.30758300053,False,"{""short_window"": 36.70818151762843, ""long_window"": 150.0342920656038, ""alpha"": 0.8343584139226383}","{""pop_size"": 100, ""max_iter"": 50, ""lp1"": 0.5, ""lp2"": 0.5, ""stagnation_limit"": 10}"
212,abo,ema_shared,3,fixed,-62654.4926996981,62654.4926996981,1000,51,6447.23729499856,False,"{""short_window"": 46.23624402130568, ""long_window"": 116.5608696623859, ""alpha"": 0.7797124939923807}","{""pop_size"": 100, ""max_iter"": 50, ""lp1"": 0.5, ""lp2"": 0.5, ""stagnation_limit"": 10}"
213,abo,ema_shared,2,fixed,-71340.2399275309,71340.2399275309,1000,51,6575.21214000008,False,"{""short_window"": 28.289766288082497, ""long_window"": 170.97541658396477, ""alpha"": 0.8251749964857762}","{""pop_size"": 100, ""max_iter"": 50, ""lp1"": 0.5, ""lp2"": 0.5, ""stagnation_limit"": 10}"
214,abo,ema_shared,4,fixed,-67876.017166941,67876.017166941,4149.66810717408,51,6455.08734400028,False,"{""short_window"": 43.66348831362951, ""long_window"": 99.26056922836491, ""alpha"": 0.826427343438368}","{""pop_size"": 100, ""max_iter"": 50, ""lp1"": 0.5, ""lp2"": 0.5, ""stagnation_limit"": 10}"
215,abo,ema_shared,5,fixed,-85814.2513428693,85814.2513428693,1000,51,6536.73265200087,False,"{""short_window"": 37.78547388607883, ""long_window"": 125.23839803482741, ""alpha"": 0.6816461892979979}","{""pop_size"": 100, ""max_iter"": 50, ""lp1"": 0.5, ""lp2"": 0.5, ""stagnation_limit"": 10}"
216,abo,ema_shared,8,fixed,-60670.5002617054,60670.5002617054,1157.9348197307,51,6337.58502699857,False,"{""short_window"": 28.1761058107147, ""long_window"": 106.56388366748376, ""alpha"": 0.7975527291248856}","{""pop_size"": 100, ""max_iter"": 50, ""lp1"": 0.5, ""lp2"": 0.5, ""stagnation_limit"": 10}"
217,abo,ema_shared,6,fixed,-82411.1792640842,82411.1792640842,6138.87568091857,51,6403.64372499971,False,"{""short_window"": 32.67814623003132, ""long_window"": 114.37355233975697, ""alpha"": 0.7757441459944456}","{""pop_size"": 100, ""max_iter"": 50, ""lp1"": 0.5, ""lp2"": 0.5, ""stagnation_limit"": 10}"
218,abo,ema_shared,10,fixed,-73605.038373025,73605.038373025,2259.85531444963,51,6333.18279599916,False,"{""short_window"": 43.76662734254951, ""long_window"": 123.34262238539675, ""alpha"": 0.7166036221088903}","{""pop_size"": 100, ""max_iter"": 50, ""lp1"": 0.5, ""lp2"": 0.5, ""stagnation_limit"": 10}"
219,abo,ema_shared,7,fixed,-105624.041973899,105624.041973899,708.65444159296,51,6553.43497899958,False,"{""short_window"": 34.92965243052626, ""long_window"": 160.46148747982613, ""alpha"": 0.8713850916697958}","{""pop_size"": 100, ""max_iter"": 50, ""lp1"": 0.5, ""lp2"": 0.5, ""stagnation_limit"": 10}"
220,abo,ema_shared,9,fixed,-75601.753002238,75601.753002238,1157.26697625029,51,6537.62827100036,False,"{""short_window"": 35.1519338629302, ""long_window"": 151.84759105588762, ""alpha"": 0.7274290540006787}","{""pop_size"": 100, ""max_iter"": 50, ""lp1"": 0.5, ""lp2"": 0.5, ""stagnation_limit"": 10}"
221,abo,ema_shared,11,fixed,-66209.3594051746,66209.3594051746,2458.06791691808,51,6494.24060199999,False,"{""short_window"": 32.35303937885649, ""long_window"": 114.89371867151621, ""alpha"": 0.6974053261820117}","{""pop_size"": 100, ""max_iter"": 50, ""lp1"": 0.5, ""lp2"": 0.5, ""stagnation_limit"": 10}"
222,abo,ema_shared,12,fixed,-77385.827925659,77385.827925659,2228.71831789337,51,6335.25747099884,False,"{""short_window"": 42.40637871042476, ""long_window"": 97.23906326230885, ""alpha"": 0.7281120279562848}","{""pop_size"": 100, ""max_iter"": 50, ""lp1"": 0.5, ""lp2"": 0.5, ""stagnation_limit"": 10}"
223,abo,ema_shared,16,fixed,-59876.2439250126,59876.2439250126,1000,51,6167.68682800102,False,"{""short_window"": 32.63273316651404, ""long_window"": 146.3036219150805, ""alpha"": 0.7691816155341624}","{""pop_size"": 100, ""max_iter"": 50, ""lp1"": 0.5, ""lp2"": 0.5, ""stagnation_limit"": 10}"
224,abo,ema_shared,15,fixed,-103374.061648916,103374.061648916,1000,51,6238.72589500024,False,"{""short_window"": 35.30004207078761, ""long_window"": 123.82586342814677, ""alpha"": 0.8300245815576821}","{""pop_size"": 100, ""max_iter"": 50, ""lp1"": 0.5, ""lp2"": 0.5, ""stagnation_limit"": 10}"
225,abo,ema_shared,13,fixed,-114900.953317902,114900.953317902,942.148121834827,51,6525.58171599958,False,"{""short_window"": 26.827342362601193, ""long_window"": 75.78936994316837, ""alpha"": 0.7745675470770264}","{""pop_size"": 100, ""max_iter"": 50, ""lp1"": 0.5, ""lp2"": 0.5, ""stagnation_limit"": 10}"
226,abo,ema_shared,14,fixed,-110591.226468174,110591.226468174,3370.90003347368,51,6370.13892699906,False,"{""short_window"": 50.0, ""long_window"": 177.06903230398083, ""alpha"": 0.6348146696576622}","{""pop_size"": 100, ""max_iter"": 50, ""lp1"": 0.5, ""lp2"": 0.5, ""stagnation_limit"": 10}"
227,abo,ema_shared,17,fixed,-98643.7070346337,98643.7070346337,1369.42205384121,51,6359.43028400106,False,"{""short_window"": 27.25004055219702, ""long_window"": 91.93820385117982, ""alpha"": 0.8152340539360372}","{""pop_size"": 100, ""max_iter"": 50, ""lp1"": 0.5, ""lp2"": 0.5, ""stagnation_limit"": 10}"
228,abo,ema_shared,18,fixed,-76905.5653581538,76905.5653581538,803.928871522042,51,6349.76655199898,False,"{""short_window"": 34.83957198465569, ""long_window"": 127.59511285941957, ""alpha"": 0.7901090934478964}","{""pop_size"": 100, ""max_iter"": 50, ""lp1"": 0.5, ""lp2"": 0.5, ""stagnation_limit"": 10}"
229,abo,ema_shared,19,fixed,-91927.5627562466,91927.5627562466,2045.82437425231,51,6393.33033799994,False,"{""short_window"": 45.01008198791317, ""long_window"": 53.7436359639139, ""alpha"": 0.5972152719248225}","{""pop_size"": 100, ""max_iter"": 50, ""lp1"": 0.5, ""lp2"": 0.5, ""stagnation_limit"": 10}"
230,abo,ema_shared,21,fixed,-56400.8554635683,56400.8554635683,1473.38272361204,51,6357.94908199932,False,"{""short_window"": 42.70291548454182, ""long_window"": 135.82301054682057, ""alpha"": 0.6791428281664447}","{""pop_size"": 100, ""max_iter"": 50, ""lp1"": 0.5, ""lp2"": 0.5, ""stagnation_limit"": 10}"
231,abo,ema_shared,22,fixed,-97263.3632466354,97263.3632466354,633.326451388057,51,6354.58929599918,False,"{""short_window"": 50.0, ""long_window"": 147.41368507599526, ""alpha"": 0.516719467385869}","{""pop_size"": 100, ""max_iter"": 50, ""lp1"": 0.5, ""lp2"": 0.5, ""stagnation_limit"": 10}"
232,abo,ema_shared,20,fixed,-31561.6440796586,31561.6440796586,1259.89138788391,51,6500.3658200003,False,"{""short_window"": 32.350533579748415, ""long_window"": 187.15005826137357, ""alpha"": 0.8808416673863968}","{""pop_size"": 100, ""max_iter"": 50, ""lp1"": 0.5, ""lp2"": 0.5, ""stagnation_limit"": 10}"
233,abo,ema_shared,23,fixed,-123641.7850497,123641.7850497,1184.58045419217,51,6378.358295,False,"{""short_window"": 44.810923242002104, ""long_window"": 70.49656532766244, ""alpha"": 0.5210838209908251}","{""pop_size"": 100, ""max_iter"": 50, ""lp1"": 0.5, ""lp2"": 0.5, ""stagnation_limit"": 10}"
234,abo,ema_shared,24,fixed,-50664.1906730708,50664.1906730708,814.456320919159,51,6564.464907,False,"{""short_window"": 37.107050449915896, ""long_window"": 155.04100704722987, ""alpha"": 0.6530436144393261}","{""pop_size"": 100, ""max_iter"": 50, ""lp1"": 0.5, ""lp2"": 0.5, ""stagnation_limit"": 10}"
235,abo,ema_shared,27,fixed,-97341.4162661384,97341.4162661384,1017.95379605934,51,6232.64580899922,False,"{""short_window"": 44.49721166575444, ""long_window"": 113.34872378053274, ""alpha"": 0.6641501978160073}","{""pop_size"": 100, ""max_iter"": 50, ""lp1"": 0.5, ""lp2"": 0.5, ""stagnation_limit"": 10}"
236,abo,ema_shared,25,fixed,-75247.9506520244,75247.9506520244,4660.90053120652,51,6330.82259500043,False,"{""short_window"": 37.108368072864494, ""long_window"": 125.67617528224146, ""alpha"": 0.7104982586006258}","{""pop_size"": 100, ""max_iter"": 50, ""lp1"": 0.5, ""lp2"": 0.5, ""stagnation_limit"": 10}"
237,abo,ema_shared,26,fixed,-63342.5125858175,63342.5125858175,2487.40590367774,51,6352.18874100065,False,"{""short_window"": 50.0, ""long_window"": 129.2939931602504, ""alpha"": 0.6220242363796367}","{""pop_size"": 100, ""max_iter"": 50, ""lp1"": 0.5, ""lp2"": 0.5, ""stagnation_limit"": 10}"
238,abo,ema_shared,28,fixed,-83755.1160870718,83755.1160870718,775.031913069021,51,6476.89146199991,False,"{""short_window"": 42.727321541147106, ""long_window"": 167.52722199720603, ""alpha"": 0.8613787741568738}","{""pop_size"": 100, ""max_iter"": 50, ""lp1"": 0.5, ""lp2"": 0.5, ""stagnation_limit"": 10}"
239,abo,ema_shared,29,fixed,-78964.0840896689,78964.0840896689,4376.16625182962,51,6368.19852100052,False,"{""short_window"": 44.9100309617353, ""long_window"": 189.97296545444857, ""alpha"": 0.784153903987101}","{""pop_size"": 100, ""max_iter"": 50, ""lp1"": 0.5, ""lp2"": 0.5, ""stagnation_limit"": 10}"
240,abo,ema_independent,0,fixed,-9249.90396217212,9249.90396217212,1188.96982142635,51,6088.17836100025,False,"{""short_window"": 29.385474504483508, ""long_window"": 52.9094820444017, ""alpha_short"": 0.011883722483813967, ""alpha_long"": 0.07472088552838427}","{""pop_size"": 100, ""max_iter"": 50, ""lp1"": 0.5, ""lp2"": 0.5, ""stagnation_limit"": 10}"
241,abo,ema_independent,1,fixed,-9581.79052848471,9581.79052848471,858.145810392754,51,6282.65823700167,False,"{""short_window"": 27.09349636308469, ""long_window"": 51.0, ""alpha_short"": 1e-06, ""alpha_long"": 0.08002050396578886}","{""pop_size"": 100, ""max_iter"": 50, ""lp1"": 0.5, ""lp2"": 0.5, ""stagnation_limit"": 10}"
242,abo,ema_independent,3,fixed,-10825.6701743467,10825.6701743467,1763.3047663988,51,6132.08771599966,False,"{""short_window"": 28.828298701258774, ""long_window"": 51.1861079929478, ""alpha_short"": 0.04731104804487184, ""alpha_long"": 0.0816671497136279}","{""pop_size"": 100, ""max_iter"": 50, ""lp1"": 0.5, ""lp2"": 0.5, ""stagnation_limit"": 10}"
243,abo,ema_independent,2,fixed,-10767.1693771256,10767.1693771256,1163.22948986108,51,6384.71943900004,False,"{""short_window"": 27.761588905664397, ""long_window"": 120.15799263058534, ""alpha_short"": 0.001040968961147686, ""alpha_long"": 0.07663199066435421}","{""pop_size"": 100, ""max_iter"": 50, ""lp1"": 0.5, ""lp2"": 0.5, ""stagnation_limit"": 10}"
244,abo,ema_independent,4,fixed,-11767.3732856495,11767.3732856495,1235.03045772308,51,6389.44347699908,False,"{""short_window"": 28.625054821834674, ""long_window"": 77.50846353977855, ""alpha_short"": 0.010160151236120532, ""alpha_long"": 0.07740233425249882}","{""pop_size"": 100, ""max_iter"": 50, ""lp1"": 0.5, ""lp2"": 0.5, ""stagnation_limit"": 10}"
245,abo,ema_independent,5,fixed,-9531.25924683063,9531.25924683063,858.145810392754,51,6320.88608000049,False,"{""short_window"": 26.837316538299035, ""long_window"": 51.0, ""alpha_short"": 1e-06, ""alpha_long"": 0.07990981863158017}","{""pop_size"": 100, ""max_iter"": 50, ""lp1"": 0.5, ""lp2"": 0.5, ""stagnation_limit"": 10}"
246,abo,ema_independent,9,fixed,-11632.4152862578,11632.4152862578,1428.39448650741,51,6124.83343900021,False,"{""short_window"": 28.66398194232864, ""long_window"": 75.63143448375617, ""alpha_short"": 0.014645335364131953, ""alpha_long"": 0.07916303324497104}","{""pop_size"": 100, ""max_iter"": 50, ""lp1"": 0.5, ""lp2"": 0.5, ""stagnation_limit"": 10}"
247,abo,ema_independent,6,fixed,-9581.79052848471,9581.79052848471,858.145810392754,51,6288.54704200057,False,"{""short_window"": 26.879966455581886, ""long_window"": 51.0, ""alpha_short"": 1e-06, ""alpha_long"": 0.08001866753614331}","{""pop_size"": 100, ""max_iter"": 50, ""lp1"": 0.5, ""lp2"": 0.5, ""stagnation_limit"": 10}"
248,abo,ema_independent,7,fixed,-8779.93888930077,8779.93888930077,1728.41247927294,51,6282.65139900032,False,"{""short_window"": 30.935290665574236, ""long_window"": 51.0, ""alpha_short"": 0.027756017142046077, ""alpha_long"": 0.07521773351174976}","{""pop_size"": 100, ""max_iter"": 50, ""lp1"": 0.5, ""lp2"": 0.5, ""stagnation_limit"": 10}"
249,abo,ema_independent,8,fixed,-11840.3452459298,11840.3452459298,4296.9696617001,51,6312.37707699984,False,"{""short_window"": 45.51894746955462, ""long_window"": 130.3850219014968, ""alpha_short"": 1e-06, ""alpha_long"": 0.15042901049630836}","{""pop_size"": 100, ""max_iter"": 50, ""lp1"": 0.5, ""lp2"": 0.5, ""stagnation_limit"": 10}"
250,abo,ema_independent,10,fixed,-9581.79052848471,9581.79052848471,858.145810392754,51,6296.4742109998,False,"{""short_window"": 27.397839867620966, ""long_window"": 51.0, ""alpha_short"": 1e-06, ""alpha_long"": 0.07999796417046191}","{""pop_size"": 100, ""max_iter"": 50, ""lp1"": 0.5, ""lp2"": 0.5, ""stagnation_limit"": 10}"
251,abo,ema_independent,11,fixed,-11840.3452459298,11840.3452459298,4296.9696617001,51,6605.17597800026,False,"{""short_window"": 45.74623661873014, ""long_window"": 190.46912328143884, ""alpha_short"": 1e-06, ""alpha_long"": 0.1502896326927984}","{""pop_size"": 100, ""max_iter"": 50, ""lp1"": 0.5, ""lp2"": 0.5, ""stagnation_limit"": 10}"
252,abo,ema_independent,12,fixed,-11462.8557166582,11462.8557166582,1456.53998969124,51,6316.49245900007,False,"{""short_window"": 28.553261159728496, ""long_window"": 83.95706357791644, ""alpha_short"": 0.005875926681046499, ""alpha_long"": 0.07576880853814974}","{""pop_size"": 100, ""max_iter"": 50, ""lp1"": 0.5, ""lp2"": 0.5, ""stagnation_limit"": 10}"
253,abo,ema_independent,13,fixed,-9581.79052848471,9581.79052848471,858.145810392754,51,6305.34365499989,False,"{""short_window"": 27.463146697184953, ""long_window"": 51.0, ""alpha_short"": 0.0002627669124924805, ""alpha_long"": 0.08006060124838926}","{""pop_size"": 100, ""max_iter"": 50, ""lp1"": 0.5, ""lp2"": 0.5, ""stagnation_limit"": 10}"
254,abo,ema_independent,14,fixed,-9581.79052848471,9581.79052848471,858.145810392754,51,6413.59712700069,False,"{""short_window"": 26.81154085350653, ""long_window"": 51.0, ""alpha_short"": 1e-06, ""alpha_long"": 0.07999559353603622}","{""pop_size"": 100, ""max_iter"": 50, ""lp1"": 0.5, ""lp2"": 0.5, ""stagnation_limit"": 10}"
255,abo,ema_independent,15,fixed,-10732.6108666372,10732.6108666372,1168.03336840468,51,6297.4921189998,False,"{""short_window"": 28.275113594813842, ""long_window"": 68.72767632816422, ""alpha_short"": 1e-06, ""alpha_long"": 0.07596610673924756}","{""pop_size"": 100, ""max_iter"": 50, ""lp1"": 0.5, ""lp2"": 0.5, ""stagnation_limit"": 10}"
256,abo,ema_independent,16,fixed,-9370.83192173204,9370.83192173204,1329.03639981612,51,6252.9776070005,False,"{""short_window"": 25.5144962199412, ""long_window"": 91.34437604186714, ""alpha_short"": 1e-06, ""alpha_long"": 0.09085352003359692}","{""pop_size"": 100, ""max_iter"": 50, ""lp1"": 0.5, ""lp2"": 0.5, ""stagnation_limit"": 10}"
257,abo,ema_independent,17,fixed,-9181.12517838385,9181.12517838385,1299.77452071748,51,6474.55402000014,False,"{""short_window"": 25.639739624632924, ""long_window"": 150.76251948229645, ""alpha_short"": 1e-06, ""alpha_long"": 0.09144839431299609}","{""pop_size"": 100, ""max_iter"": 50, ""lp1"": 0.5, ""lp2"": 0.5, ""stagnation_limit"": 10}"
258,abo,ema_independent,18,fixed,-12880.1565589215,12880.1565589215,1226.9127064127,51,6205.09067700004,False,"{""short_window"": 28.570056074382357, ""long_window"": 158.60935767446443, ""alpha_short"": 0.011832050493442475, ""alpha_long"": 0.07838181973781838}","{""pop_size"": 100, ""max_iter"": 50, ""lp1"": 0.5, ""lp2"": 0.5, ""stagnation_limit"": 10}"
259,abo,ema_independent,21,fixed,-9581.79052848471,9581.79052848471,858.145810392754,51,6171.66428100063,False,"{""short_window"": 27.424387868357634, ""long_window"": 51.0, ""alpha_short"": 1e-06, ""alpha_long"": 0.08000986721692763}","{""pop_size"": 100, ""max_iter"": 50, ""lp1"": 0.5, ""lp2"": 0.5, ""stagnation_limit"": 10}"
260,abo,ema_independent,19,fixed,-10823.7516130018,10823.7516130018,1332.21488967658,51,6231.84867700002,False,"{""short_window"": 28.859411271590808, ""long_window"": 57.25973976763429, ""alpha_short"": 1e-06, ""alpha_long"": 0.06921155557686659}","{""pop_size"": 100, ""max_iter"": 50, ""lp1"": 0.5, ""lp2"": 0.5, ""stagnation_limit"": 10}"
261,abo,ema_independent,20,fixed,-9581.79052848471,9581.79052848471,858.145810392754,51,6352.72729099961,False,"{""short_window"": 27.323632796985578, ""long_window"": 51.0, ""alpha_short"": 1e-06, ""alpha_long"": 0.08000538286612599}","{""pop_size"": 100, ""max_iter"": 50, ""lp1"": 0.5, ""lp2"": 0.5, ""stagnation_limit"": 10}"
262,abo,ema_independent,22,fixed,-10475.4244756013,10475.4244756013,1203.60939579881,51,6303.59000299904,False,"{""short_window"": 29.407694273800324, ""long_window"": 68.44436141466487, ""alpha_short"": 1e-06, ""alpha_long"": 0.0721407612119506}","{""pop_size"": 100, ""max_iter"": 50, ""lp1"": 0.5, ""lp2"": 0.5, ""stagnation_limit"": 10}"
263,abo,ema_independent,23,fixed,-9181.12517838385,9181.12517838385,1299.77452071748,51,6312.60312599989,False,"{""short_window"": 25.932931907648076, ""long_window"": 113.47944520463574, ""alpha_short"": 1e-06, ""alpha_long"": 0.09118313358122088}","{""pop_size"": 100, ""max_iter"": 50, ""lp1"": 0.5, ""lp2"": 0.5, ""stagnation_limit"": 10}"
264,abo,ema_independent,24,fixed,-11100.0628745912,11100.0628745912,4360.90378608435,51,5948.52214000093,False,"{""short_window"": 48.08395307756743, ""long_window"": 51.0, ""alpha_short"": 0.02375013273221148, ""alpha_long"": 0.11849420875245567}","{""pop_size"": 100, ""max_iter"": 50, ""lp1"": 0.5, ""lp2"": 0.5, ""stagnation_limit"": 10}"
265,abo,ema_independent,25,fixed,-8887.77836325258,8887.77836325258,1123.84319623078,51,6267.39561900104,False,"{""short_window"": 28.662836374613363, ""long_window"": 51.60297116590126, ""alpha_short"": 0.005129154604236545, ""alpha_long"": 0.07118540408203955}","{""pop_size"": 100, ""max_iter"": 50, ""lp1"": 0.5, ""lp2"": 0.5, ""stagnation_limit"": 10}"
266,abo,ema_independent,26,fixed,-10401.3875926062,10401.3875926062,1201.22965734127,51,6281.9236840005,False,"{""short_window"": 27.65169945118637, ""long_window"": 159.7067097783098, ""alpha_short"": 1e-06, ""alpha_long"": 0.0777110785548374}","{""pop_size"": 100, ""max_iter"": 50, ""lp1"": 0.5, ""lp2"": 0.5, ""stagnation_limit"": 10}"
267,abo,ema_independent,27,fixed,-11075.5219776395,11075.5219776395,1163.22948986108,51,6245.68660699879,False,"{""short_window"": 28.253712264400274, ""long_window"": 98.38857114684646, ""alpha_short"": 1e-06, ""alpha_long"": 0.07613408289799259}","{""pop_size"": 100, ""max_iter"": 50, ""lp1"": 0.5, ""lp2"": 0.5, ""stagnation_limit"": 10}"
268,abo,ema_independent,28,fixed,-11075.5219776395,11075.5219776395,1483.79779400068,51,6257.69613199918,False,"{""short_window"": 27.66229611818742, ""long_window"": 94.26016527605117, ""alpha_short"": 1e-06, ""alpha_long"": 0.07604394377005652}","{""pop_size"": 100, ""max_iter"": 50, ""lp1"": 0.5, ""lp2"": 0.5, ""stagnation_limit"": 10}"
269,abo,ema_independent,29,fixed,-9581.79052848471,9581.79052848471,858.145810392754,51,6295.51096499927,False,"{""short_window"": 27.349807819664772, ""long_window"": 51.0, ""alpha_short"": 1e-06, ""alpha_long"": 0.080011738578952}","{""pop_size"": 100, ""max_iter"": 50, ""lp1"": 0.5, ""lp2"": 0.5, ""stagnation_limit"": 10}"
270,abo,weighted,0,fixed,-13179.22803627,13179.22803627,1130.40393551872,51,7135.59440399877,False,"{""high_w1"": 0.9127674922596664, ""high_w2"": 0.5668104492361676, ""high_w3"": 0.1495758972991582, ""high_d1"": 28.747531631636633, ""high_d2"": 35.790099630756885, ""high_d3"": 43.153590731859225, ""high_alpha3"": 0.20227313380976286, ""low_w1"": 0.753978113435347, ""low_w2"": 0.3264901972749825, ""low_w3"": 0.6739533871509628, ""low_d1"": 43.850753609661126, ""low_d2"": 14.693887681183334, ""low_d3"": 7.335499621711163, ""low_alpha3"": 0.1813331065384924}","{""pop_size"": 100, ""max_iter"": 50, ""lp1"": 0.5, ""lp2"": 0.5, ""stagnation_limit"": 10}"
271,abo,weighted,1,fixed,-11497.2306964791,11497.2306964791,4563.34930751686,51,7102.03811800056,False,"{""high_w1"": 0.7331133380357159, ""high_w2"": 0.4459970640651021, ""high_w3"": 0.8568840472582385, ""high_d1"": 43.94563389949988, ""high_d2"": 22.022563133786043, ""high_d3"": 5.390392308934344, ""high_alpha3"": 0.33731988013024794, ""low_w1"": 0.0026149242486078967, ""low_w2"": 0.7290882192236838, ""low_w3"": 0.16841818900102568, ""low_d1"": 42.517140237083936, ""low_d2"": 11.632854441621394, ""low_d3"": 23.8407447199072, ""low_alpha3"": 0.579500522220043}","{""pop_size"": 100, ""max_iter"": 50, ""lp1"": 0.5, ""lp2"": 0.5, ""stagnation_limit"": 10}"
272,abo,weighted,3,fixed,-11992.9510708765,11992.9510708765,4564.34476353334,51,7040.87939300007,False,"{""high_w1"": 0.2949900264110239, ""high_w2"": 0.0, ""high_w3"": 0.3680899068535409, ""high_d1"": 48.18221460470251, ""high_d2"": 39.10206834964205, ""high_d3"": 11.428546435209888, ""high_alpha3"": 0.8977252895150392, ""low_w1"": 0.2542234573379861, ""low_w2"": 0.4891875939492028, ""low_w3"": 0.7385050119049431, ""low_d1"": 19.487747466688475, ""low_d2"": 8.366127774049641, ""low_d3"": 16.36441914107299, ""low_alpha3"": 0.9027053148382946}","{""pop_size"": 100, ""max_iter"": 50, ""lp1"": 0.5, ""lp2"": 0.5, ""stagnation_limit"": 10}"
273,abo,weighted,2,fixed,-10323.174265138,10323.174265138,4573.36390299656,51,7393.4930000014,False,"{""high_w1"": 0.741903412874027, ""high_w2"": 0.7964741996920628, ""high_w3"": 0.171021208762419, ""high_d1"": 48.77489803476739, ""high_d2"": 27.784398502877842, ""high_d3"": 30.558914696782352, ""high_alpha3"": 0.6075609536930732, ""low_w1"": 0.0, ""low_w2"": 0.6948423923252781, ""low_w3"": 0.01914910320063294, ""low_d1"": 41.51990977291611, ""low_d2"": 14.377308905481879, ""low_d3"": 16.646882859674946, ""low_alpha3"": 0.6141832155744673}","{""pop_size"": 100, ""max_iter"": 50, ""lp1"": 0.5, ""lp2"": 0.5, ""stagnation_limit"": 10}"
274,abo,weighted,4,fixed,-8762.48602998926,8762.48602998926,4656.41822301796,51,7120.13917200056,False,"{""high_w1"": 0.5624376122327777, ""high_w2"": 0.2774472125482802, ""high_w3"": 0.3075289252618673, ""high_d1"": 34.92475525344821, ""high_d2"": 39.16668441720897, ""high_d3"": 16.35655160454253, ""high_alpha3"": 0.22790899624417948, ""low_w1"": 0.4563211990877476, ""low_w2"": 0.5470594967336652, ""low_w3"": 0.5946264238113366, ""low_d1"": 22.93100512779306, ""low_d2"": 17.79875421159769, ""low_d3"": 37.944659859860295, ""low_alpha3"": 0.4337898113553002}","{""pop_size"": 100, ""max_iter"": 50, ""lp1"": 0.5, ""lp2"": 0.5, ""stagnation_limit"": 10}"
275,abo,weighted,5,fixed,-11458.1051826895,11458.1051826895,4903.36694960181,51,7030.04801299903,False,"{""high_w1"": 0.34823264544073573, ""high_w2"": 0.8059748615844111, ""high_w3"": 0.44993384801177727, ""high_d1"": 4.747499372264787, ""high_d2"": 50.0, ""high_d3"": 29.645265716701406, ""high_alpha3"": 0.1705967275137259, ""low_w1"": 0.3432885073971816, ""low_w2"": 0.7002747056765066, ""low_w3"": 0.20444380612394972, ""low_d1"": 17.94646773241935, ""low_d2"": 13.927431284547515, ""low_d3"": 24.7650391028279, ""low_alpha3"": 0.39076758529034383}","{""pop_size"": 100, ""max_iter"": 50, ""lp1"": 0.5, ""lp2"": 0.5, ""stagnation_limit"": 10}"
276,abo,weighted,6,fixed,-10488.3791165905,10488.3791165905,4984.64287203213,51,7157.46187500008,False,"{""high_w1"": 0.8075484280286052, ""high_w2"": 0.3587887741658492, ""high_w3"": 0.4094033394023162, ""high_d1"": 46.713697175571234, ""high_d2"": 47.70895286955228, ""high_d3"": 28.03005192240551, ""high_alpha3"": 0.3303340977947031, ""low_w1"": 0.13129836370031234, ""low_w2"": 0.7584905868285517, ""low_w3"": 0.948365390820084, ""low_d1"": 2.859656272467708, ""low_d2"": 18.429999035733694, ""low_d3"": 20.870246778688283, ""low_alpha3"": 0.22306384834367812}","{""pop_size"": 100, ""max_iter"": 50, ""lp1"": 0.5, ""lp2"": 0.5, ""stagnation_limit"": 10}"
277,abo,weighted,7,fixed,-11284.8617890873,11284.8617890873,4671.80276861225,51,7071.46243200077,False,"{""high_w1"": 0.4614739236921415, ""high_w2"": 0.700372569705896, ""high_w3"": 0.6427916519026822, ""high_d1"": 45.5665382285444, ""high_d2"": 40.63780572412405, ""high_d3"": 24.66551350428569, ""high_alpha3"": 0.2802720850198871, ""low_w1"": 0.6849765457984711, ""low_w2"": 0.8310174996963164, ""low_w3"": 0.3862615443661084, ""low_d1"": 12.00449170381509, ""low_d2"": 20.560687950887978, ""low_d3"": 18.997363897644163, ""low_alpha3"": 0.49347633666778556}","{""pop_size"": 100, ""max_iter"": 50, ""lp1"": 0.5, ""lp2"": 0.5, ""stagnation_limit"": 10}"
278,abo,weighted,10,fixed,-9892.06971613666,9892.06971613666,4646.81124768268,51,7012.4174270004,False,"{""high_w1"": 0.8385561271176599, ""high_w2"": 0.424387828405972, ""high_w3"": 0.34116261912340984, ""high_d1"": 37.05055623611953, ""high_d2"": 26.258546684874908, ""high_d3"": 32.60737234939368, ""high_alpha3"": 0.2232952677189996, ""low_w1"": 0.7515740963302608, ""low_w2"": 0.5349220792377598, ""low_w3"": 0.31223335992898765, ""low_d1"": 15.351971133662007, ""low_d2"": 29.963673091413874, ""low_d3"": 12.529987538348838, ""low_alpha3"": 0.40185146466759936}","{""pop_size"": 100, ""max_iter"": 50, ""lp1"": 0.5, ""lp2"": 0.5, ""stagnation_limit"": 10}"
279,abo,weighted,8,fixed,-11447.5838524548,11447.5838524548,5691.00696922933,51,7153.98699199977,False,"{""high_w1"": 1.0, ""high_w2"": 0.08885578407443329, ""high_w3"": 0.5170630842616758, ""high_d1"": 43.22324856881592, ""high_d2"": 23.37502018993708, ""high_d3"": 7.11479267881488, ""high_alpha3"": 0.23347539857237276, ""low_w1"": 0.7890921438875629, ""low_w2"": 0.6695915897777467, ""low_w3"": 0.4088950003360528, ""low_d1"": 12.606500010207155, ""low_d2"": 16.921395805595424, ""low_d3"": 43.76218815921633, ""low_alpha3"": 0.5214647452870691}","{""pop_size"": 100, ""max_iter"": 50, ""lp1"": 0.5, ""lp2"": 0.5, ""stagnation_limit"": 10}"
280,abo,weighted,9,fixed,-10278.7446428882,10278.7446428882,5162.55060507783,51,7124.89462799931,False,"{""high_w1"": 0.3249344187762143, ""high_w2"": 0.16028189064711762, ""high_w3"": 0.2288073832913208, ""high_d1"": 35.302680370616656, ""high_d2"": 25.502697446979496, ""high_d3"": 11.926722216245643, ""high_alpha3"": 0.2657926628220814, ""low_w1"": 0.4641269658974, ""low_w2"": 0.7099735757779617, ""low_w3"": 0.2835119570841127, ""low_d1"": 19.705622627792295, ""low_d2"": 12.49217289747003, ""low_d3"": 24.41520854040412, ""low_alpha3"": 0.678260016295071}","{""pop_size"": 100, ""max_iter"": 50, ""lp1"": 0.5, ""lp2"": 0.5, ""stagnation_limit"": 10}"
281,abo,weighted,11,fixed,-11852.303204647,11852.303204647,3602.9056475804,51,7358.59567400075,False,"{""high_w1"": 0.5880436478091731, ""high_w2"": 0.17284577156794112, ""high_w3"": 0.5009879221605369, ""high_d1"": 48.66471756591719, ""high_d2"": 34.296352253495684, ""high_d3"": 47.371201513927815, ""high_alpha3"": 0.01, ""low_w1"": 0.6109393768315341, ""low_w2"": 0.8180461779926347, ""low_w3"": 0.5741126268983285, ""low_d1"": 12.461740327783971, ""low_d2"": 15.540316100105736, ""low_d3"": 37.721511428754006, ""low_alpha3"": 0.21427614814343965}","{""pop_size"": 100, ""max_iter"": 50, ""lp1"": 0.5, ""lp2"": 0.5, ""stagnation_limit"": 10}"
282,abo,weighted,12,fixed,-11737.8594231291,11737.8594231291,4434.03099103635,51,6685.14329899881,False,"{""high_w1"": 0.7959113519137767, ""high_w2"": 0.773626708545882, ""high_w3"": 0.17652388450536788, ""high_d1"": 47.66318272916881, ""high_d2"": 21.09377330797173, ""high_d3"": 2.7927127471117146, ""high_alpha3"": 0.44912773785109683, ""low_w1"": 0.4226324543773583, ""low_w2"": 0.2130386347115066, ""low_w3"": 0.6994064449925019, ""low_d1"": 18.276131597783447, ""low_d2"": 7.3826133234286555, ""low_d3"": 46.64985751581927, ""low_alpha3"": 0.17979823183016885}","{""pop_size"": 100, ""max_iter"": 50, ""lp1"": 0.5, ""lp2"": 0.5, ""stagnation_limit"": 10}"
283,abo,weighted,13,fixed,-11274.8857099314,11274.8857099314,4845.90760014101,51,6810.59171599918,False,"{""high_w1"": 0.881304925857433, ""high_w2"": 0.3768912416793399, ""high_w3"": 0.47889109768255117, ""high_d1"": 49.30011358936871, ""high_d2"": 47.58038040138159, ""high_d3"": 35.982612024144956, ""high_alpha3"": 0.7885379779118252, ""low_w1"": 0.5659798089535197, ""low_w2"": 0.8176838478444228, ""low_w3"": 0.8506073637364167, ""low_d1"": 16.990859376942936, ""low_d2"": 12.83161811160121, ""low_d3"": 9.077080663016805, ""low_alpha3"": 0.622799229110472}","{""pop_size"": 100, ""max_iter"": 50, ""lp1"": 0.5, ""lp2"": 0.5, ""stagnation_limit"": 10}"
284,abo,weighted,14,fixed,-11530.2736367736,11530.2736367736,5106.50002162493,51,7060.69339399983,False,"{""high_w1"": 0.3950678161751496, ""high_w2"": 0.17355221600185705, ""high_w3"": 0.0873773327285583, ""high_d1"": 47.69141102071375, ""high_d2"": 36.306931766086265, ""high_d3"": 25.569156107693303, ""high_alpha3"": 0.9899077286374431, ""low_w1"": 0.8557140278869775, ""low_w2"": 0.09687569095894208, ""low_w3"": 0.29719072373298744, ""low_d1"": 15.068963260748692, ""low_d2"": 26.659554498862455, ""low_d3"": 14.506717131260796, ""low_alpha3"": 0.6493273307176213}","{""pop_size"": 100, ""max_iter"": 50, ""lp1"": 0.5, ""lp2"": 0.5, ""stagnation_limit"": 10}"
285,abo,weighted,15,fixed,-10101.6232296701,10101.6232296701,3472.33916193058,51,7045.32855700018,False,"{""high_w1"": 0.5478816054434257, ""high_w2"": 0.7376882758505822, ""high_w3"": 0.5829874483850872, ""high_d1"": 36.27857411898403, ""high_d2"": 40.5742132570755, ""high_d3"": 29.145564460018413, ""high_alpha3"": 0.6178710216145812, ""low_w1"": 0.8843189956456748, ""low_w2"": 0.33535413190345237, ""low_w3"": 0.6401119128556276, ""low_d1"": 18.646417979968597, ""low_d2"": 10.069481173091027, ""low_d3"": 22.5885195621377, ""low_alpha3"": 0.5237587019234203}","{""pop_size"": 100, ""max_iter"": 50, ""lp1"": 0.5, ""lp2"": 0.5, ""stagnation_limit"": 10}"
286,abo,weighted,16,fixed,-9494.87600321365,9494.87600321365,3721.15902662923,51,7295.32926100001,False,"{""high_w1"": 0.5232566454024826, ""high_w2"": 0.5924081103046404, ""high_w3"": 0.44537721180484136, ""high_d1"": 36.37017738430585, ""high_d2"": 37.943999261868164, ""high_d3"": 32.45935300819302, ""high_alpha3"": 0.4718595038973203, ""low_w1"": 0.7628068052216332, ""low_w2"": 0.5269172669651919, ""low_w3"": 0.7827985356542131, ""low_d1"": 16.050626101190545, ""low_d2"": 26.122076079326007, ""low_d3"": 38.0302224933711, ""low_alpha3"": 0.37574928779606787}","{""pop_size"": 100, ""max_iter"": 50, ""lp1"": 0.5, ""lp2"": 0.5, ""stagnation_limit"": 10}"
287,abo,weighted,17,fixed,-11576.2363485198,11576.2363485198,5307.07108306991,51,7037.76591099995,False,"{""high_w1"": 0.41238211231157407, ""high_w2"": 0.18750923302751304, ""high_w3"": 0.18046543788146582, ""high_d1"": 47.66206473634925, ""high_d2"": 38.35714966980147, ""high_d3"": 11.041784710598275, ""high_alpha3"": 0.5464454256229596, ""low_w1"": 0.6358827190842515, ""low_w2"": 0.1368122864922915, ""low_w3"": 0.38972426244207026, ""low_d1"": 14.702285547622068, ""low_d2"": 27.657423691254756, ""low_d3"": 4.241467914410485, ""low_alpha3"": 0.3823047416278552}","{""pop_size"": 100, ""max_iter"": 50, ""lp1"": 0.5, ""lp2"": 0.5, ""stagnation_limit"": 10}"
288,abo,weighted,18,fixed,-10911.7747974304,10911.7747974304,4819.46271339769,51,7076.66196500031,False,"{""high_w1"": 0.5154536240872976, ""high_w2"": 0.4154541317060864, ""high_w3"": 0.3832794459563712, ""high_d1"": 37.154865481343485, ""high_d2"": 37.78386908339732, ""high_d3"": 34.48461875904093, ""high_alpha3"": 0.5173051282494527, ""low_w1"": 0.6420631242954444, ""low_w2"": 0.8393397361677755, ""low_w3"": 0.9127066857945845, ""low_d1"": 16.404726438222262, ""low_d2"": 29.480271304423155, ""low_d3"": 24.782652042995153, ""low_alpha3"": 0.45571877696844926}","{""pop_size"": 100, ""max_iter"": 50, ""lp1"": 0.5, ""lp2"": 0.5, ""stagnation_limit"": 10}"
289,abo,weighted,19,fixed,-12863.8929346239,12863.8929346239,4305.7420780378,51,7040.01869599961,False,"{""high_w1"": 0.5965207685317946, ""high_w2"": 0.03820706573297994, ""high_w3"": 0.1484368195191652, ""high_d1"": 46.70755323959072, ""high_d2"": 34.517652479945596, ""high_d3"": 41.209900755853155, ""high_alpha3"": 0.01, ""low_w1"": 0.2133388802822748, ""low_w2"": 0.4615465576869097, ""low_w3"": 0.267247982054729, ""low_d1"": 5.1995555464333565, ""low_d2"": 17.37639090269974, ""low_d3"": 28.435624120258076, ""low_alpha3"": 0.05638559290195534}","{""pop_size"": 100, ""max_iter"": 50, ""lp1"": 0.5, ""lp2"": 0.5, ""stagnation_limit"": 10}"
290,abo,weighted,21,fixed,-12812.058352662,12812.058352662,3832.72264348975,51,6942.9447069997,False,"{""high_w1"": 0.3290961601136034, ""high_w2"": 0.7858131096974273, ""high_w3"": 0.4174397931138056, ""high_d1"": 48.290411252735886, ""high_d2"": 37.96907267938833, ""high_d3"": 16.900872191617275, ""high_alpha3"": 0.2584328232102663, ""low_w1"": 0.5558270936540336, ""low_w2"": 0.7661568109020838, ""low_w3"": 0.343310510409318, ""low_d1"": 30.53361565393858, ""low_d2"": 16.77155963461265, ""low_d3"": 7.275517802520854, ""low_alpha3"": 0.32144921267387594}","{""pop_size"": 100, ""max_iter"": 50, ""lp1"": 0.5, ""lp2"": 0.5, ""stagnation_limit"": 10}"
291,abo,weighted,20,fixed,-10554.3925558868,10554.3925558868,4228.94992417143,51,7131.80322600056,False,"{""high_w1"": 0.019227725592849645, ""high_w2"": 0.7547487292757149, ""high_w3"": 0.07089958619851722, ""high_d1"": 49.849941690677085, ""high_d2"": 49.99505541575979, ""high_d3"": 49.98220262084109, ""high_alpha3"": 0.5521821746158111, ""low_w1"": 0.7515727917233792, ""low_w2"": 0.512688284750213, ""low_w3"": 0.20645521292224675, ""low_d1"": 36.03914746271909, ""low_d2"": 16.59247080454473, ""low_d3"": 20.970849347758218, ""low_alpha3"": 0.17651688807172106}","{""pop_size"": 100, ""max_iter"": 50, ""lp1"": 0.5, ""lp2"": 0.5, ""stagnation_limit"": 10}"
292,abo,weighted,22,fixed,-9340.45817219291,9340.45817219291,3598.03365631675,51,7178.07643899869,False,"{""high_w1"": 0.8221295996259006, ""high_w2"": 0.5407051979148455, ""high_w3"": 0.19930779457416875, ""high_d1"": 34.4093605706209, ""high_d2"": 4.052961092205793, ""high_d3"": 20.069097520923215, ""high_alpha3"": 0.11802212424704528, ""low_w1"": 0.5012546531772261, ""low_w2"": 0.074271368677858, ""low_w3"": 0.7945449115833247, ""low_d1"": 19.695283398269193, ""low_d2"": 30.97793411285006, ""low_d3"": 36.51197652405442, ""low_alpha3"": 0.36769499851369447}","{""pop_size"": 100, ""max_iter"": 50, ""lp1"": 0.5, ""lp2"": 0.5, ""stagnation_limit"": 10}"
293,abo,weighted,24,fixed,-11051.9249970003,11051.9249970003,5009.60376018663,51,7083.93261799938,False,"{""high_w1"": 0.7431020743831616, ""high_w2"": 0.5484054942109711, ""high_w3"": 0.32979877808674685, ""high_d1"": 44.65437775588672, ""high_d2"": 14.220050272541506, ""high_d3"": 28.21102221365642, ""high_alpha3"": 0.5135429044146911, ""low_w1"": 0.8698007088946609, ""low_w2"": 0.4444712710189669, ""low_w3"": 0.48641379044853383, ""low_d1"": 11.267649901891367, ""low_d2"": 22.224496260484532, ""low_d3"": 20.540576334917212, ""low_alpha3"": 0.4597580213453659}","{""pop_size"": 100, ""max_iter"": 50, ""lp1"": 0.5, ""lp2"": 0.5, ""stagnation_limit"": 10}"
294,abo,weighted,23,fixed,-11528.7359876349,11528.7359876349,4718.34262853666,51,7284.08032100015,False,"{""high_w1"": 0.6685829881362367, ""high_w2"": 0.8233530508346867, ""high_w3"": 0.26882814273288724, ""high_d1"": 46.76342922775679, ""high_d2"": 47.51441448741505, ""high_d3"": 3.704220808728874, ""high_alpha3"": 0.5537511281456102, ""low_w1"": 0.8507775168124077, ""low_w2"": 0.9222621911204396, ""low_w3"": 0.3839709700480808, ""low_d1"": 11.112890158839916, ""low_d2"": 40.0833819069703, ""low_d3"": 30.928007363510787, ""low_alpha3"": 0.45899221773059146}","{""pop_size"": 100, ""max_iter"": 50, ""lp1"": 0.5, ""lp2"": 0.5, ""stagnation_limit"": 10}"
295,abo,weighted,25,fixed,-12542.3449092513,12542.3449092513,4738.73879251814,51,6958.09178799937,False,"{""high_w1"": 0.4555087294156369, ""high_w2"": 0.28684456692787497, ""high_w3"": 0.18898562328830842, ""high_d1"": 44.096342943710134, ""high_d2"": 49.33996591113967, ""high_d3"": 33.166814329835034, ""high_alpha3"": 0.5903562475058601, ""low_w1"": 0.8650399455186428, ""low_w2"": 0.6753651793199051, ""low_w3"": 0.9225561805486087, ""low_d1"": 10.859423414632838, ""low_d2"": 2.8971268765441023, ""low_d3"": 30.528297486849766, ""low_alpha3"": 0.03994246789632612}","{""pop_size"": 100, ""max_iter"": 50, ""lp1"": 0.5, ""lp2"": 0.5, ""stagnation_limit"": 10}"
296,abo,weighted,26,fixed,-12091.4547255099,12091.4547255099,4455.33379224963,51,7110.27260599985,False,"{""high_w1"": 0.7284203741201384, ""high_w2"": 0.38785075599294294, ""high_w3"": 0.32777160311630316, ""high_d1"": 47.7020170778607, ""high_d2"": 38.84709297078062, ""high_d3"": 42.939531936271635, ""high_alpha3"": 0.46239485645388784, ""low_w1"": 0.1739272205951529, ""low_w2"": 0.7102189221536221, ""low_w3"": 0.5195790982883444, ""low_d1"": 19.36524674793114, ""low_d2"": 16.80600514721214, ""low_d3"": 24.235611023188042, ""low_alpha3"": 0.3670890820587075}","{""pop_size"": 100, ""max_iter"": 50, ""lp1"": 0.5, ""lp2"": 0.5, ""stagnation_limit"": 10}"
297,abo,weighted,27,fixed,-11109.5293218622,11109.5293218622,4788.90600495675,51,7075.98560899896,False,"{""high_w1"": 0.9020480552335742, ""high_w2"": 0.8088615056882568, ""high_w3"": 0.4379522947201169, ""high_d1"": 49.30152035201333, ""high_d2"": 48.83869617289673, ""high_d3"": 21.166302588559766, ""high_alpha3"": 0.805361437813567, ""low_w1"": 0.2227808096925888, ""low_w2"": 0.6244218432095459, ""low_w3"": 0.4184796077423212, ""low_d1"": 29.37254295563781, ""low_d2"": 18.042613055904233, ""low_d3"": 12.221019518910301, ""low_alpha3"": 0.5378765082378548}","{""pop_size"": 100, ""max_iter"": 50, ""lp1"": 0.5, ""lp2"": 0.5, ""stagnation_limit"": 10}"
298,abo,weighted,28,fixed,-13026.7838301024,13026.7838301024,4191.86364487652,51,7122.72956700144,False,"{""high_w1"": 0.6335277898920084, ""high_w2"": 0.4747448010901699, ""high_w3"": 0.7440759665086931, ""high_d1"": 36.40801580588684, ""high_d2"": 29.86459288394554, ""high_d3"": 35.66204896703471, ""high_alpha3"": 0.01, ""low_w1"": 0.04864656848693279, ""low_w2"": 0.6817001382706152, ""low_w3"": 0.5675943930946385, ""low_d1"": 20.195341779302183, ""low_d2"": 19.43769619020182, ""low_d3"": 26.054063491042314, ""low_alpha3"": 0.04487290488126547}","{""pop_size"": 100, ""max_iter"": 50, ""lp1"": 0.5, ""lp2"": 0.5, ""stagnation_limit"": 10}"
299,abo,weighted,29,fixed,-11256.9879406288,11256.9879406288,4825.22230979947,51,7316.91210600002,False,"{""high_w1"": 0.5681251401411517, ""high_w2"": 0.8041926115393101, ""high_w3"": 0.6608261404866966, ""high_d1"": 44.26572287853203, ""high_d2"": 39.277378172512, ""high_d3"": 6.7281374790316795, ""high_alpha3"": 0.3080652007747835, ""low_w1"": 0.44955242660058126, ""low_w2"": 0.28988433762052873, ""low_w3"": 0.3261637543661907, ""low_d1"": 16.12645806941826, ""low_d2"": 15.041294400651278, ""low_d3"": 31.07861576176323, ""low_alpha3"": 0.3541289084881301}","{""pop_size"": 100, ""max_iter"": 50, ""lp1"": 0.5, ""lp2"": 0.5, ""stagnation_limit"": 10}"
300,mrfo,sma,0,fixed,-932.49722762536,932.49722762536,1180.27572148885,50,17487.9162990001,False,"{""short_window"": 49.0, ""long_window"": 197.0}","{""pop_size"": 100, ""max_iter"": 50, ""somersault_range"": 2.0}"
301,mrfo,sma,1,fixed,-932.49722762536,932.49722762536,1180.27572148885,50,17578.5860409997,False,"{""short_window"": 49.0, ""long_window"": 197.0}","{""pop_size"": 100, ""max_iter"": 50, ""somersault_range"": 2.0}"
302,mrfo,sma,2,fixed,-932.49722762536,932.49722762536,1180.27572148885,50,17488.8570759995,False,"{""short_window"": 49.0, ""long_window"": 197.0}","{""pop_size"": 100, ""max_iter"": 50, ""somersault_range"": 2.0}"
303,mrfo,sma,3,fixed,-932.49722762536,932.49722762536,1180.27572148885,50,17494.6673920003,False,"{""short_window"": 49.0, ""long_window"": 197.0}","{""pop_size"": 100, ""max_iter"": 50, ""somersault_range"": 2.0}"
304,mrfo,sma,4,fixed,-932.49722762536,932.49722762536,1180.27572148885,50,17487.3047480014,False,"{""short_window"": 49.0, ""long_window"": 197.0}","{""pop_size"": 100, ""max_iter"": 50, ""somersault_range"": 2.0}"
305,mrfo,sma,5,fixed,-932.49722762536,932.49722762536,1180.27572148885,50,17487.652707001,False,"{""short_window"": 49.0, ""long_window"": 197.0}","{""pop_size"": 100, ""max_iter"": 50, ""somersault_range"": 2.0}"
306,mrfo,sma,7,fixed,-932.49722762536,932.49722762536,1180.27572148885,50,17485.6354420008,False,"{""short_window"": 49.0, ""long_window"": 197.0}","{""pop_size"": 100, ""max_iter"": 50, ""somersault_range"": 2.0}"
307,mrfo,sma,6,fixed,-932.49722762536,932.49722762536,1180.27572148885,50,17594.2048029992,False,"{""short_window"": 49.0, ""long_window"": 197.0}","{""pop_size"": 100, ""max_iter"": 50, ""somersault_range"": 2.0}"
308,mrfo,sma,8,fixed,-932.49722762536,932.49722762536,1180.27572148885,50,17595.4167130003,False,"{""short_window"": 49.0, ""long_window"": 197.0}","{""pop_size"": 100, ""max_iter"": 50, ""somersault_range"": 2.0}"
309,mrfo,sma,9,fixed,-932.49722762536,932.49722762536,1180.27572148885,50,17574.7136359987,False,"{""short_window"": 49.0, ""long_window"": 197.0}","{""pop_size"": 100, ""max_iter"": 50, ""somersault_range"": 2.0}"
310,mrfo,sma,10,fixed,-932.49722762536,932.49722762536,1180.27572148885,50,17571.5017219991,False,"{""short_window"": 49.0, ""long_window"": 197.0}","{""pop_size"": 100, ""max_iter"": 50, ""somersault_range"": 2.0}"
311,mrfo,sma,11,fixed,-932.49722762536,932.49722762536,1180.27572148885,50,17582.9155880001,False,"{""short_window"": 49.0, ""long_window"": 197.0}","{""pop_size"": 100, ""max_iter"": 50, ""somersault_range"": 2.0}"
312,mrfo,sma,12,fixed,-932.49722762536,932.49722762536,1180.27572148885,50,17518.6974810003,False,"{""short_window"": 49.0, ""long_window"": 197.0}","{""pop_size"": 100, ""max_iter"": 50, ""somersault_range"": 2.0}"
313,mrfo,sma,14,fixed,-932.49722762536,932.49722762536,1180.27572148885,50,17517.7168909995,False,"{""short_window"": 49.0, ""long_window"": 197.0}","{""pop_size"": 100, ""max_iter"": 50, ""somersault_range"": 2.0}"
314,mrfo,sma,13,fixed,-932.49722762536,932.49722762536,1180.27572148885,50,17611.7524340007,False,"{""short_window"": 49.0, ""long_window"": 197.0}","{""pop_size"": 100, ""max_iter"": 50, ""somersault_range"": 2.0}"
315,mrfo,sma,15,fixed,-932.49722762536,932.49722762536,1180.27572148885,50,17521.232051,False,"{""short_window"": 49.0, ""long_window"": 197.0}","{""pop_size"": 100, ""max_iter"": 50, ""somersault_range"": 2.0}"
316,mrfo,sma,16,fixed,-932.49722762536,932.49722762536,1180.27572148885,50,17518.9867139998,False,"{""short_window"": 49.0, ""long_window"": 197.0}","{""pop_size"": 100, ""max_iter"": 50, ""somersault_range"": 2.0}"
317,mrfo,sma,17,fixed,-932.49722762536,932.49722762536,1180.27572148885,50,17524.1983840006,False,"{""short_window"": 49.0, ""long_window"": 197.0}","{""pop_size"": 100, ""max_iter"": 50, ""somersault_range"": 2.0}"
318,mrfo,sma,18,fixed,-932.49722762536,932.49722762536,1180.27572148885,50,17516.0282630004,False,"{""short_window"": 49.0, ""long_window"": 197.0}","{""pop_size"": 100, ""max_iter"": 50, ""somersault_range"": 2.0}"
319,mrfo,sma,19,fixed,-932.49722762536,932.49722762536,1180.27572148885,50,17617.0448940011,False,"{""short_window"": 49.0, ""long_window"": 197.0}","{""pop_size"": 100, ""max_iter"": 50, ""somersault_range"": 2.0}"
320,mrfo,sma,20,fixed,-932.49722762536,932.49722762536,1180.27572148885,50,17615.9804069994,False,"{""short_window"": 49.0, ""long_window"": 197.0}","{""pop_size"": 100, ""max_iter"": 50, ""somersault_range"": 2.0}"
321,mrfo,sma,21,fixed,-932.49722762536,932.49722762536,1180.27572148885,50,17604.5732580005,False,"{""short_window"": 49.0, ""long_window"": 197.0}","{""pop_size"": 100, ""max_iter"": 50, ""somersault_range"": 2.0}"
322,mrfo,sma,22,fixed,-932.49722762536,932.49722762536,1180.27572148885,50,17594.9251210004,False,"{""short_window"": 49.0, ""long_window"": 197.0}","{""pop_size"": 100, ""max_iter"": 50, ""somersault_range"": 2.0}"
323,mrfo,sma,23,fixed,-932.49722762536,932.49722762536,1180.27572148885,50,17601.4708519997,False,"{""short_window"": 49.0, ""long_window"": 197.0}","{""pop_size"": 100, ""max_iter"": 50, ""somersault_range"": 2.0}"
324,mrfo,sma,24,fixed,-932.49722762536,932.49722762536,1180.27572148885,50,17456.0677689988,False,"{""short_window"": 49.0, ""long_window"": 197.0}","{""pop_size"": 100, ""max_iter"": 50, ""somersault_range"": 2.0}"
325,mrfo,sma,25,fixed,-932.49722762536,932.49722762536,1180.27572148885,50,17435.6221739999,False,"{""short_window"": 49.0, ""long_window"": 197.0}","{""pop_size"": 100, ""max_iter"": 50, ""somersault_range"": 2.0}"
326,mrfo,sma,26,fixed,-932.49722762536,932.49722762536,1180.27572148885,50,17525.3779699997,False,"{""short_window"": 49.0, ""long_window"": 197.0}","{""pop_size"": 100, ""max_iter"": 50, ""somersault_range"": 2.0}"
327,mrfo,sma,27,fixed,-932.49722762536,932.49722762536,1180.27572148885,50,17429.7207399995,False,"{""short_window"": 49.0, ""long_window"": 197.0}","{""pop_size"": 100, ""max_iter"": 50, ""somersault_range"": 2.0}"
328,mrfo,sma,28,fixed,-932.49722762536,932.49722762536,1180.27572148885,50,17444.5854389996,False,"{""short_window"": 49.0, ""long_window"": 197.0}","{""pop_size"": 100, ""max_iter"": 50, ""somersault_range"": 2.0}"
329,mrfo,sma,29,fixed,-932.49722762536,932.49722762536,1180.27572148885,50,17425.0183189997,False,"{""short_window"": 49.0, ""long_window"": 197.0}","{""pop_size"": 100, ""max_iter"": 50, ""somersault_range"": 2.0}"
330,mrfo,lma,0,fixed,-818.928633013523,818.928633013523,907.977723746608,50,17507.2078100002,False,"{""short_window"": 21.0, ""long_window"": 195.0}","{""pop_size"": 100, ""max_iter"": 50, ""somersault_range"": 2.0}"
331,mrfo,lma,1,fixed,-818.928633013523,818.928633013523,907.977723746608,50,17597.1159319997,False,"{""short_window"": 21.0, ""long_window"": 195.0}","{""pop_size"": 100, ""max_iter"": 50, ""somersault_range"": 2.0}"
332,mrfo,lma,3,fixed,-772.378132202087,772.378132202087,605.468432619929,50,17324.8585509991,False,"{""short_window"": 24.0, ""long_window"": 64.0}","{""pop_size"": 100, ""max_iter"": 50, ""somersault_range"": 2.0}"
333,mrfo,lma,2,fixed,-818.928633013523,818.928633013523,907.977723746608,50,17598.3863869988,False,"{""short_window"": 21.0, ""long_window"": 195.0}","{""pop_size"": 100, ""max_iter"": 50, ""somersault_range"": 2.0}"
334,mrfo,lma,4,fixed,-818.928633013523,818.928633013523,907.977723746608,50,17566.2509949998,False,"{""short_window"": 21.0, ""long_window"": 195.0}","{""pop_size"": 100, ""max_iter"": 50, ""somersault_range"": 2.0}"
335,mrfo,lma,5,fixed,-818.928633013523,818.928633013523,907.977723746608,50,17608.6098019987,False,"{""short_window"": 21.0, ""long_window"": 195.0}","{""pop_size"": 100, ""max_iter"": 50, ""somersault_range"": 2.0}"
336,mrfo,lma,6,fixed,-818.928633013523,818.928633013523,907.977723746608,50,17409.163033999,False,"{""short_window"": 21.0, ""long_window"": 195.0}","{""pop_size"": 100, ""max_iter"": 50, ""somersault_range"": 2.0}"
337,mrfo,lma,9,fixed,-800.109005668366,800.109005668366,487.740312063578,50,17182.2338229995,False,"{""short_window"": 35.0, ""long_window"": 56.0}","{""pop_size"": 100, ""max_iter"": 50, ""somersault_range"": 2.0}"
338,mrfo,lma,7,fixed,-818.928633013523,818.928633013523,907.977723746608,50,17411.3225660003,False,"{""short_window"": 21.0, ""long_window"": 195.0}","{""pop_size"": 100, ""max_iter"": 50, ""somersault_range"": 2.0}"
339,mrfo,lma,8,fixed,-776.262974610292,776.262974610292,671.50931478053,50,17305.5980879999,False,"{""short_window"": 20.0, ""long_window"": 85.0}","{""pop_size"": 100, ""max_iter"": 50, ""somersault_range"": 2.0}"
340,mrfo,lma,10,fixed,-818.928633013523,818.928633013523,907.977723746608,50,17418.0090469999,False,"{""short_window"": 21.0, ""long_window"": 195.0}","{""pop_size"": 100, ""max_iter"": 50, ""somersault_range"": 2.0}"
341,mrfo,lma,11,fixed,-800.109005668366,800.109005668366,487.740312063578,50,17171.7520729999,False,"{""short_window"": 35.0, ""long_window"": 56.0}","{""pop_size"": 100, ""max_iter"": 50, ""somersault_range"": 2.0}"
342,mrfo,lma,12,fixed,-818.928633013523,818.928633013523,907.977723746608,50,17397.4801389995,False,"{""short_window"": 21.0, ""long_window"": 195.0}","{""pop_size"": 100, ""max_iter"": 50, ""somersault_range"": 2.0}"
343,mrfo,lma,13,fixed,-818.928633013523,818.928633013523,907.977723746608,50,17507.0957909993,False,"{""short_window"": 21.0, ""long_window"": 195.0}","{""pop_size"": 100, ""max_iter"": 50, ""somersault_range"": 2.0}"
344,mrfo,lma,14,fixed,-800.109005668366,800.109005668366,487.740312063578,50,17266.5899629992,False,"{""short_window"": 35.0, ""long_window"": 56.0}","{""pop_size"": 100, ""max_iter"": 50, ""somersault_range"": 2.0}"
345,mrfo,lma,15,fixed,-800.109005668366,800.109005668366,487.740312063578,50,17279.6053399998,False,"{""short_window"": 35.0, ""long_window"": 56.0}","{""pop_size"": 100, ""max_iter"": 50, ""somersault_range"": 2.0}"
346,mrfo,lma,16,fixed,-800.109005668366,800.109005668366,487.740312063578,50,17258.5908310011,False,"{""short_window"": 35.0, ""long_window"": 56.0}","{""pop_size"": 100, ""max_iter"": 50, ""somersault_range"": 2.0}"
347,mrfo,lma,17,fixed,-800.109005668366,800.109005668366,487.740312063578,50,17274.1460819998,False,"{""short_window"": 35.0, ""long_window"": 56.0}","{""pop_size"": 100, ""max_iter"": 50, ""somersault_range"": 2.0}"
348,mrfo,lma,18,fixed,-818.928633013523,818.928633013523,907.977723746608,50,17453.2797780012,False,"{""short_window"": 21.0, ""long_window"": 195.0}","{""pop_size"": 100, ""max_iter"": 50, ""somersault_range"": 2.0}"
349,mrfo,lma,19,fixed,-800.109005668366,800.109005668366,487.740312063578,50,17201.710753001,False,"{""short_window"": 35.0, ""long_window"": 56.0}","{""pop_size"": 100, ""max_iter"": 50, ""somersault_range"": 2.0}"
350,mrfo,lma,21,fixed,-818.928633013523,818.928633013523,907.977723746608,50,17386.6601560003,False,"{""short_window"": 21.0, ""long_window"": 195.0}","{""pop_size"": 100, ""max_iter"": 50, ""somersault_range"": 2.0}"
351,mrfo,lma,20,fixed,-818.928633013523,818.928633013523,907.977723746608,50,17415.9796480017,False,"{""short_window"": 21.0, ""long_window"": 195.0}","{""pop_size"": 100, ""max_iter"": 50, ""somersault_range"": 2.0}"
352,mrfo,lma,22,fixed,-800.109005668366,800.109005668366,487.740312063578,50,17195.1619819993,False,"{""short_window"": 35.0, ""long_window"": 56.0}","{""pop_size"": 100, ""max_iter"": 50, ""somersault_range"": 2.0}"
353,mrfo,lma,23,fixed,-818.928633013523,818.928633013523,907.977723746608,50,17448.6228700007,False,"{""short_window"": 21.0, ""long_window"": 195.0}","{""pop_size"": 100, ""max_iter"": 50, ""somersault_range"": 2.0}"
354,mrfo,lma,24,fixed,-800.109005668366,800.109005668366,487.740312063578,50,17205.1486809996,False,"{""short_window"": 35.0, ""long_window"": 56.0}","{""pop_size"": 100, ""max_iter"": 50, ""somersault_range"": 2.0}"
355,mrfo,lma,26,fixed,-800.109005668366,800.109005668366,487.740312063578,50,17311.3765050002,False,"{""short_window"": 35.0, ""long_window"": 56.0}","{""pop_size"": 100, ""max_iter"": 50, ""somersault_range"": 2.0}"
356,mrfo,lma,25,fixed,-818.928633013523,818.928633013523,907.977723746608,50,17577.5971399999,False,"{""short_window"": 21.0, ""long_window"": 195.0}","{""pop_size"": 100, ""max_iter"": 50, ""somersault_range"": 2.0}"
357,mrfo,lma,27,fixed,-818.928633013523,818.928633013523,907.977723746608,50,17561.5393099997,False,"{""short_window"": 21.0, ""long_window"": 195.0}","{""pop_size"": 100, ""max_iter"": 50, ""somersault_range"": 2.0}"
358,mrfo,lma,28,fixed,-818.928633013523,818.928633013523,907.977723746608,50,17565.4545840007,False,"{""short_window"": 21.0, ""long_window"": 195.0}","{""pop_size"": 100, ""max_iter"": 50, ""somersault_range"": 2.0}"
359,mrfo,lma,29,fixed,-818.928633013523,818.928633013523,907.977723746608,50,17601.7131549997,False,"{""short_window"": 21.0, ""long_window"": 195.0}","{""pop_size"": 100, ""max_iter"": 50, ""somersault_range"": 2.0}"
360,mrfo,ema_shared,0,fixed,-64746.722593816,64746.722593816,1000,50,17939.6430369998,False,"{""short_window"": 29.0, ""long_window"": 110.0, ""alpha"": 0.8416500258573828}","{""pop_size"": 100, ""max_iter"": 50, ""somersault_range"": 2.0}"
361,mrfo,ema_shared,1,fixed,-62234.880255116,62234.880255116,1000,50,17812.7829040004,False,"{""short_window"": 34.0, ""long_window"": 113.0, ""alpha"": 0.7855780555996015}","{""pop_size"": 100, ""max_iter"": 50, ""somersault_range"": 2.0}"
362,mrfo,ema_shared,2,fixed,-57419.7156835223,57419.7156835223,1579.35417867526,50,17794.0459449983,False,"{""short_window"": 36.0, ""long_window"": 57.0, ""alpha"": 0.8063320922507102}","{""pop_size"": 100, ""max_iter"": 50, ""somersault_range"": 2.0}"
363,mrfo,ema_shared,3,fixed,-72454.3145360523,72454.3145360523,694.990039185235,50,17831.038231001,False,"{""short_window"": 39.0, ""long_window"": 120.0, ""alpha"": 0.6442293004036792}","{""pop_size"": 100, ""max_iter"": 50, ""somersault_range"": 2.0}"
364,mrfo,ema_shared,4,fixed,-53588.3783791045,53588.3783791045,4865.34423036618,50,17889.2465120007,False,"{""short_window"": 30.0, ""long_window"": 117.0, ""alpha"": 0.7356091448090909}","{""pop_size"": 100, ""max_iter"": 50, ""somersault_range"": 2.0}"
365,mrfo,ema_shared,5,fixed,-51442.868071058,51442.868071058,1000,50,17834.4642640004,False,"{""short_window"": 38.0, ""long_window"": 117.0, ""alpha"": 0.9166343318647444}","{""pop_size"": 100, ""max_iter"": 50, ""somersault_range"": 2.0}"
366,mrfo,ema_shared,6,fixed,-62463.1092436975,62463.1092436975,1055.6298083338,50,17900.4054649995,False,"{""short_window"": 28.0, ""long_window"": 107.0, ""alpha"": 0.9241589645613039}","{""pop_size"": 100, ""max_iter"": 50, ""somersault_range"": 2.0}"
367,mrfo,ema_shared,7,fixed,-55424.8944322155,55424.8944322155,718.562051257022,50,18035.7170800016,False,"{""short_window"": 27.0, ""long_window"": 120.0, ""alpha"": 0.8104849020342312}","{""pop_size"": 100, ""max_iter"": 50, ""somersault_range"": 2.0}"
368,mrfo,ema_shared,8,fixed,-68623.083614466,68623.083614466,2382.9538703627,50,17986.0865279989,False,"{""short_window"": 40.0, ""long_window"": 115.0, ""alpha"": 0.6507747536334242}","{""pop_size"": 100, ""max_iter"": 50, ""somersault_range"": 2.0}"
369,mrfo,ema_shared,9,fixed,-40486.2249852982,40486.2249852982,3293.57386802815,50,18002.1578530013,False,"{""short_window"": 32.0, ""long_window"": 107.0, ""alpha"": 0.8384634491089418}","{""pop_size"": 100, ""max_iter"": 50, ""somersault_range"": 2.0}"
370,mrfo,ema_shared,10,fixed,-72449.0392889715,72449.0392889715,969.811751496929,50,18032.740603001,False,"{""short_window"": 36.0, ""long_window"": 107.0, ""alpha"": 0.8020963986405389}","{""pop_size"": 100, ""max_iter"": 50, ""somersault_range"": 2.0}"
371,mrfo,ema_shared,11,fixed,-66995.6451279668,66995.6451279668,921.564538247229,50,17925.0046300003,False,"{""short_window"": 37.0, ""long_window"": 102.0, ""alpha"": 0.7870938714387232}","{""pop_size"": 100, ""max_iter"": 50, ""somersault_range"": 2.0}"
372,mrfo,ema_shared,12,fixed,-69271.5884378398,69271.5884378398,1000,50,17791.1113270002,False,"{""short_window"": 35.0, ""long_window"": 108.0, ""alpha"": 0.9132625787293713}","{""pop_size"": 100, ""max_iter"": 50, ""somersault_range"": 2.0}"
373,mrfo,ema_shared,15,fixed,-100203.930599,100203.930599,1137.47529680885,50,17644.4033039988,False,"{""short_window"": 29.0, ""long_window"": 61.0, ""alpha"": 0.7071036808439448}","{""pop_size"": 100, ""max_iter"": 50, ""somersault_range"": 2.0}"
374,mrfo,ema_shared,13,fixed,-51959.7809246729,51959.7809246729,3507.87162975267,50,18010.8396689993,True,"{""short_window"": 17.0, ""long_window"": 84.0, ""alpha"": 0.8643568392123925}","{""pop_size"": 100, ""max_iter"": 50, ""somersault_range"": 2.0}"
375,mrfo,ema_shared,16,fixed,-62241.4954693691,62241.4954693691,714.011656850297,50,17789.5962519997,False,"{""short_window"": 34.0, ""long_window"": 113.0, ""alpha"": 0.7983890262074625}","{""pop_size"": 100, ""max_iter"": 50, ""somersault_range"": 2.0}"
376,mrfo,ema_shared,14,fixed,-79302.5635032378,79302.5635032378,5660.26318654683,50,17986.1424989995,False,"{""short_window"": 29.0, ""long_window"": 118.0, ""alpha"": 0.8220827661383873}","{""pop_size"": 100, ""max_iter"": 50, ""somersault_range"": 2.0}"
377,mrfo,ema_shared,17,fixed,-56902.7003755759,56902.7003755759,1000,50,17873.2709569995,False,"{""short_window"": 29.0, ""long_window"": 110.0, ""alpha"": 0.8208888701610906}","{""pop_size"": 100, ""max_iter"": 50, ""somersault_range"": 2.0}"
378,mrfo,ema_shared,18,fixed,-68460.5444162389,68460.5444162389,484.183727559641,50,17945.5437199995,False,"{""short_window"": 35.0, ""long_window"": 120.0, ""alpha"": 0.8107704291701959}","{""pop_size"": 100, ""max_iter"": 50, ""somersault_range"": 2.0}"
379,mrfo,ema_shared,19,fixed,-59336.4057176494,59336.4057176494,1284.4728019331,50,17864.9251839997,False,"{""short_window"": 36.0, ""long_window"": 83.0, ""alpha"": 0.8623440089214238}","{""pop_size"": 100, ""max_iter"": 50, ""somersault_range"": 2.0}"
380,mrfo,ema_shared,20,fixed,-71512.0810652054,71512.0810652054,735.272400997246,50,18016.1155599999,False,"{""short_window"": 35.0, ""long_window"": 108.0, ""alpha"": 0.7758196763010808}","{""pop_size"": 100, ""max_iter"": 50, ""somersault_range"": 2.0}"
381,mrfo,ema_shared,21,fixed,-60815.4061119625,60815.4061119625,1401.49389320586,50,17947.437584,False,"{""short_window"": 36.0, ""long_window"": 99.0, ""alpha"": 0.8592458012215377}","{""pop_size"": 100, ""max_iter"": 50, ""somersault_range"": 2.0}"
382,mrfo,ema_shared,22,fixed,-65056.8974662787,65056.8974662787,915.531612670873,50,17956.838570999,False,"{""short_window"": 29.0, ""long_window"": 101.0, ""alpha"": 0.729724303778085}","{""pop_size"": 100, ""max_iter"": 50, ""somersault_range"": 2.0}"
383,mrfo,ema_shared,23,fixed,-64221.3966017406,64221.3966017406,1000,50,17961.8344730006,False,"{""short_window"": 38.0, ""long_window"": 101.0, ""alpha"": 0.8260632340588212}","{""pop_size"": 100, ""max_iter"": 50, ""somersault_range"": 2.0}"
384,mrfo,ema_shared,24,fixed,-171987.576407125,171987.576407125,559.453623646144,50,17784.9881340007,False,"{""short_window"": 35.0, ""long_window"": 120.0, ""alpha"": 0.787433111574475}","{""pop_size"": 100, ""max_iter"": 50, ""somersault_range"": 2.0}"
385,mrfo,ema_shared,26,fixed,-75337.9087423378,75337.9087423378,2120.49258183837,50,17740.8325150009,False,"{""short_window"": 40.0, ""long_window"": 115.0, ""alpha"": 0.8528078586404976}","{""pop_size"": 100, ""max_iter"": 50, ""somersault_range"": 2.0}"
386,mrfo,ema_shared,25,fixed,-58111.17983777,58111.17983777,1000,50,17823.1897190017,False,"{""short_window"": 21.0, ""long_window"": 54.0, ""alpha"": 0.8749088974595265}","{""pop_size"": 100, ""max_iter"": 50, ""somersault_range"": 2.0}"
387,mrfo,ema_shared,27,fixed,-57787.0825961159,57787.0825961159,4510.14153508042,50,17719.4688610016,False,"{""short_window"": 40.0, ""long_window"": 99.0, ""alpha"": 0.8369809262944292}","{""pop_size"": 100, ""max_iter"": 50, ""somersault_range"": 2.0}"
388,mrfo,ema_shared,28,fixed,-77374.5099603614,77374.5099603614,670.595268015519,50,17868.1485249999,False,"{""short_window"": 34.0, ""long_window"": 105.0, ""alpha"": 0.7898690867741746}","{""pop_size"": 100, ""max_iter"": 50, ""somersault_range"": 2.0}"
389,mrfo,ema_shared,29,fixed,-58890.4435210721,58890.4435210721,1000,50,17643.7217109997,False,"{""short_window"": 38.0, ""long_window"": 45.0, ""alpha"": 0.8273754854312887}","{""pop_size"": 100, ""max_iter"": 50, ""somersault_range"": 2.0}"
390,mrfo,ema_independent,0,fixed,-1000,1000,1000,50,17441.428098,True,"{""short_window"": 45.0, ""long_window"": 129.0, ""alpha_short"": 1.0, ""alpha_long"": 1.0}","{""pop_size"": 100, ""max_iter"": 50, ""somersault_range"": 2.0}"
391,mrfo,ema_independent,1,fixed,-1000,1000,1000,50,17669.882963999,True,"{""short_window"": 46.0, ""long_window"": 175.0, ""alpha_short"": 1.0, ""alpha_long"": 1.0}","{""pop_size"": 100, ""max_iter"": 50, ""somersault_range"": 2.0}"
392,mrfo,ema_independent,2,fixed,-1000,1000,1000,50,17545.5681999993,True,"{""short_window"": 49.0, ""long_window"": 85.0, ""alpha_short"": 1.0, ""alpha_long"": 1.0}","{""pop_size"": 100, ""max_iter"": 50, ""somersault_range"": 2.0}"
393,mrfo,ema_independent,3,fixed,-1000,1000,1000,50,17403.9637089991,True,"{""short_window"": 8.0, ""long_window"": 135.0, ""alpha_short"": 1.0, ""alpha_long"": 1.0}","{""pop_size"": 100, ""max_iter"": 50, ""somersault_range"": 2.0}"
394,mrfo,ema_independent,4,fixed,-1000,1000,1000,50,17552.4346910006,True,"{""short_window"": 40.0, ""long_window"": 108.0, ""alpha_short"": 1.0, ""alpha_long"": 1.0}","{""pop_size"": 100, ""max_iter"": 50, ""somersault_range"": 2.0}"
395,mrfo,ema_independent,5,fixed,-1000,1000,1000,50,17496.7795159992,True,"{""short_window"": 27.0, ""long_window"": 176.0, ""alpha_short"": 1.0, ""alpha_long"": 1.0}","{""pop_size"": 100, ""max_iter"": 50, ""somersault_range"": 2.0}"
396,mrfo,ema_independent,6,fixed,-1000,1000,1000,50,17368.9235829988,True,"{""short_window"": 19.0, ""long_window"": 161.0, ""alpha_short"": 1.0, ""alpha_long"": 1.0}","{""pop_size"": 100, ""max_iter"": 50, ""somersault_range"": 2.0}"
397,mrfo,ema_independent,7,fixed,-1000,1000,1000,50,17347.1536540001,True,"{""short_window"": 14.0, ""long_window"": 141.0, ""alpha_short"": 1.0, ""alpha_long"": 1.0}","{""pop_size"": 100, ""max_iter"": 50, ""somersault_range"": 2.0}"
398,mrfo,ema_independent,8,fixed,-1000,1000,1000,50,17388.0101249997,True,"{""short_window"": 30.0, ""long_window"": 111.0, ""alpha_short"": 1.0, ""alpha_long"": 1.0}","{""pop_size"": 100, ""max_iter"": 50, ""somersault_range"": 2.0}"
399,mrfo,ema_independent,9,fixed,-1000,1000,1000,50,17441.1933320007,True,"{""short_window"": 34.0, ""long_window"": 145.0, ""alpha_short"": 1.0, ""alpha_long"": 1.0}","{""pop_size"": 100, ""max_iter"": 50, ""somersault_range"": 2.0}"
400,mrfo,ema_independent,10,fixed,-1000,1000,1000,50,17546.9937830003,True,"{""short_window"": 50.0, ""long_window"": 104.0, ""alpha_short"": 1.0, ""alpha_long"": 1.0}","{""pop_size"": 100, ""max_iter"": 50, ""somersault_range"": 2.0}"
401,mrfo,ema_independent,11,fixed,-1000,1000,1000,50,17439.2456120004,True,"{""short_window"": 27.0, ""long_window"": 139.0, ""alpha_short"": 1.0, ""alpha_long"": 1.0}","{""pop_size"": 100, ""max_iter"": 50, ""somersault_range"": 2.0}"
402,mrfo,ema_independent,12,fixed,-1000,1000,1000,50,17394.9114139996,True,"{""short_window"": 24.0, ""long_window"": 125.0, ""alpha_short"": 1.0, ""alpha_long"": 1.0}","{""pop_size"": 100, ""max_iter"": 50, ""somersault_range"": 2.0}"
403,mrfo,ema_independent,14,fixed,-1000,1000,1000,50,17344.2845539994,True,"{""short_window"": 7.0, ""long_window"": 175.0, ""alpha_short"": 1.0, ""alpha_long"": 1.0}","{""pop_size"": 100, ""max_iter"": 50, ""somersault_range"": 2.0}"
404,mrfo,ema_independent,15,fixed,-1000,1000,1000,50,17366.0485889995,True,"{""short_window"": 18.0, ""long_window"": 73.0, ""alpha_short"": 1.0, ""alpha_long"": 1.0}","{""pop_size"": 100, ""max_iter"": 50, ""somersault_range"": 2.0}"
405,mrfo,ema_independent,13,fixed,-1000,1000,1000,50,17587.4203559997,True,"{""short_window"": 47.0, ""long_window"": 150.0, ""alpha_short"": 1.0, ""alpha_long"": 1.0}","{""pop_size"": 100, ""max_iter"": 50, ""somersault_range"": 2.0}"
406,mrfo,ema_independent,16,fixed,-1000,1000,1000,50,17277.4914820002,True,"{""short_window"": 4.0, ""long_window"": 197.0, ""alpha_short"": 1.0, ""alpha_long"": 1.0}","{""pop_size"": 100, ""max_iter"": 50, ""somersault_range"": 2.0}"
407,mrfo,ema_independent,17,fixed,-1000,1000,1000,50,17491.661570999,True,"{""short_window"": 24.0, ""long_window"": 123.0, ""alpha_short"": 1.0, ""alpha_long"": 1.0}","{""pop_size"": 100, ""max_iter"": 50, ""somersault_range"": 2.0}"
408,mrfo,ema_independent,18,fixed,-1000,1000,1000,50,17374.130234999,True,"{""short_window"": 34.0, ""long_window"": 111.0, ""alpha_short"": 1.0, ""alpha_long"": 1.0}","{""pop_size"": 100, ""max_iter"": 50, ""somersault_range"": 2.0}"
409,mrfo,ema_independent,20,fixed,-1000,1000,1000,50,17225.9455459989,True,"{""short_window"": 10.0, ""long_window"": 170.0, ""alpha_short"": 1.0, ""alpha_long"": 1.0}","{""pop_size"": 100, ""max_iter"": 50, ""somersault_range"": 2.0}"
410,mrfo,ema_independent,19,fixed,-1000,1000,1000,50,17441.3397049993,True,"{""short_window"": 36.0, ""long_window"": 182.0, ""alpha_short"": 1.0, ""alpha_long"": 1.0}","{""pop_size"": 100, ""max_iter"": 50, ""somersault_range"": 2.0}"
411,mrfo,ema_independent,21,fixed,-1000,1000,1000,50,17412.5621809999,True,"{""short_window"": 47.0, ""long_window"": 138.0, ""alpha_short"": 1.0, ""alpha_long"": 1.0}","{""pop_size"": 100, ""max_iter"": 50, ""somersault_range"": 2.0}"
412,mrfo,ema_independent,24,fixed,-1000,1000,1000,50,17152.305743999,True,"{""short_window"": 4.0, ""long_window"": 156.0, ""alpha_short"": 1.0, ""alpha_long"": 1.0}","{""pop_size"": 100, ""max_iter"": 50, ""somersault_range"": 2.0}"
413,mrfo,ema_independent,22,fixed,-1000,1000,1000,50,17462.5993240006,True,"{""short_window"": 37.0, ""long_window"": 92.0, ""alpha_short"": 1.0, ""alpha_long"": 1.0}","{""pop_size"": 100, ""max_iter"": 50, ""somersault_range"": 2.0}"
414,mrfo,ema_independent,23,fixed,-1000,1000,1000,50,17323.0163330009,True,"{""short_window"": 18.0, ""long_window"": 120.0, ""alpha_short"": 1.0, ""alpha_long"": 1.0}","{""pop_size"": 100, ""max_iter"": 50, ""somersault_range"": 2.0}"
415,mrfo,ema_independent,25,fixed,-1000,1000,1000,50,17302.6503159999,True,"{""short_window"": 3.0, ""long_window"": 185.0, ""alpha_short"": 1.0, ""alpha_long"": 1.0}","{""pop_size"": 100, ""max_iter"": 50, ""somersault_range"": 2.0}"
416,mrfo,ema_independent,26,fixed,-1000,1000,1000,50,17493.4958670001,True,"{""short_window"": 18.0, ""long_window"": 150.0, ""alpha_short"": 1.0, ""alpha_long"": 1.0}","{""pop_size"": 100, ""max_iter"": 50, ""somersault_range"": 2.0}"
417,mrfo,ema_independent,27,fixed,-1000,1000,1000,50,17455.6071779989,True,"{""short_window"": 18.0, ""long_window"": 129.0, ""alpha_short"": 1.0, ""alpha_long"": 1.0}","{""pop_size"": 100, ""max_iter"": 50, ""somersault_range"": 2.0}"
418,mrfo,ema_independent,28,fixed,-1000,1000,1000,50,17545.5761180001,True,"{""short_window"": 28.0, ""long_window"": 144.0, ""alpha_short"": 1.0, ""alpha_long"": 1.0}","{""pop_size"": 100, ""max_iter"": 50, ""somersault_range"": 2.0}"
419,mrfo,ema_independent,29,fixed,-1000,1000,1000,50,17233.7536699997,True,"{""short_window"": 3.0, ""long_window"": 102.0, ""alpha_short"": 1.0, ""alpha_long"": 1.0}","{""pop_size"": 100, ""max_iter"": 50, ""somersault_range"": 2.0}"
420,mrfo,weighted,0,fixed,-11781.6079825925,11781.6079825925,4903.52439866621,50,20871.2339049998,False,"{""high_w1"": 1.0, ""high_w2"": 1.0, ""high_w3"": 0.22656306996583497, ""high_d1"": 50.0, ""high_d2"": 50.0, ""high_d3"": 50.0, ""high_alpha3"": 0.12383901133012425, ""low_w1"": 1.0, ""low_w2"": 1.0, ""low_w3"": 1.0, ""low_d1"": 50.0, ""low_d2"": 50.0, ""low_d3"": 17.974905542926685, ""low_alpha3"": 0.1178250397572969}","{""pop_size"": 100, ""max_iter"": 50, ""somersault_range"": 2.0}"
421,mrfo,weighted,1,fixed,-66207.4441345565,66207.4441345565,3152.07514503237,50,20771.1104230002,False,"{""high_w1"": 0.8309059207131227, ""high_w2"": 0.8309059207131227, ""high_w3"": 0.8309059207131227, ""high_d1"": 41.70133668380167, ""high_d2"": 41.70133668380167, ""high_d3"": 38.92090906220854, ""high_alpha3"": 0.8349240727094887, ""low_w1"": 0.8309059207131227, ""low_w2"": 0.8309059207131227, ""low_w3"": 0.8309059207131227, ""low_d1"": 41.70133668380167, ""low_d2"": 41.70133668380167, ""low_d3"": 41.70133668380167, ""low_alpha3"": 0.8349240727094887}","{""pop_size"": 100, ""max_iter"": 50, ""somersault_range"": 2.0}"
422,mrfo,weighted,2,fixed,-11122.9021511376,11122.9021511376,3590.11331555905,50,20662.4596500005,False,"{""high_w1"": 1.0, ""high_w2"": 0.8154925856617457, ""high_w3"": 0.3002412863426793, ""high_d1"": 50.0, ""high_d2"": 50.0, ""high_d3"": 43.91666633502586, ""high_alpha3"": 0.8360409519125226, ""low_w1"": 0.26288737106584154, ""low_w2"": 1.0, ""low_w3"": 0.23952189674905885, ""low_d1"": 50.0, ""low_d2"": 17.06577687621782, ""low_d3"": 35.040325658910845, ""low_alpha3"": 0.776952669874634}","{""pop_size"": 100, ""max_iter"": 50, ""somersault_range"": 2.0}"
423,mrfo,weighted,3,fixed,-94026.5291724038,94026.5291724038,1898.57872033466,50,21047.8745630007,False,"{""high_w1"": 0.9995339392023335, ""high_w2"": 0.9995339392023335, ""high_w3"": 0.9995339392023335, ""high_d1"": 49.97683832542445, ""high_d2"": 49.97683832542445, ""high_d3"": 45.43510984817335, ""high_alpha3"": 0.9895497676696241, ""low_w1"": 0.9995339392023335, ""low_w2"": 0.9995339392023335, ""low_w3"": 0.9995339392023335, ""low_d1"": 49.97683832542445, ""low_d2"": 49.97683832542445, ""low_d3"": 49.97683832542445, ""low_alpha3"": 0.9895497676696241}","{""pop_size"": 100, ""max_iter"": 50, ""somersault_range"": 2.0}"
424,mrfo,weighted,5,fixed,-11637.8555141541,11637.8555141541,4983.56614562493,50,20759.0376699991,False,"{""high_w1"": 0.13278311698679518, ""high_w2"": 0.21641177209402576, ""high_w3"": 0.9894726669581853, ""high_d1"": 48.94356471123208, ""high_d2"": 50.0, ""high_d3"": 50.0, ""high_alpha3"": 0.06018185413390612, ""low_w1"": 0.21436455841065408, ""low_w2"": 0.14813142257390993, ""low_w3"": 1.0, ""low_d1"": 16.158563920913963, ""low_d2"": 15.474127005098978, ""low_d3"": 47.418037471757295, ""low_alpha3"": 0.10208898047351872}","{""pop_size"": 100, ""max_iter"": 50, ""somersault_range"": 2.0}"
425,mrfo,weighted,4,fixed,-79876.5881217356,79876.5881217356,3006.40312080646,50,21212.6695070001,False,"{""high_w1"": 0.8447708204612315, ""high_w2"": 0.8447708204612315, ""high_w3"": 0.8447708204612315, ""high_d1"": 42.23762184144962, ""high_d2"": 42.23762862957545, ""high_d3"": 30.45107733057779, ""high_alpha3"": 0.8363267387986587, ""low_w1"": 0.8447708204612315, ""low_w2"": 0.8447708204612315, ""low_w3"": 0.8447708204612315, ""low_d1"": 42.23762184144962, ""low_d2"": 42.23762184144962, ""low_d3"": 42.23762184144962, ""low_alpha3"": 0.8363267387986587}","{""pop_size"": 100, ""max_iter"": 50, ""somersault_range"": 2.0}"
426,mrfo,weighted,6,fixed,-103658.416273712,103658.416273712,2502.86657690477,50,21098.9715760006,False,"{""high_w1"": 0.782881424753945, ""high_w2"": 0.782881424753945, ""high_w3"": 0.782881424753945, ""high_d1"": 39.14407123769723, ""high_d2"": 39.14407123769723, ""high_d3"": 29.146845887531192, ""high_alpha3"": 0.7750526105064056, ""low_w1"": 0.782881424753945, ""low_w2"": 0.782881424753945, ""low_w3"": 0.782881424753945, ""low_d1"": 39.14407123769723, ""low_d2"": 39.14407123769723, ""low_d3"": 39.14407123769723, ""low_alpha3"": 0.7750526105064056}","{""pop_size"": 100, ""max_iter"": 50, ""somersault_range"": 2.0}"
427,mrfo,weighted,7,fixed,-10692.7447196887,10692.7447196887,4317.08173652865,50,20281.4895569991,False,"{""high_w1"": 0.4478850965785883, ""high_w2"": 0.3894323342224667, ""high_w3"": 0.7664744274206488, ""high_d1"": 49.48310034617288, ""high_d2"": 29.971798502539094, ""high_d3"": 10.73972793697866, ""high_alpha3"": 0.123806683280003, ""low_w1"": 0.8273170426648327, ""low_w2"": 0.7731095292041195, ""low_w3"": 0.5192217745536936, ""low_d1"": 9.867828952088246, ""low_d2"": 14.584458432080911, ""low_d3"": 16.306375983506907, ""low_alpha3"": 0.20854074748799095}","{""pop_size"": 100, ""max_iter"": 50, ""somersault_range"": 2.0}"
428,mrfo,weighted,8,fixed,-11557.6276471787,11557.6276471787,5407.99329717335,50,20438.6274209992,False,"{""high_w1"": 1.0, ""high_w2"": 0.15321329841754544, ""high_w3"": 0.4348922345456297, ""high_d1"": 42.93249881689516, ""high_d2"": 32.77182645348052, ""high_d3"": 6.3326588388914455, ""high_alpha3"": 0.3025406326309928, ""low_w1"": 0.6850064018209556, ""low_w2"": 0.6353377872016774, ""low_w3"": 0.10922452208091922, ""low_d1"": 8.313207208280842, ""low_d2"": 12.960099025337154, ""low_d3"": 37.11360287202404, ""low_alpha3"": 0.4800885642518649}","{""pop_size"": 100, ""max_iter"": 50, ""somersault_range"": 2.0}"
429,mrfo,weighted,9,fixed,-11737.7332832128,11737.7332832128,5565.30345703371,50,20438.9988059993,False,"{""high_w1"": 0.6148267722115499, ""high_w2"": 0.05, ""high_w3"": 0.20475633368299295, ""high_d1"": 46.48953793891262, ""high_d2"": 47.19602176248212, ""high_d3"": 4.35717276155584, ""high_alpha3"": 0.4943913454324743, ""low_w1"": 0.9216886608102591, ""low_w2"": 0.9068857521309933, ""low_w3"": 0.284387757399102, ""low_d1"": 10.109395669342387, ""low_d2"": 20.93732592199164, ""low_d3"": 45.03485003558977, ""low_alpha3"": 0.8790334386695771}","{""pop_size"": 100, ""max_iter"": 50, ""somersault_range"": 2.0}"
430,mrfo,weighted,10,fixed,-10793.3189853676,10793.3189853676,5302.65310214322,50,20704.672763999,False,"{""high_w1"": 0.5793063958078747, ""high_w2"": 0.44201355970762835, ""high_w3"": 0.27919623965567475, ""high_d1"": 43.15807468826246, ""high_d2"": 28.624158866976398, ""high_d3"": 44.083283350540775, ""high_alpha3"": 0.3612858489063829, ""low_w1"": 0.9500026827186204, ""low_w2"": 0.26387075773670066, ""low_w3"": 0.2103064821505753, ""low_d1"": 14.443954992705207, ""low_d2"": 34.99635331275271, ""low_d3"": 14.366860495461887, ""low_alpha3"": 0.4601522333896057}","{""pop_size"": 100, ""max_iter"": 50, ""somersault_range"": 2.0}"
431,mrfo,weighted,11,fixed,-11014.249682228,11014.249682228,4678.41049235526,50,20583.7872810007,False,"{""high_w1"": 0.4120070031876383, ""high_w2"": 0.4256820433124582, ""high_w3"": 0.7013025360290099, ""high_d1"": 49.24649792758916, ""high_d2"": 45.283362653687675, ""high_d3"": 33.994677140525226, ""high_alpha3"": 0.26513124810228456, ""low_w1"": 0.5780552206083827, ""low_w2"": 0.8782110169041141, ""low_w3"": 0.9298053210360498, ""low_d1"": 11.460925375056192, ""low_d2"": 12.397621960313721, ""low_d3"": 22.471621757529007, ""low_alpha3"": 0.2767516393203742}","{""pop_size"": 100, ""max_iter"": 50, ""somersault_range"": 2.0}"
432,mrfo,weighted,12,fixed,-12127.6009132216,12127.6009132216,4805.29262550109,50,20458.5099569995,False,"{""high_w1"": 0.6587079359045603, ""high_w2"": 0.5567161534554654, ""high_w3"": 0.20868514812250233, ""high_d1"": 40.59137569821562, ""high_d2"": 20.9748420975069, ""high_d3"": 17.288772178389372, ""high_alpha3"": 0.45603486710822466, ""low_w1"": 0.557198748274953, ""low_w2"": 0.28629684188987575, ""low_w3"": 0.6607402381313089, ""low_d1"": 9.30522616871772, ""low_d2"": 14.920540113209329, ""low_d3"": 35.36788567251995, ""low_alpha3"": 0.13287221339434518}","{""pop_size"": 100, ""max_iter"": 50, ""somersault_range"": 2.0}"
433,mrfo,weighted,13,fixed,-11858.5875709934,11858.5875709934,4551.31752539868,50,20562.5362009996,False,"{""high_w1"": 0.9898971784562445, ""high_w2"": 0.7919562939682739, ""high_w3"": 0.9534410104313442, ""high_d1"": 48.05919845460514, ""high_d2"": 28.438100243594874, ""high_d3"": 18.517826278181545, ""high_alpha3"": 0.6968264396134274, ""low_w1"": 0.33292507469612503, ""low_w2"": 0.8921751037524502, ""low_w3"": 0.9180400821661701, ""low_d1"": 18.031649011592556, ""low_d2"": 18.170249475863777, ""low_d3"": 45.43647073572981, ""low_alpha3"": 0.5358687141517393}","{""pop_size"": 100, ""max_iter"": 50, ""somersault_range"": 2.0}"
434,mrfo,weighted,14,fixed,-12094.8053625053,12094.8053625053,4676.28369320956,50,20921.1761290007,False,"{""high_w1"": 0.439353793391341, ""high_w2"": 0.5276333095832302, ""high_w3"": 0.7943463916643746, ""high_d1"": 45.26350842149506, ""high_d2"": 46.537136414474276, ""high_d3"": 43.629965924634384, ""high_alpha3"": 0.3629625286911782, ""low_w1"": 0.3899558307300681, ""low_w2"": 0.7190987768262362, ""low_w3"": 0.8610574288461883, ""low_d1"": 30.76534921433521, ""low_d2"": 15.984669905394895, ""low_d3"": 23.053348017203536, ""low_alpha3"": 0.4127504335483357}","{""pop_size"": 100, ""max_iter"": 50, ""somersault_range"": 2.0}"
435,mrfo,weighted,15,fixed,-10946.3845926333,10946.3845926333,4757.51264920822,50,20657.740269,False,"{""high_w1"": 0.8610209857467424, ""high_w2"": 1.0, ""high_w3"": 1.0, ""high_d1"": 50.0, ""high_d2"": 38.08484982074653, ""high_d3"": 31.407605712878713, ""high_alpha3"": 0.8856089988455252, ""low_w1"": 1.0, ""low_w2"": 0.6597254821897919, ""low_w3"": 1.0, ""low_d1"": 9.41087087468941, ""low_d2"": 18.771727390806472, ""low_d3"": 42.7261111458496, ""low_alpha3"": 0.8442797220859631}","{""pop_size"": 100, ""max_iter"": 50, ""somersault_range"": 2.0}"
436,mrfo,weighted,17,fixed,-11164.1279088396,11164.1279088396,5150.05730581078,50,20311.7936339986,False,"{""high_w1"": 0.527710839592408, ""high_w2"": 0.20427636714599307, ""high_w3"": 0.2590322182001929, ""high_d1"": 48.43752614117794, ""high_d2"": 42.860464555627686, ""high_d3"": 12.173039129016281, ""high_alpha3"": 0.669440262095305, ""low_w1"": 0.7519698204075558, ""low_w2"": 0.15650524769553223, ""low_w3"": 0.471752401530022, ""low_d1"": 15.297908881739227, ""low_d2"": 33.629595048878066, ""low_d3"": 3.770702530840624, ""low_alpha3"": 0.4278422532604458}","{""pop_size"": 100, ""max_iter"": 50, ""somersault_range"": 2.0}"
437,mrfo,weighted,16,fixed,-11195.0731301407,11195.0731301407,5362.6753453167,50,20888.1865410003,False,"{""high_w1"": 0.8024621323670722, ""high_w2"": 0.6534722915245943, ""high_w3"": 0.6859623179639585, ""high_d1"": 46.38281674749069, ""high_d2"": 47.64641881651023, ""high_d3"": 36.614784189634705, ""high_alpha3"": 0.7295777012734315, ""low_w1"": 0.9542804335043263, ""low_w2"": 0.6801586430677932, ""low_w3"": 0.83028454443856, ""low_d1"": 12.15171182836076, ""low_d2"": 37.83169287501124, ""low_d3"": 47.645868326391536, ""low_alpha3"": 0.6627549278775599}","{""pop_size"": 100, ""max_iter"": 50, ""somersault_range"": 2.0}"
438,mrfo,weighted,19,fixed,-12120.6160258905,12120.6160258905,5033.21473967525,50,20712.4652940001,False,"{""high_w1"": 0.8092397910097568, ""high_w2"": 0.3152195582021051, ""high_w3"": 0.13284136660118195, ""high_d1"": 45.490195601197314, ""high_d2"": 44.15038474517628, ""high_d3"": 21.24377474558729, ""high_alpha3"": 0.07895800261606785, ""low_w1"": 0.39891474578401787, ""low_w2"": 0.6666912863456518, ""low_w3"": 0.43192908993423673, ""low_d1"": 10.995259749646971, ""low_d2"": 32.198485405332896, ""low_d3"": 26.132480306776475, ""low_alpha3"": 0.23654797758888976}","{""pop_size"": 100, ""max_iter"": 50, ""somersault_range"": 2.0}"
439,mrfo,weighted,18,fixed,-89976.7208622344,89976.7208622344,1381.95543233404,50,20921.9237140005,False,"{""high_w1"": 0.9923842794762285, ""high_w2"": 0.9923842794762285, ""high_w3"": 0.9923842794762285, ""high_d1"": 49.61921397381142, ""high_d2"": 49.61921397381142, ""high_d3"": 49.61921397381142, ""high_alpha3"": 0.9824604366814661, ""low_w1"": 0.9923842794762285, ""low_w2"": 0.9923842794762285, ""low_w3"": 0.9923842794762285, ""low_d1"": 49.61921397381142, ""low_d2"": 49.61921397381142, ""low_d3"": 10.516385952261897, ""low_alpha3"": 0.9824604366814661}","{""pop_size"": 100, ""max_iter"": 50, ""somersault_range"": 2.0}"
440,mrfo,weighted,21,fixed,-11632.4840047611,11632.4840047611,4710.02891420881,50,20635.5702239998,False,"{""high_w1"": 0.40469905956276375, ""high_w2"": 0.28434695382052333, ""high_w3"": 0.2897710485836685, ""high_d1"": 47.92405510797697, ""high_d2"": 44.96124088810338, ""high_d3"": 25.499422704368136, ""high_alpha3"": 0.69662803445741, ""low_w1"": 0.3520200532530807, ""low_w2"": 0.9693686281461174, ""low_w3"": 0.7802181087257742, ""low_d1"": 7.539361860236229, ""low_d2"": 21.43165245238637, ""low_d3"": 31.470631210878196, ""low_alpha3"": 0.6380740094716424}","{""pop_size"": 100, ""max_iter"": 50, ""somersault_range"": 2.0}"
441,mrfo,weighted,20,fixed,-13250.8634563072,13250.8634563072,4133.49318282667,50,21129.4579519999,False,"{""high_w1"": 0.07437353071231306, ""high_w2"": 0.8873539128874715, ""high_w3"": 0.15778871332456543, ""high_d1"": 44.64411606991472, ""high_d2"": 44.916771858114146, ""high_d3"": 42.18079354239578, ""high_alpha3"": 0.13763916400541504, ""low_w1"": 0.8694353681185181, ""low_w2"": 0.8664456167818501, ""low_w3"": 0.3950408418777941, ""low_d1"": 31.725803672278843, ""low_d2"": 19.68733946973066, ""low_d3"": 19.495763080404927, ""low_alpha3"": 0.17128421128359986}","{""pop_size"": 100, ""max_iter"": 50, ""somersault_range"": 2.0}"
442,mrfo,weighted,22,fixed,-10805.0828779363,10805.0828779363,5088.73906282193,50,21045.4091850006,False,"{""high_w1"": 0.9799839974756475, ""high_w2"": 0.724945979348154, ""high_w3"": 0.05540581673912173, ""high_d1"": 46.50986483313453, ""high_d2"": 2.2518948973045467, ""high_d3"": 26.64476821335846, ""high_alpha3"": 0.013519618706425447, ""low_w1"": 0.9223100997552705, ""low_w2"": 0.05201790510385244, ""low_w3"": 0.9796703821180424, ""low_d1"": 14.664255523406993, ""low_d2"": 47.857790854741516, ""low_d3"": 46.7253413360268, ""low_alpha3"": 0.5557947412871553}","{""pop_size"": 100, ""max_iter"": 50, ""somersault_range"": 2.0}"
443,mrfo,weighted,23,fixed,-104918.467891666,104918.467891666,2120.49258183837,50,21357.1340019989,False,"{""high_w1"": 0.9838753777105056, ""high_w2"": 0.9838753777105056, ""high_w3"": 0.9838753777105056, ""high_d1"": 49.19376888552527, ""high_d2"": 49.19376888552527, ""high_d3"": 16.216443369694336, ""high_alpha3"": 0.9740366239334005, ""low_w1"": 0.9838753777105056, ""low_w2"": 0.9838753777105056, ""low_w3"": 0.9838753777105056, ""low_d1"": 49.19376888552527, ""low_d2"": 49.19376888552527, ""low_d3"": 49.19376888552527, ""low_alpha3"": 0.9740366239334005}","{""pop_size"": 100, ""max_iter"": 50, ""somersault_range"": 2.0}"
444,mrfo,weighted,25,fixed,-12223.4233576817,12223.4233576817,4618.29070791599,50,20410.3373960006,False,"{""high_w1"": 0.844359347923171, ""high_w2"": 0.6502147197345164, ""high_w3"": 0.40129235602010327, ""high_d1"": 49.25074307067156, ""high_d2"": 49.949147356437116, ""high_d3"": 41.24958291889174, ""high_alpha3"": 0.9611979856489645, ""low_w1"": 0.9732685342304686, ""low_w2"": 0.9938280016100672, ""low_w3"": 0.9775596274782364, ""low_d1"": 17.25866390541994, ""low_d2"": 13.056475982686438, ""low_d3"": 48.69519586219237, ""low_alpha3"": 0.508456534156003}","{""pop_size"": 100, ""max_iter"": 50, ""somersault_range"": 2.0}"
445,mrfo,weighted,24,fixed,-11744.1203648802,11744.1203648802,5388.91134397006,50,20679.6995269997,False,"{""high_w1"": 0.7936972620797391, ""high_w2"": 0.9082935145919864, ""high_w3"": 0.8717475173042011, ""high_d1"": 38.92012171572787, ""high_d2"": 49.293524003692895, ""high_d3"": 29.792806788860034, ""high_alpha3"": 0.6716584797939957, ""low_w1"": 0.9394310752944878, ""low_w2"": 0.688105191384971, ""low_w3"": 0.9783509121812634, ""low_d1"": 33.859076727004584, ""low_d2"": 18.567236440728145, ""low_d3"": 44.47882374136103, ""low_alpha3"": 0.5967998146719702}","{""pop_size"": 100, ""max_iter"": 50, ""somersault_range"": 2.0}"
446,mrfo,weighted,27,fixed,-11279.2905593936,11279.2905593936,3819.21722168636,50,20043.5218599996,False,"{""high_w1"": 0.9094882055779272, ""high_w2"": 0.9095094453554198, ""high_w3"": 0.10555954569937853, ""high_d1"": 49.31737221248696, ""high_d2"": 44.82379872090986, ""high_d3"": 18.373686246966834, ""high_alpha3"": 0.8800889953005974, ""low_w1"": 0.18714608195593102, ""low_w2"": 0.3550684195164321, ""low_w3"": 0.7097174274963594, ""low_d1"": 29.387361999515868, ""low_d2"": 8.514498160747133, ""low_d3"": 15.357402737163493, ""low_alpha3"": 0.06333270417451031}","{""pop_size"": 100, ""max_iter"": 50, ""somersault_range"": 2.0}"
447,mrfo,weighted,26,fixed,-11955.7840297195,11955.7840297195,4487.50355158172,50,20717.1962600005,False,"{""high_w1"": 0.7758600185528299, ""high_w2"": 0.15148575907279038, ""high_w3"": 0.10778369292474693, ""high_d1"": 47.37036523281598, ""high_d2"": 44.55148060087444, ""high_d3"": 30.445960050834934, ""high_alpha3"": 0.20578544237622787, ""low_w1"": 0.184738216885998, ""low_w2"": 0.9681843443475039, ""low_w3"": 0.24852472616561277, ""low_d1"": 19.803298114423935, ""low_d2"": 14.99081635711492, ""low_d3"": 22.034411911800944, ""low_alpha3"": 0.27551591697492406}","{""pop_size"": 100, ""max_iter"": 50, ""somersault_range"": 2.0}"
448,mrfo,weighted,28,fixed,-12062.1988319059,12062.1988319059,4834.82588015961,50,20719.3902279996,False,"{""high_w1"": 0.9749054398458338, ""high_w2"": 0.9749080380774348, ""high_w3"": 0.9524532922197196, ""high_d1"": 48.95464432927736, ""high_d2"": 48.82335000552752, ""high_d3"": 41.71949827337838, ""high_alpha3"": 0.13836366797808966, ""low_w1"": 0.1182321135595862, ""low_w2"": 0.8907908387704984, ""low_w3"": 0.8383106662545766, ""low_d1"": 41.72473573681638, ""low_d2"": 19.942464722787154, ""low_d3"": 47.20965439936573, ""low_alpha3"": 0.17543575128677805}","{""pop_size"": 100, ""max_iter"": 50, ""somersault_range"": 2.0}"
449,mrfo,weighted,29,fixed,-10835.2011928055,10835.2011928055,5644.10507775125,50,20731.8856639995,False,"{""high_w1"": 0.8126438731991582, ""high_w2"": 0.4143842816244151, ""high_w3"": 0.6659978289961712, ""high_d1"": 42.8208178013026, ""high_d2"": 44.067144519725986, ""high_d3"": 24.364981260078586, ""high_alpha3"": 0.23902543051695438, ""low_w1"": 0.8280540499251731, ""low_w2"": 0.3007726135740686, ""low_w3"": 0.17548517033450076, ""low_d1"": 12.322398000451363, ""low_d2"": 40.91616600498908, ""low_d3"": 43.26469116193056, ""low_alpha3"": 0.5872029994692388}","{""pop_size"": 100, ""max_iter"": 50, ""somersault_range"": 2.0}"
450,sos,sma,1,fixed,-932.49722762536,932.49722762536,1180.27572148885,50,23262.3309230003,False,"{""short_window"": 49.1480383882661, ""long_window"": 196.7405198660782}","{""pop_size"": 100, ""max_iter"": 50}"
451,sos,sma,0,fixed,-932.49722762536,932.49722762536,1180.27572148885,50,23592.46575,False,"{""short_window"": 49.16576929337793, ""long_window"": 196.58965368868124}","{""pop_size"": 100, ""max_iter"": 50}"
452,sos,sma,2,fixed,-932.49722762536,932.49722762536,1180.27572148885,50,23384.3555650001,False,"{""short_window"": 48.521988213329195, ""long_window"": 196.76587314414004}","{""pop_size"": 100, ""max_iter"": 50}"
453,sos,sma,3,fixed,-932.49722762536,932.49722762536,1180.27572148885,50,23566.771799,False,"{""short_window"": 48.97933139189572, ""long_window"": 197.4598102696021}","{""pop_size"": 100, ""max_iter"": 50}"
454,sos,sma,4,fixed,-932.49722762536,932.49722762536,1180.27572148885,50,23545.6984550001,False,"{""short_window"": 48.99903847674643, ""long_window"": 197.11347896614316}","{""pop_size"": 100, ""max_iter"": 50}"
455,sos,sma,5,fixed,-932.49722762536,932.49722762536,1180.27572148885,50,23586.0677689998,False,"{""short_window"": 48.71845223379169, ""long_window"": 196.95710172056982}","{""pop_size"": 100, ""max_iter"": 50}"
456,sos,sma,6,fixed,-932.49722762536,932.49722762536,1180.27572148885,50,23332.9096830003,False,"{""short_window"": 49.29223421855264, ""long_window"": 197.10036319553467}","{""pop_size"": 100, ""max_iter"": 50}"
457,sos,sma,7,fixed,-932.49722762536,932.49722762536,1180.27572148885,50,23336.4041169989,False,"{""short_window"": 48.56056469331728, ""long_window"": 196.5392586860655}","{""pop_size"": 100, ""max_iter"": 50}"
458,sos,sma,8,fixed,-932.49722762536,932.49722762536,1180.27572148885,50,23315.250095,False,"{""short_window"": 49.16466027273958, ""long_window"": 196.73676770704742}","{""pop_size"": 100, ""max_iter"": 50}"
459,sos,sma,9,fixed,-932.49722762536,932.49722762536,1180.27572148885,50,23492.3565780009,False,"{""short_window"": 48.67378774198524, ""long_window"": 197.36110008833674}","{""pop_size"": 100, ""max_iter"": 50}"
460,sos,sma,10,fixed,-932.49722762536,932.49722762536,1180.27572148885,50,23396.382646999,False,"{""short_window"": 48.79604058228544, ""long_window"": 197.34361383907657}","{""pop_size"": 100, ""max_iter"": 50}"
461,sos,sma,11,fixed,-932.49722762536,932.49722762536,1180.27572148885,50,23365.2071650013,False,"{""short_window"": 48.6890413707128, ""long_window"": 197.36255634405322}","{""pop_size"": 100, ""max_iter"": 50}"
462,sos,sma,12,fixed,-932.49722762536,932.49722762536,1180.27572148885,50,23368.7348530002,False,"{""short_window"": 48.50071487466545, ""long_window"": 196.67225087281773}","{""pop_size"": 100, ""max_iter"": 50}"
463,sos,sma,13,fixed,-932.49722762536,932.49722762536,1180.27572148885,50,23511.7684980014,False,"{""short_window"": 48.56508507601611, ""long_window"": 197.40612620630472}","{""pop_size"": 100, ""max_iter"": 50}"
464,sos,sma,14,fixed,-932.49722762536,932.49722762536,1180.27572148885,50,23490.9609860006,False,"{""short_window"": 48.82589816797937, ""long_window"": 197.37698503738457}","{""pop_size"": 100, ""max_iter"": 50}"
465,sos,sma,15,fixed,-932.49722762536,932.49722762536,1180.27572148885,50,23498.8831719984,False,"{""short_window"": 48.52872142015934, ""long_window"": 197.0183440576072}","{""pop_size"": 100, ""max_iter"": 50}"
466,sos,sma,16,fixed,-932.49722762536,932.49722762536,1180.27572148885,50,23467.9118549993,False,"{""short_window"": 48.90547471310835, ""long_window"": 196.62488466167474}","{""pop_size"": 100, ""max_iter"": 50}"
467,sos,sma,17,fixed,-932.49722762536,932.49722762536,1180.27572148885,50,23505.0880720009,False,"{""short_window"": 49.20738370735843, ""long_window"": 197.13094572135896}","{""pop_size"": 100, ""max_iter"": 50}"
468,sos,sma,18,fixed,-932.49722762536,932.49722762536,1180.27572148885,50,23273.8999339999,False,"{""short_window"": 49.12242859961361, ""long_window"": 197.2594983885679}","{""pop_size"": 100, ""max_iter"": 50}"
469,sos,sma,19,fixed,-932.49722762536,932.49722762536,1180.27572148885,50,23290.8282380013,False,"{""short_window"": 49.15000924870165, ""long_window"": 196.81537699748196}","{""pop_size"": 100, ""max_iter"": 50}"
470,sos,sma,20,fixed,-932.49722762536,932.49722762536,1180.27572148885,50,23259.586954,False,"{""short_window"": 48.5008697728802, ""long_window"": 196.645437278006}","{""pop_size"": 100, ""max_iter"": 50}"
471,sos,sma,21,fixed,-932.49722762536,932.49722762536,1180.27572148885,50,23415.2727660003,False,"{""short_window"": 49.14409039194542, ""long_window"": 196.8617944633098}","{""pop_size"": 100, ""max_iter"": 50}"
472,sos,sma,22,fixed,-932.49722762536,932.49722762536,1180.27572148885,50,23292.3820060005,False,"{""short_window"": 48.91383507323888, ""long_window"": 197.05979495823064}","{""pop_size"": 100, ""max_iter"": 50}"
473,sos,sma,23,fixed,-932.49722762536,932.49722762536,1180.27572148885,50,23328.0859049992,False,"{""short_window"": 48.97899202431264, ""long_window"": 197.3505263497152}","{""pop_size"": 100, ""max_iter"": 50}"
474,sos,sma,24,fixed,-932.49722762536,932.49722762536,1180.27572148885,50,23347.4587159999,False,"{""short_window"": 49.136630702907084, ""long_window"": 196.88238092088656}","{""pop_size"": 100, ""max_iter"": 50}"
475,sos,sma,25,fixed,-932.49722762536,932.49722762536,1180.27572148885,50,23459.9159509999,False,"{""short_window"": 49.21669290438552, ""long_window"": 196.97320570497743}","{""pop_size"": 100, ""max_iter"": 50}"
476,sos,sma,26,fixed,-932.49722762536,932.49722762536,1180.27572148885,50,23477.8606460004,False,"{""short_window"": 48.67758096124899, ""long_window"": 196.9965702055047}","{""pop_size"": 100, ""max_iter"": 50}"
477,sos,sma,27,fixed,-932.49722762536,932.49722762536,1180.27572148885,50,23474.9968160013,False,"{""short_window"": 49.24474523644379, ""long_window"": 197.02265883801002}","{""pop_size"": 100, ""max_iter"": 50}"
478,sos,sma,28,fixed,-932.49722762536,932.49722762536,1180.27572148885,50,23440.1107560007,False,"{""short_window"": 48.61889756582463, ""long_window"": 197.36832915138262}","{""pop_size"": 100, ""max_iter"": 50}"
479,sos,sma,29,fixed,-932.49722762536,932.49722762536,1180.27572148885,50,23500.0555370007,False,"{""short_window"": 49.41502375757813, ""long_window"": 197.19335783795822}","{""pop_size"": 100, ""max_iter"": 50}"
480,sos,lma,0,fixed,-818.928633013523,818.928633013523,907.977723746608,50,23259.5217489998,False,"{""short_window"": 21.34981020487775, ""long_window"": 195.3486692249668}","{""pop_size"": 100, ""max_iter"": 50}"
481,sos,lma,1,fixed,-818.928633013523,818.928633013523,907.977723746608,50,23190.0900400015,False,"{""short_window"": 20.81923530328735, ""long_window"": 195.02548986579373}","{""pop_size"": 100, ""max_iter"": 50}"
482,sos,lma,2,fixed,-818.928633013523,818.928633013523,907.977723746608,50,23250.4819090009,False,"{""short_window"": 21.240792588522908, ""long_window"": 194.62675520943122}","{""pop_size"": 100, ""max_iter"": 50}"
483,sos,lma,3,fixed,-818.928633013523,818.928633013523,907.977723746608,50,23319.516345,False,"{""short_window"": 20.69032227101509, ""long_window"": 195.18662197257788}","{""pop_size"": 100, ""max_iter"": 50}"
484,sos,lma,4,fixed,-818.928633013523,818.928633013523,907.977723746608,50,23190.3396929993,False,"{""short_window"": 20.619691111732475, ""long_window"": 194.61863035777557}","{""pop_size"": 100, ""max_iter"": 50}"
485,sos,lma,5,fixed,-818.928633013523,818.928633013523,907.977723746608,50,23287.3187420009,False,"{""short_window"": 20.897169107713385, ""long_window"": 195.4879720079538}","{""pop_size"": 100, ""max_iter"": 50}"
486,sos,lma,6,fixed,-818.928633013523,818.928633013523,907.977723746608,50,23175.5614270005,False,"{""short_window"": 20.60598928306906, ""long_window"": 195.31030369691706}","{""pop_size"": 100, ""max_iter"": 50}"
487,sos,lma,7,fixed,-818.928633013523,818.928633013523,907.977723746608,50,23389.5028730003,False,"{""short_window"": 20.834403387518122, ""long_window"": 194.87411999581911}","{""pop_size"": 100, ""max_iter"": 50}"
488,sos,lma,8,fixed,-818.928633013523,818.928633013523,907.977723746608,50,23293.8335529998,False,"{""short_window"": 20.552319835478972, ""long_window"": 194.6909703900139}","{""pop_size"": 100, ""max_iter"": 50}"
489,sos,lma,9,fixed,-818.928633013523,818.928633013523,907.977723746608,50,23310.3881260013,False,"{""short_window"": 21.430690705906237, ""long_window"": 194.76489189998765}","{""pop_size"": 100, ""max_iter"": 50}"
490,sos,lma,10,fixed,-818.928633013523,818.928633013523,907.977723746608,50,23327.8159259989,False,"{""short_window"": 20.611692124388302, ""long_window"": 194.79247022690907}","{""pop_size"": 100, ""max_iter"": 50}"
491,sos,lma,11,fixed,-818.928633013523,818.928633013523,907.977723746608,50,23299.5842539985,False,"{""short_window"": 20.64890824293858, ""long_window"": 195.22519929634242}","{""pop_size"": 100, ""max_iter"": 50}"
492,sos,lma,12,fixed,-818.928633013523,818.928633013523,907.977723746608,50,23272.6242690005,False,"{""short_window"": 20.659737332535382, ""long_window"": 195.37047965609372}","{""pop_size"": 100, ""max_iter"": 50}"
493,sos,lma,13,fixed,-818.928633013523,818.928633013523,907.977723746608,50,23252.9054169991,False,"{""short_window"": 20.88701610208072, ""long_window"": 194.7308312835805}","{""pop_size"": 100, ""max_iter"": 50}"
494,sos,lma,14,fixed,-818.928633013523,818.928633013523,907.977723746608,50,23118.0866719988,False,"{""short_window"": 21.4744389270815, ""long_window"": 195.18200938517026}","{""pop_size"": 100, ""max_iter"": 50}"
495,sos,lma,15,fixed,-818.928633013523,818.928633013523,907.977723746608,50,23358.7505420001,False,"{""short_window"": 21.47880315759386, ""long_window"": 195.4342415850069}","{""pop_size"": 100, ""max_iter"": 50}"
496,sos,lma,16,fixed,-818.928633013523,818.928633013523,907.977723746608,50,23278.9718790009,False,"{""short_window"": 20.679951576325983, ""long_window"": 195.37191941058285}","{""pop_size"": 100, ""max_iter"": 50}"
497,sos,lma,17,fixed,-818.928633013523,818.928633013523,907.977723746608,50,23200.3607810002,False,"{""short_window"": 20.528697600914665, ""long_window"": 194.78013775483873}","{""pop_size"": 100, ""max_iter"": 50}"
498,sos,lma,18,fixed,-818.928633013523,818.928633013523,907.977723746608,50,23274.0211239998,False,"{""short_window"": 20.710890165095837, ""long_window"": 195.4120576605739}","{""pop_size"": 100, ""max_iter"": 50}"
499,sos,lma,20,fixed,-818.928633013523,818.928633013523,907.977723746608,50,23372.8821379991,False,"{""short_window"": 21.15757023596833, ""long_window"": 195.0757939189977}","{""pop_size"": 100, ""max_iter"": 50}"
500,sos,lma,19,fixed,-818.928633013523,818.928633013523,907.977723746608,50,23457.5368599999,False,"{""short_window"": 20.772007782558262, ""long_window"": 194.9049387360159}","{""pop_size"": 100, ""max_iter"": 50}"
501,sos,lma,21,fixed,-818.928633013523,818.928633013523,907.977723746608,50,23407.4061870015,False,"{""short_window"": 20.797423311340907, ""long_window"": 195.19424130811288}","{""pop_size"": 100, ""max_iter"": 50}"
502,sos,lma,22,fixed,-818.928633013523,818.928633013523,907.977723746608,50,23329.9323640003,False,"{""short_window"": 20.932210929323993, ""long_window"": 195.2750240533938}","{""pop_size"": 100, ""max_iter"": 50}"
503,sos,lma,23,fixed,-818.928633013523,818.928633013523,907.977723746608,50,23420.9343310013,False,"{""short_window"": 21.28707889167007, ""long_window"": 194.62576631310878}","{""pop_size"": 100, ""max_iter"": 50}"
504,sos,lma,24,fixed,-818.928633013523,818.928633013523,907.977723746608,50,23154.6170329984,False,"{""short_window"": 21.230058262804672, ""long_window"": 195.4322407104082}","{""pop_size"": 100, ""max_iter"": 50}"
505,sos,lma,25,fixed,-818.928633013523,818.928633013523,907.977723746608,50,23146.5675489999,False,"{""short_window"": 20.798227227247114, ""long_window"": 195.43950058543084}","{""pop_size"": 100, ""max_iter"": 50}"
506,sos,lma,26,fixed,-818.928633013523,818.928633013523,907.977723746608,50,23132.6844579999,False,"{""short_window"": 20.968368517566457, ""long_window"": 194.75008073934248}","{""pop_size"": 100, ""max_iter"": 50}"
507,sos,lma,27,fixed,-818.928633013523,818.928633013523,907.977723746608,50,23173.7052110002,False,"{""short_window"": 20.765372276070018, ""long_window"": 195.11394907775113}","{""pop_size"": 100, ""max_iter"": 50}"
508,sos,lma,28,fixed,-818.928633013523,818.928633013523,907.977723746608,50,23156.2008010005,False,"{""short_window"": 20.551816075381787, ""long_window"": 194.7602115374523}","{""pop_size"": 100, ""max_iter"": 50}"
509,sos,lma,29,fixed,-818.928633013523,818.928633013523,907.977723746608,50,23174.954103999,False,"{""short_window"": 21.427111759233775, ""long_window"": 195.41705332464545}","{""pop_size"": 100, ""max_iter"": 50}"
510,sos,ema_shared,0,fixed,-128320.313585861,128320.313585861,2286.95650266623,50,23884.9197839991,False,"{""short_window"": 50.0, ""long_window"": 71.22759352193752, ""alpha"": 0.5118968164349599}","{""pop_size"": 100, ""max_iter"": 50}"
511,sos,ema_shared,1,fixed,-115145.725728005,115145.725728005,2425.63901763666,50,24039.3131540004,False,"{""short_window"": 50.0, ""long_window"": 128.8931005434041, ""alpha"": 0.6571655297449613}","{""pop_size"": 100, ""max_iter"": 50}"
512,sos,ema_shared,2,fixed,-61937.1713516144,61937.1713516144,1000,50,24089.684306,False,"{""short_window"": 35.30276698480578, ""long_window"": 79.95907774629963, ""alpha"": 0.848217686346463}","{""pop_size"": 100, ""max_iter"": 50}"
513,sos,ema_shared,3,fixed,-103590.927766795,103590.927766795,617.004402247303,50,24052.5835329991,False,"{""short_window"": 44.06923615960407, ""long_window"": 51.0, ""alpha"": 0.7536687068691337}","{""pop_size"": 100, ""max_iter"": 50}"
514,sos,ema_shared,4,fixed,-85227.0619503045,85227.0619503045,6859.08597920233,50,23926.8852659989,False,"{""short_window"": 45.85270279272628, ""long_window"": 193.4016908973938, ""alpha"": 0.5349858949214336}","{""pop_size"": 100, ""max_iter"": 50}"
515,sos,ema_shared,5,fixed,-106453.948573178,106453.948573178,1000,50,24173.0639880007,False,"{""short_window"": 29.835528805387582, ""long_window"": 133.41226842544128, ""alpha"": 0.838235161531572}","{""pop_size"": 100, ""max_iter"": 50}"
516,sos,ema_shared,6,fixed,-175857.237390904,175857.237390904,4668.42429686208,50,23955.5537249998,False,"{""short_window"": 49.704217581484826, ""long_window"": 177.15899680246036, ""alpha"": 0.7969855803807574}","{""pop_size"": 100, ""max_iter"": 50}"
517,sos,ema_shared,8,fixed,-123870.701517156,123870.701517156,1000,50,23828.5465370009,False,"{""short_window"": 36.78830321062433, ""long_window"": 102.32082932500164, ""alpha"": 0.7660131237762166}","{""pop_size"": 100, ""max_iter"": 50}"
518,sos,ema_shared,7,fixed,-91716.9752286856,91716.9752286856,1000,50,24085.0217570005,False,"{""short_window"": 34.564188625897984, ""long_window"": 175.63539612555743, ""alpha"": 0.7965234317083075}","{""pop_size"": 100, ""max_iter"": 50}"
519,sos,ema_shared,10,fixed,-76570.4023404984,76570.4023404984,3821.31065312446,50,23863.3028280001,False,"{""short_window"": 42.93458000899929, ""long_window"": 76.06724986075973, ""alpha"": 0.6839052501488255}","{""pop_size"": 100, ""max_iter"": 50}"
520,sos,ema_shared,11,fixed,-92445.254228075,92445.254228075,2002.59991199327,50,23841.5955460005,False,"{""short_window"": 36.41724814449861, ""long_window"": 130.59334545558477, ""alpha"": 0.7219626142397848}","{""pop_size"": 100, ""max_iter"": 50}"
521,sos,ema_shared,9,fixed,-107867.67919872,107867.67919872,1000,50,24232.066781,False,"{""short_window"": 45.90533676980266, ""long_window"": 109.35189088481691, ""alpha"": 0.7789604147669221}","{""pop_size"": 100, ""max_iter"": 50}"
522,sos,ema_shared,12,fixed,-107529.593020793,107529.593020793,1018.27824732317,50,23829.3261489998,False,"{""short_window"": 49.497775996648095, ""long_window"": 129.93757458394202, ""alpha"": 0.6081154432823374}","{""pop_size"": 100, ""max_iter"": 50}"
523,sos,ema_shared,14,fixed,-106000.62662085,106000.62662085,1000,50,24225.90451,False,"{""short_window"": 41.27259571775099, ""long_window"": 169.8490748645113, ""alpha"": 0.8377712598655406}","{""pop_size"": 100, ""max_iter"": 50}"
524,sos,ema_shared,13,fixed,-72629.4374182294,72629.4374182294,3513.35827553857,50,24431.3689039991,False,"{""short_window"": 24.273631800671712, ""long_window"": 51.0, ""alpha"": 0.8575444161020005}","{""pop_size"": 100, ""max_iter"": 50}"
525,sos,ema_shared,15,fixed,-86157.4733835618,86157.4733835618,980.668522782714,50,24111.7795339997,False,"{""short_window"": 48.99687180959348, ""long_window"": 161.90114177028602, ""alpha"": 0.6866347630060767}","{""pop_size"": 100, ""max_iter"": 50}"
526,sos,ema_shared,16,fixed,-122533.75969197,122533.75969197,2282.6125592232,50,24057.7884640006,False,"{""short_window"": 50.0, ""long_window"": 121.23763701865505, ""alpha"": 0.5495629761367269}","{""pop_size"": 100, ""max_iter"": 50}"
527,sos,ema_shared,17,fixed,-117099.972972509,117099.972972509,3433.30304205051,50,24287.6918090005,False,"{""short_window"": 35.22072055225517, ""long_window"": 171.72515776849636, ""alpha"": 0.7227232807580151}","{""pop_size"": 100, ""max_iter"": 50}"
528,sos,ema_shared,19,fixed,-91222.4873722319,91222.4873722319,927.040221324532,50,23741.1607260001,False,"{""short_window"": 47.5218470702592, ""long_window"": 100.7065132417859, ""alpha"": 0.5019466685685006}","{""pop_size"": 100, ""max_iter"": 50}"
529,sos,ema_shared,18,fixed,-144513.92038582,144513.92038582,1000,50,23933.8366930006,False,"{""short_window"": 34.81881740009148, ""long_window"": 95.82971491892782, ""alpha"": 0.7772187990876318}","{""pop_size"": 100, ""max_iter"": 50}"
530,sos,ema_shared,20,fixed,-149365.365657673,149365.365657673,691.2459121733,50,24004.716544001,False,"{""short_window"": 48.856701070827846, ""long_window"": 90.01253010842917, ""alpha"": 0.5931760287400525}","{""pop_size"": 100, ""max_iter"": 50}"
531,sos,ema_shared,21,fixed,-76556.3949934205,76556.3949934205,2521.4109045485,50,23827.518139,False,"{""short_window"": 42.25752086433302, ""long_window"": 155.29712182609387, ""alpha"": 0.7735817240522718}","{""pop_size"": 100, ""max_iter"": 50}"
532,sos,ema_shared,22,fixed,-104921.10804867,104921.10804867,7142.09013448686,50,23796.0863429998,False,"{""short_window"": 43.89802032525528, ""long_window"": 171.1612729546205, ""alpha"": 0.8025423554963336}","{""pop_size"": 100, ""max_iter"": 50}"
533,sos,ema_shared,23,fixed,-102210.635247325,102210.635247325,2900.92693754368,50,23858.5126910002,False,"{""short_window"": 49.45487255213181, ""long_window"": 106.92642370232454, ""alpha"": 0.487859584122256}","{""pop_size"": 100, ""max_iter"": 50}"
534,sos,ema_shared,24,fixed,-135036.743747928,135036.743747928,2523.24057529445,50,23702.0873900001,False,"{""short_window"": 47.88602081281736, ""long_window"": 51.0, ""alpha"": 0.7329360728728718}","{""pop_size"": 100, ""max_iter"": 50}"
535,sos,ema_shared,25,fixed,-71082.0350066961,71082.0350066961,1958.72314669786,50,23879.242604,False,"{""short_window"": 43.749058379916114, ""long_window"": 51.0, ""alpha"": 0.6468497214646324}","{""pop_size"": 100, ""max_iter"": 50}"
536,sos,ema_shared,26,fixed,-110041.575798349,110041.575798349,935.579185782407,50,24061.8037799995,False,"{""short_window"": 42.86575030515635, ""long_window"": 152.6003105479124, ""alpha"": 0.5588516556286925}","{""pop_size"": 100, ""max_iter"": 50}"
537,sos,ema_shared,27,fixed,-98689.7644242757,98689.7644242757,1108.59990113194,50,24117.0854730008,False,"{""short_window"": 35.340453002065644, ""long_window"": 135.56016101992157, ""alpha"": 0.7471614902021151}","{""pop_size"": 100, ""max_iter"": 50}"
538,sos,ema_shared,28,fixed,-76426.7950517344,76426.7950517344,1765.32828400562,50,23988.6879810001,False,"{""short_window"": 35.042543006916645, ""long_window"": 111.81468267365582, ""alpha"": 0.6576443003046011}","{""pop_size"": 100, ""max_iter"": 50}"
539,sos,ema_shared,29,fixed,-80177.130530821,80177.130530821,3743.6222366436,50,24041.8972849984,False,"{""short_window"": 36.25788810197235, ""long_window"": 53.02545935311364, ""alpha"": 0.6402892976078867}","{""pop_size"": 100, ""max_iter"": 50}"
540,sos,ema_independent,0,fixed,-11986.2202222075,11986.2202222075,4296.9696617001,50,23542.6301520001,False,"{""short_window"": 45.86749643043385, ""long_window"": 53.837520938209124, ""alpha_short"": 0.002374628078003251, ""alpha_long"": 0.1426560683081336}","{""pop_size"": 100, ""max_iter"": 50}"
541,sos,ema_independent,1,fixed,-13252.3603697366,13252.3603697366,1313.58740223195,50,23568.9197070005,False,"{""short_window"": 29.112464218589007, ""long_window"": 127.0197992439512, ""alpha_short"": 0.01186669658296601, ""alpha_long"": 0.07802090195240659}","{""pop_size"": 100, ""max_iter"": 50}"
542,sos,ema_independent,2,fixed,-14966.3260651436,14966.3260651436,4786.76154025271,50,23405.1977050003,False,"{""short_window"": 50.0, ""long_window"": 58.477278951201825, ""alpha_short"": 0.049499143122736726, ""alpha_long"": 0.07990161412753391}","{""pop_size"": 100, ""max_iter"": 50}"
543,sos,ema_independent,3,fixed,-12996.0870347362,12996.0870347362,4565.80075862048,50,23539.6377800007,False,"{""short_window"": 49.03425397230934, ""long_window"": 149.83608273384198, ""alpha_short"": 0.03389493454686056, ""alpha_long"": 0.09635156003735633}","{""pop_size"": 100, ""max_iter"": 50}"
544,sos,ema_independent,4,fixed,-12279.5835092598,12279.5835092598,1239.41656756174,50,23465.4944590002,False,"{""short_window"": 29.304366262641928, ""long_window"": 79.59031859796066, ""alpha_short"": 0.008782763079805259, ""alpha_long"": 0.07671144891971068}","{""pop_size"": 100, ""max_iter"": 50}"
545,sos,ema_independent,5,fixed,-11840.3452459298,11840.3452459298,4296.9696617001,50,23698.8635189991,False,"{""short_window"": 46.04753713669627, ""long_window"": 60.07167211297708, ""alpha_short"": 5.025011443782046e-05, ""alpha_long"": 0.14969578602848863}","{""pop_size"": 100, ""max_iter"": 50}"
546,sos,ema_independent,6,fixed,-11840.3452459298,11840.3452459298,4296.9696617001,50,23574.1469039986,False,"{""short_window"": 46.35048971077136, ""long_window"": 147.9524108696805, ""alpha_short"": 0.002473555071460887, ""alpha_long"": 0.144185717149755}","{""pop_size"": 100, ""max_iter"": 50}"
547,sos,ema_independent,7,fixed,-12996.0870347362,12996.0870347362,4249.49909392715,50,23826.9653429998,False,"{""short_window"": 49.096233033901626, ""long_window"": 166.5487544409022, ""alpha_short"": 0.033584904131841994, ""alpha_long"": 0.0968484447324443}","{""pop_size"": 100, ""max_iter"": 50}"
548,sos,ema_independent,8,fixed,-15093.1246468914,15093.1246468914,4834.21138562888,50,23562.8234849992,False,"{""short_window"": 50.0, ""long_window"": 56.357319930503735, ""alpha_short"": 0.051432071143086684, ""alpha_long"": 0.07695510015680868}","{""pop_size"": 100, ""max_iter"": 50}"
549,sos,ema_independent,9,fixed,-11986.2202222075,11986.2202222075,4296.9696617001,50,23793.8788610009,False,"{""short_window"": 45.75906019435594, ""long_window"": 51.0, ""alpha_short"": 0.002647065219315416, ""alpha_long"": 0.14202774878637295}","{""pop_size"": 100, ""max_iter"": 50}"
550,sos,ema_independent,10,fixed,-11986.2202222075,11986.2202222075,4296.9696617001,50,23858.1081369994,False,"{""short_window"": 45.988997341895924, ""long_window"": 59.96640714834157, ""alpha_short"": 0.0026884769584526076, ""alpha_long"": 0.1417238978756387}","{""pop_size"": 100, ""max_iter"": 50}"
551,sos,ema_independent,11,fixed,-11840.3452459298,11840.3452459298,4296.9696617001,50,23906.3113310003,False,"{""short_window"": 46.36260671658304, ""long_window"": 137.42402664586717, ""alpha_short"": 1e-06, ""alpha_long"": 0.15013211855947878}","{""pop_size"": 100, ""max_iter"": 50}"
552,sos,ema_independent,12,fixed,-11986.2202222075,11986.2202222075,4296.9696617001,50,23751.0377910003,False,"{""short_window"": 45.60985992697534, ""long_window"": 51.0, ""alpha_short"": 0.002105463198149647, ""alpha_long"": 0.1435289704654999}","{""pop_size"": 100, ""max_iter"": 50}"
553,sos,ema_independent,14,fixed,-11986.2202222075,11986.2202222075,4296.9696617001,50,23822.6424740005,False,"{""short_window"": 45.85191216246316, ""long_window"": 54.07814575340896, ""alpha_short"": 0.0024524440339684325, ""alpha_long"": 0.14245922297025956}","{""pop_size"": 100, ""max_iter"": 50}"
554,sos,ema_independent,13,fixed,-12996.0870347362,12996.0870347362,4249.49909392715,50,23904.7544990008,False,"{""short_window"": 48.80325186346914, ""long_window"": 200.0, ""alpha_short"": 0.03314760218654774, ""alpha_long"": 0.09741480059596799}","{""pop_size"": 100, ""max_iter"": 50}"
555,sos,ema_independent,15,fixed,-13632.1146834646,13632.1146834646,1515.51504987051,50,23914.6844200004,False,"{""short_window"": 29.125211394781946, ""long_window"": 76.80638233643694, ""alpha_short"": 0.0929230547411042, ""alpha_long"": 0.11413396029686049}","{""pop_size"": 100, ""max_iter"": 50}"
556,sos,ema_independent,16,fixed,-12996.0870347362,12996.0870347362,4249.49909392715,50,23866.4019930002,False,"{""short_window"": 48.54841616109232, ""long_window"": 115.45168046348056, ""alpha_short"": 0.03352498923210822, ""alpha_long"": 0.09666961589782296}","{""pop_size"": 100, ""max_iter"": 50}"
557,sos,ema_independent,17,fixed,-12880.1565589215,12880.1565589215,1206.80927942351,50,24135.8207819994,False,"{""short_window"": 29.308755881863124, ""long_window"": 173.63398952797203, ""alpha_short"": 0.012841475503803481, ""alpha_long"": 0.07898955454552306}","{""pop_size"": 100, ""max_iter"": 50}"
558,sos,ema_independent,18,fixed,-11840.3452459298,11840.3452459298,4296.9696617001,50,23924.6640140009,False,"{""short_window"": 46.10413255318705, ""long_window"": 184.4609759658438, ""alpha_short"": 0.00019872295542153776, ""alpha_long"": 0.14943100326033756}","{""pop_size"": 100, ""max_iter"": 50}"
559,sos,ema_independent,19,fixed,-11840.3452459298,11840.3452459298,4296.9696617001,50,24001.1480989997,False,"{""short_window"": 46.28363147476659, ""long_window"": 65.26338429857674, ""alpha_short"": 1e-06, ""alpha_long"": 0.14996866038081536}","{""pop_size"": 100, ""max_iter"": 50}"
560,sos,ema_independent,20,fixed,-14891.6424090453,14891.6424090453,4778.74162635486,50,23955.7764669989,False,"{""short_window"": 49.5095282509495, ""long_window"": 55.85890938170041, ""alpha_short"": 0.050772546834904314, ""alpha_long"": 0.07854755419351757}","{""pop_size"": 100, ""max_iter"": 50}"
561,sos,ema_independent,21,fixed,-11986.2202222075,11986.2202222075,4296.9696617001,50,24083.7292779997,False,"{""short_window"": 46.30834219719192, ""long_window"": 51.0, ""alpha_short"": 0.0030245138812893713, ""alpha_long"": 0.1409309284999892}","{""pop_size"": 100, ""max_iter"": 50}"
562,sos,ema_independent,22,fixed,-15607.47286364,15607.47286364,1367.4683015589,50,24158.5114040008,False,"{""short_window"": 28.01957389929434, ""long_window"": 92.2641183565091, ""alpha_short"": 0.07975508392524867, ""alpha_long"": 0.10717428895150712}","{""pop_size"": 100, ""max_iter"": 50}"
563,sos,ema_independent,23,fixed,-13630.4523744331,13630.4523744331,4767.95433648862,50,24009.9086230002,False,"{""short_window"": 50.0, ""long_window"": 57.31921169598553, ""alpha_short"": 0.04778173516307645, ""alpha_long"": 0.08021300029461745}","{""pop_size"": 100, ""max_iter"": 50}"
564,sos,ema_independent,24,fixed,-14531.0537747685,14531.0537747685,4834.21138562888,50,23604.6849169998,False,"{""short_window"": 50.0, ""long_window"": 56.759694656609895, ""alpha_short"": 0.05074965455465044, ""alpha_long"": 0.07858821357074366}","{""pop_size"": 100, ""max_iter"": 50}"
565,sos,ema_independent,25,fixed,-11840.3452459298,11840.3452459298,4296.9696617001,50,23813.9056320015,False,"{""short_window"": 45.685512885492784, ""long_window"": 101.24213188688577, ""alpha_short"": 1e-06, ""alpha_long"": 0.1500824022449505}","{""pop_size"": 100, ""max_iter"": 50}"
566,sos,ema_independent,26,fixed,-13197.0714221487,13197.0714221487,4565.80075862048,50,23883.8959759996,False,"{""short_window"": 50.0, ""long_window"": 193.28248461790355, ""alpha_short"": 0.038923280135472214, ""alpha_long"": 0.0914033020512593}","{""pop_size"": 100, ""max_iter"": 50}"
567,sos,ema_independent,28,fixed,-13455.4732122603,13455.4732122603,1206.80927942351,50,23866.702411,False,"{""short_window"": 29.299006728734007, ""long_window"": 115.81998702795792, ""alpha_short"": 0.014497647901294316, ""alpha_long"": 0.07980395542274339}","{""pop_size"": 100, ""max_iter"": 50}"
568,sos,ema_independent,27,fixed,-13197.0714221487,13197.0714221487,4565.80075862048,50,23942.1843849996,False,"{""short_window"": 50.0, ""long_window"": 178.3211809794733, ""alpha_short"": 0.03848068551475841, ""alpha_long"": 0.09146251755910643}","{""pop_size"": 100, ""max_iter"": 50}"
569,sos,ema_independent,29,fixed,-11986.2202222075,11986.2202222075,4296.9696617001,50,23840.8653990009,False,"{""short_window"": 46.1720502077041, ""long_window"": 51.0, ""alpha_short"": 0.002120330862424245, ""alpha_long"": 0.14348537883962456}","{""pop_size"": 100, ""max_iter"": 50}"
570,sos,weighted,0,fixed,-21605.8875740782,21605.8875740782,4660.90053120652,50,24972.8016570007,False,"{""high_w1"": 0.0, ""high_w2"": 0.0, ""high_w3"": 0.0, ""high_d1"": 2.5420847539361335, ""high_d2"": 17.5499114569131, ""high_d3"": 22.560699796312637, ""high_alpha3"": 0.09276101430593936, ""low_w1"": 0.5513738520689533, ""low_w2"": 0.0, ""low_w3"": 0.0, ""low_d1"": 41.111957372153654, ""low_d2"": 10.066253642907196, ""low_d3"": 2.0, ""low_alpha3"": 0.15478500233698655}","{""pop_size"": 100, ""max_iter"": 50}"
571,sos,weighted,1,fixed,-21605.8875740782,21605.8875740782,4694.26371655039,50,25022.5017449993,False,"{""high_w1"": 0.0, ""high_w2"": 0.0, ""high_w3"": 0.0, ""high_d1"": 2.740063604784524, ""high_d2"": 2.6388221164986447, ""high_d3"": 8.290099135912557, ""high_alpha3"": 0.11538248976611273, ""low_w1"": 0.331802586599508, ""low_w2"": 0.0, ""low_w3"": 2.585384442780822e-05, ""low_d1"": 41.88694883186992, ""low_d2"": 2.316277005588707, ""low_d3"": 12.0683911648645, ""low_alpha3"": 0.01}","{""pop_size"": 100, ""max_iter"": 50}"
572,sos,weighted,2,fixed,-21605.8875740782,21605.8875740782,4660.90053120652,50,25529.0279569999,False,"{""high_w1"": 0.0, ""high_w2"": 0.0, ""high_w3"": 0.0, ""high_d1"": 4.812859379247048, ""high_d2"": 5.032603847448174, ""high_d3"": 2.0, ""high_alpha3"": 0.01, ""low_w1"": 0.0, ""low_w2"": 0.0, ""low_w3"": 0.15667886279789728, ""low_d1"": 17.69793045727997, ""low_d2"": 12.48021780069311, ""low_d3"": 46.793706305683294, ""low_alpha3"": 0.01}","{""pop_size"": 100, ""max_iter"": 50}"
573,sos,weighted,3,fixed,-21605.8875740782,21605.8875740782,4660.90053120652,50,25544.097951999,False,"{""high_w1"": 0.0, ""high_w2"": 0.0, ""high_w3"": 0.0, ""high_d1"": 14.90300067224068, ""high_d2"": 39.04644562573944, ""high_d3"": 4.316227293913853, ""high_alpha3"": 0.014452036363725483, ""low_w1"": 0.048771334517153916, ""low_w2"": 0.0, ""low_w3"": 0.0, ""low_d1"": 41.09950694287536, ""low_d2"": 49.44731701979852, ""low_d3"": 14.79371162642093, ""low_alpha3"": 0.01}","{""pop_size"": 100, ""max_iter"": 50}"
574,sos,weighted,4,fixed,-21605.8875740782,21605.8875740782,4660.90053120652,50,25310.0754059997,False,"{""high_w1"": 0.0, ""high_w2"": 0.0, ""high_w3"": 0.0, ""high_d1"": 2.0, ""high_d2"": 2.0, ""high_d3"": 23.204094537349416, ""high_alpha3"": 0.052800651296356804, ""low_w1"": 0.6128949323027553, ""low_w2"": 0.0, ""low_w3"": 0.01610031478251117, ""low_d1"": 41.764243876172195, ""low_d2"": 16.089186064035736, ""low_d3"": 8.452789342274738, ""low_alpha3"": 0.26064825959094606}","{""pop_size"": 100, ""max_iter"": 50}"
575,sos,weighted,5,fixed,-21605.8875740782,21605.8875740782,4660.90053120652,50,25063.8032139996,False,"{""high_w1"": 0.0, ""high_w2"": 0.0, ""high_w3"": 0.0, ""high_d1"": 30.301516855018157, ""high_d2"": 2.0, ""high_d3"": 2.0, ""high_alpha3"": 0.012736093377908153, ""low_w1"": 0.0, ""low_w2"": 0.0, ""low_w3"": 0.17732837788496159, ""low_d1"": 2.0, ""low_d2"": 5.773819743576928, ""low_d3"": 46.29985301442828, ""low_alpha3"": 0.01}","{""pop_size"": 100, ""max_iter"": 50}"
576,sos,weighted,6,fixed,-21605.8875740782,21605.8875740782,4660.90053120652,50,24909.2024879992,False,"{""high_w1"": 0.0, ""high_w2"": 0.0, ""high_w3"": 0.0, ""high_d1"": 9.337928604762844, ""high_d2"": 10.831663851177629, ""high_d3"": 10.974508356882911, ""high_alpha3"": 0.4197784249640013, ""low_w1"": 0.0, ""low_w2"": 0.0, ""low_w3"": 0.525271267938145, ""low_d1"": 2.0, ""low_d2"": 2.0, ""low_d3"": 46.64487300609045, ""low_alpha3"": 0.01}","{""pop_size"": 100, ""max_iter"": 50}"
577,sos,weighted,7,fixed,-21605.8875740782,21605.8875740782,4660.90053120652,50,24852.0370900005,False,"{""high_w1"": 0.0, ""high_w2"": 0.0, ""high_w3"": 0.0, ""high_d1"": 2.0, ""high_d2"": 19.04250826382193, ""high_d3"": 2.0, ""high_alpha3"": 0.10537484164658442, ""low_w1"": 0.15741991534824773, ""low_w2"": 0.0, ""low_w3"": 0.0012490793821972933, ""low_d1"": 40.61689116236941, ""low_d2"": 19.393939779241062, ""low_d3"": 2.243742804595844, ""low_alpha3"": 0.01}","{""pop_size"": 100, ""max_iter"": 50}"
578,sos,weighted,8,fixed,-21605.8875740782,21605.8875740782,4660.90053120652,50,25262.0753280007,False,"{""high_w1"": 0.0, ""high_w2"": 0.0, ""high_w3"": 0.0, ""high_d1"": 2.0, ""high_d2"": 2.0, ""high_d3"": 2.0, ""high_alpha3"": 0.01, ""low_w1"": 0.40465028380406765, ""low_w2"": 0.0, ""low_w3"": 0.013578475324851442, ""low_d1"": 43.43542398757789, ""low_d2"": 22.232413370359446, ""low_d3"": 29.79900492084173, ""low_alpha3"": 0.16170547193223084}","{""pop_size"": 100, ""max_iter"": 50}"
579,sos,weighted,9,fixed,-21605.8875740782,21605.8875740782,4660.90053120652,50,24797.226910001,False,"{""high_w1"": 0.0, ""high_w2"": 0.0, ""high_w3"": 0.0, ""high_d1"": 2.0, ""high_d2"": 16.372933855325243, ""high_d3"": 2.0, ""high_alpha3"": 0.5582532511643474, ""low_w1"": 0.1372670318074864, ""low_w2"": 0.0, ""low_w3"": 0.0012618674539693168, ""low_d1"": 40.991392435967214, ""low_d2"": 2.0, ""low_d3"": 13.01824439816183, ""low_alpha3"": 0.8950828428625289}","{""pop_size"": 100, ""max_iter"": 50}"
580,sos,weighted,10,fixed,-21605.8875740782,21605.8875740782,4660.90053120652,50,24979.638593999,False,"{""high_w1"": 0.0, ""high_w2"": 0.0, ""high_w3"": 0.0, ""high_d1"": 2.0, ""high_d2"": 8.023318222736325, ""high_d3"": 2.0978733982053592, ""high_alpha3"": 0.5975998004172924, ""low_w1"": 0.6228675636236015, ""low_w2"": 0.0, ""low_w3"": 0.0, ""low_d1"": 41.455804799838646, ""low_d2"": 9.5183007118169, ""low_d3"": 9.510192601051372, ""low_alpha3"": 0.2720480779898199}","{""pop_size"": 100, ""max_iter"": 50}"
581,sos,weighted,11,fixed,-21605.8875740782,21605.8875740782,4660.90053120652,50,25687.0008859987,False,"{""high_w1"": 0.0, ""high_w2"": 0.0, ""high_w3"": 0.0, ""high_d1"": 3.9086547677038412, ""high_d2"": 19.15310923140682, ""high_d3"": 2.0, ""high_alpha3"": 0.01, ""low_w1"": 0.0, ""low_w2"": 0.0, ""low_w3"": 0.6286563221203206, ""low_d1"": 43.67848514343311, ""low_d2"": 20.26912240949422, ""low_d3"": 45.51033751584097, ""low_alpha3"": 0.01}","{""pop_size"": 100, ""max_iter"": 50}"
582,sos,weighted,12,fixed,-71842.2351803431,71842.2351803431,2050.88754068512,50,26095.648646,False,"{""high_w1"": 0.11942761064927175, ""high_w2"": 0.0, ""high_w3"": 0.0, ""high_d1"": 41.21265584866973, ""high_d2"": 9.295250181109877, ""high_d3"": 33.6537598236813, ""high_alpha3"": 0.11994826889668582, ""low_w1"": 0.10325239666515176, ""low_w2"": 0.0, ""low_w3"": 0.0, ""low_d1"": 40.5079121354116, ""low_d2"": 28.613513403264047, ""low_d3"": 41.75716687352746, ""low_alpha3"": 0.567900373358049}","{""pop_size"": 100, ""max_iter"": 50}"
583,sos,weighted,13,fixed,-21605.8875740782,21605.8875740782,4660.90053120652,50,25275.0341390001,False,"{""high_w1"": 0.0, ""high_w2"": 0.0, ""high_w3"": 0.0, ""high_d1"": 2.0, ""high_d2"": 2.301926391800359, ""high_d3"": 9.86412684987771, ""high_alpha3"": 0.029171191579577864, ""low_w1"": 0.0, ""low_w2"": 0.0, ""low_w3"": 0.44591823436156836, ""low_d1"": 7.668982853242669, ""low_d2"": 24.87438864956907, ""low_d3"": 46.20532258969656, ""low_alpha3"": 0.01}","{""pop_size"": 100, ""max_iter"": 50}"
584,sos,weighted,14,fixed,-21605.8875740782,21605.8875740782,4660.90053120652,50,25191.066293999,False,"{""high_w1"": 0.0, ""high_w2"": 0.0, ""high_w3"": 0.0, ""high_d1"": 2.0, ""high_d2"": 5.695153733617547, ""high_d3"": 7.324444604008561, ""high_alpha3"": 0.01, ""low_w1"": 0.5099245086412512, ""low_w2"": 0.0, ""low_w3"": 0.0, ""low_d1"": 40.72271894202063, ""low_d2"": 12.149524780481428, ""low_d3"": 2.0, ""low_alpha3"": 0.6223153491744927}","{""pop_size"": 100, ""max_iter"": 50}"
585,sos,weighted,15,fixed,-21605.8875740782,21605.8875740782,4660.90053120652,50,25442.2577450005,False,"{""high_w1"": 0.0, ""high_w2"": 0.0, ""high_w3"": 0.0, ""high_d1"": 20.30361521570069, ""high_d2"": 2.0, ""high_d3"": 2.0, ""high_alpha3"": 0.01, ""low_w1"": 0.02907490964390783, ""low_w2"": 0.002206858927507146, ""low_w3"": 0.33719809870450534, ""low_d1"": 25.657545926937452, ""low_d2"": 45.200149107211615, ""low_d3"": 50.0, ""low_alpha3"": 0.01}","{""pop_size"": 100, ""max_iter"": 50}"
586,sos,weighted,16,fixed,-21605.8875740782,21605.8875740782,4660.90053120652,50,25443.2590059987,False,"{""high_w1"": 0.0, ""high_w2"": 0.0, ""high_w3"": 0.0, ""high_d1"": 10.720296756749123, ""high_d2"": 2.0, ""high_d3"": 21.07605107234121, ""high_alpha3"": 0.22498626310379677, ""low_w1"": 0.0, ""low_w2"": 0.0, ""low_w3"": 0.0012435852835904746, ""low_d1"": 32.52623437649013, ""low_d2"": 15.368904179669258, ""low_d3"": 47.20262871542805, ""low_alpha3"": 0.01}","{""pop_size"": 100, ""max_iter"": 50}"
587,sos,weighted,17,fixed,-21605.8875740782,21605.8875740782,4694.26371655039,50,25674.3846110003,False,"{""high_w1"": 0.0, ""high_w2"": 0.0, ""high_w3"": 0.0, ""high_d1"": 2.0, ""high_d2"": 20.067224651005397, ""high_d3"": 2.722430503965436, ""high_alpha3"": 0.1384798486729068, ""low_w1"": 0.4196641635572703, ""low_w2"": 0.0, ""low_w3"": 0.0, ""low_d1"": 42.09093435859973, ""low_d2"": 17.44364493083335, ""low_d3"": 33.40586105702191, ""low_alpha3"": 0.6092023563268469}","{""pop_size"": 100, ""max_iter"": 50}"
588,sos,weighted,19,fixed,-21605.8875740782,21605.8875740782,4660.90053120652,50,24732.0075129992,False,"{""high_w1"": 0.0, ""high_w2"": 0.0, ""high_w3"": 0.0, ""high_d1"": 2.0, ""high_d2"": 2.0, ""high_d3"": 2.0, ""high_alpha3"": 0.4020963969607028, ""low_w1"": 0.3039874993843993, ""low_w2"": 0.0, ""low_w3"": 0.0, ""low_d1"": 41.35141601517324, ""low_d2"": 2.0, ""low_d3"": 19.34511060890985, ""low_alpha3"": 0.01}","{""pop_size"": 100, ""max_iter"": 50}"
589,sos,weighted,18,fixed,-21605.8875740782,21605.8875740782,4694.26371655039,50,25363.7130260013,False,"{""high_w1"": 0.0, ""high_w2"": 0.0, ""high_w3"": 0.0, ""high_d1"": 14.545505214352826, ""high_d2"": 21.209136587873452, ""high_d3"": 15.97078943228654, ""high_alpha3"": 0.01, ""low_w1"": 0.0, ""low_w2"": 0.0, ""low_w3"": 0.13384153055576753, ""low_d1"": 22.338924844508494, ""low_d2"": 2.0, ""low_d3"": 48.14943211719955, ""low_alpha3"": 0.01}","{""pop_size"": 100, ""max_iter"": 50}"
590,sos,weighted,20,fixed,-21605.8875740782,21605.8875740782,4694.26371655039,50,25175.6050089989,False,"{""high_w1"": 0.0, ""high_w2"": 0.0, ""high_w3"": 0.0, ""high_d1"": 20.529200990502808, ""high_d2"": 41.669276546534775, ""high_d3"": 4.82864589541887, ""high_alpha3"": 0.38455066987179864, ""low_w1"": 0.16165272088391186, ""low_w2"": 6.880036066907798e-05, ""low_w3"": 0.0, ""low_d1"": 42.32300907200156, ""low_d2"": 2.0, ""low_d3"": 25.236837831844134, ""low_alpha3"": 0.24655309101344122}","{""pop_size"": 100, ""max_iter"": 50}"
591,sos,weighted,22,fixed,-21605.8875740782,21605.8875740782,4660.90053120652,50,25151.8786830002,False,"{""high_w1"": 0.0, ""high_w2"": 0.0, ""high_w3"": 0.0, ""high_d1"": 2.0, ""high_d2"": 30.729661468653845, ""high_d3"": 46.04675729708403, ""high_alpha3"": 0.01, ""low_w1"": 0.5436087068175941, ""low_w2"": 0.0, ""low_w3"": 0.0, ""low_d1"": 40.725250053947505, ""low_d2"": 2.0, ""low_d3"": 2.0, ""low_alpha3"": 0.38451903043426894}","{""pop_size"": 100, ""max_iter"": 50}"
592,sos,weighted,21,fixed,-21605.8875740782,21605.8875740782,4660.90053120652,50,25488.1236479996,False,"{""high_w1"": 0.0, ""high_w2"": 0.0, ""high_w3"": 0.0, ""high_d1"": 20.31323666441527, ""high_d2"": 16.90824081178701, ""high_d3"": 50.0, ""high_alpha3"": 0.01, ""low_w1"": 0.6692053347171353, ""low_w2"": 0.0, ""low_w3"": 0.0, ""low_d1"": 41.23299105973145, ""low_d2"": 19.87719301212625, ""low_d3"": 30.35592356874618, ""low_alpha3"": 0.01}","{""pop_size"": 100, ""max_iter"": 50}"
593,sos,weighted,23,fixed,-21605.8875740782,21605.8875740782,4660.90053120652,50,25059.401339,False,"{""high_w1"": 0.0, ""high_w2"": 0.0, ""high_w3"": 0.0, ""high_d1"": 2.0, ""high_d2"": 7.159729142639236, ""high_d3"": 2.0, ""high_alpha3"": 0.16323649297114096, ""low_w1"": 0.38536936517090087, ""low_w2"": 0.0, ""low_w3"": 0.14245533290662998, ""low_d1"": 47.26509178720751, ""low_d2"": 18.00949016233427, ""low_d3"": 30.657013180670205, ""low_alpha3"": 0.01}","{""pop_size"": 100, ""max_iter"": 50}"
594,aos,sma,0,fixed,-932.49722762536,932.49722762536,1180.27572148885,51,5831.18444300089,False,"{""short_window"": 49.08177371198189, ""long_window"": 197.05764387339164}","{""pop_size"": 100, ""max_iter"": 50, ""n_shells"": 5}"
595,aos,sma,1,fixed,-932.49722762536,932.49722762536,1180.27572148885,51,5833.12899699922,False,"{""short_window"": 48.617619488229295, ""long_window"": 196.66680418139393}","{""pop_size"": 100, ""max_iter"": 50, ""n_shells"": 5}"
596,aos,sma,2,fixed,-932.49722762536,932.49722762536,1180.27572148885,51,5836.30514299875,False,"{""short_window"": 48.72235287841186, ""long_window"": 197.3426042409144}","{""pop_size"": 100, ""max_iter"": 50, ""n_shells"": 5}"
597,sos,weighted,24,fixed,-21605.8875740782,21605.8875740782,4694.26371655039,50,24805.7357810012,False,"{""high_w1"": 0.0, ""high_w2"": 0.0, ""high_w3"": 0.0, ""high_d1"": 2.0, ""high_d2"": 13.556533267190705, ""high_d3"": 3.908597260697352, ""high_alpha3"": 0.06577677463222781, ""low_w1"": 0.09812577161512681, ""low_w2"": 0.0, ""low_w3"": 0.0, ""low_d1"": 41.921951439549666, ""low_d2"": 2.0, ""low_d3"": 7.458252001993532, ""low_alpha3"": 0.01}","{""pop_size"": 100, ""max_iter"": 50}"
598,aos,sma,3,fixed,-932.49722762536,932.49722762536,1180.27572148885,51,5834.69974599939,False,"{""short_window"": 48.842151737079625, ""long_window"": 196.61817433272813}","{""pop_size"": 100, ""max_iter"": 50, ""n_shells"": 5}"
599,aos,sma,4,fixed,-932.49722762536,932.49722762536,1180.27572148885,51,5830.02722600031,False,"{""short_window"": 49.4422377467356, ""long_window"": 196.7858741245087}","{""pop_size"": 100, ""max_iter"": 50, ""n_shells"": 5}"
600,sos,weighted,25,fixed,-21605.8875740782,21605.8875740782,4660.90053120652,50,25018.210631999,False,"{""high_w1"": 0.0, ""high_w2"": 0.0, ""high_w3"": 0.0, ""high_d1"": 2.0, ""high_d2"": 2.069920993239246, ""high_d3"": 46.693756664508015, ""high_alpha3"": 0.030802259232242606, ""low_w1"": 0.0, ""low_w2"": 0.0, ""low_w3"": 0.18349075165377104, ""low_d1"": 6.6808354280892726, ""low_d2"": 2.0, ""low_d3"": 49.9341951439517, ""low_alpha3"": 0.014830704199163755}","{""pop_size"": 100, ""max_iter"": 50}"
601,aos,sma,5,fixed,-931.175318631482,931.175318631482,1153.51007806138,51,5850.22996299995,False,"{""short_window"": 46.728665042817745, ""long_window"": 200.0}","{""pop_size"": 100, ""max_iter"": 50, ""n_shells"": 5}"
602,sos,weighted,26,fixed,-21605.8875740782,21605.8875740782,4694.26371655039,50,25037.9840659989,False,"{""high_w1"": 0.0, ""high_w2"": 0.0, ""high_w3"": 0.0, ""high_d1"": 14.800351670209357, ""high_d2"": 2.0, ""high_d3"": 2.0, ""high_alpha3"": 0.1910501903095799, ""low_w1"": 0.1707697463216859, ""low_w2"": 0.0, ""low_w3"": 0.0, ""low_d1"": 42.38047575840917, ""low_d2"": 2.0, ""low_d3"": 18.50360890075018, ""low_alpha3"": 0.06336859890313629}","{""pop_size"": 100, ""max_iter"": 50}"
603,sos,weighted,27,fixed,-21605.8875740782,21605.8875740782,4660.90053120652,50,25169.2601940013,False,"{""high_w1"": 0.0, ""high_w2"": 0.0, ""high_w3"": 0.0, ""high_d1"": 27.3671819925516, ""high_d2"": 4.559487955423224, ""high_d3"": 7.150986310563855, ""high_alpha3"": 0.31333028567481747, ""low_w1"": 0.9094323000031423, ""low_w2"": 0.003275923433710807, ""low_w3"": 0.008268433877143239, ""low_d1"": 42.006406306455794, ""low_d2"": 10.76081444406936, ""low_d3"": 21.47337195471563, ""low_alpha3"": 0.44071395566543514}","{""pop_size"": 100, ""max_iter"": 50}"
604,sos,weighted,28,fixed,-21605.8875740782,21605.8875740782,4660.90053120652,50,25532.7732379992,False,"{""high_w1"": 0.0, ""high_w2"": 0.0, ""high_w3"": 0.0, ""high_d1"": 2.0, ""high_d2"": 2.0, ""high_d3"": 2.0, ""high_alpha3"": 0.20706569951885556, ""low_w1"": 0.2625734107068033, ""low_w2"": 0.0, ""low_w3"": 0.0, ""low_d1"": 40.8644256165563, ""low_d2"": 2.0, ""low_d3"": 35.59305573901806, ""low_alpha3"": 0.010092338221860134}","{""pop_size"": 100, ""max_iter"": 50}"
605,aos,sma,6,fixed,-932.49722762536,932.49722762536,1180.27572148885,51,5839.95345299991,False,"{""short_window"": 48.70353920990251, ""long_window"": 196.69427538194176}","{""pop_size"": 100, ""max_iter"": 50, ""n_shells"": 5}"
606,aos,sma,7,fixed,-932.49722762536,932.49722762536,1180.27572148885,51,5814.82712300021,False,"{""short_window"": 48.86948220308747, ""long_window"": 196.97008747861994}","{""pop_size"": 100, ""max_iter"": 50, ""n_shells"": 5}"
607,sos,weighted,29,fixed,-21605.8875740782,21605.8875740782,4660.90053120652,50,25859.6827700003,False,"{""high_w1"": 0.0, ""high_w2"": 0.0, ""high_w3"": 0.0, ""high_d1"": 25.04194951777182, ""high_d2"": 41.07123553186506, ""high_d3"": 30.28819641432412, ""high_alpha3"": 0.5429045692566746, ""low_w1"": 0.0, ""low_w2"": 0.10062720106980387, ""low_w3"": 0.823167781497645, ""low_d1"": 14.560024774115966, ""low_d2"": 43.42999561313052, ""low_d3"": 49.836928619967765, ""low_alpha3"": 0.01}","{""pop_size"": 100, ""max_iter"": 50}"
608,aos,sma,8,fixed,-931.175318631482,931.175318631482,1153.51007806138,51,5828.91997200022,False,"{""short_window"": 46.72469845025225, ""long_window"": 200.0}","{""pop_size"": 100, ""max_iter"": 50, ""n_shells"": 5}"
609,aos,sma,9,fixed,-932.49722762536,932.49722762536,1180.27572148885,51,5827.70724500006,False,"{""short_window"": 49.224885785856145, ""long_window"": 197.06196848640758}","{""pop_size"": 100, ""max_iter"": 50, ""n_shells"": 5}"
610,aos,sma,10,fixed,-931.175318631482,931.175318631482,1153.51007806138,51,5838.40692099875,False,"{""short_window"": 47.41819138285333, ""long_window"": 200.0}","{""pop_size"": 100, ""max_iter"": 50, ""n_shells"": 5}"
611,aos,sma,11,fixed,-932.49722762536,932.49722762536,1180.27572148885,51,5825.116557,False,"{""short_window"": 49.37847770935507, ""long_window"": 196.59031365399622}","{""pop_size"": 100, ""max_iter"": 50, ""n_shells"": 5}"
612,aos,sma,12,fixed,-932.49722762536,932.49722762536,1180.27572148885,51,5852.19321499972,False,"{""short_window"": 49.06892769885653, ""long_window"": 197.20004879072167}","{""pop_size"": 100, ""max_iter"": 50, ""n_shells"": 5}"
613,aos,sma,13,fixed,-932.49722762536,932.49722762536,1180.27572148885,51,5846.2985719998,False,"{""short_window"": 49.1732205437641, ""long_window"": 197.03235072771346}","{""pop_size"": 100, ""max_iter"": 50, ""n_shells"": 5}"
614,aos,sma,14,fixed,-931.175318631482,931.175318631482,1153.51007806138,51,5845.65103299974,False,"{""short_window"": 46.738147278257145, ""long_window"": 200.0}","{""pop_size"": 100, ""max_iter"": 50, ""n_shells"": 5}"
615,aos,sma,15,fixed,-932.49722762536,932.49722762536,1180.27572148885,51,5848.14833100063,False,"{""short_window"": 49.030038679388, ""long_window"": 197.4069188487608}","{""pop_size"": 100, ""max_iter"": 50, ""n_shells"": 5}"
616,aos,sma,16,fixed,-932.49722762536,932.49722762536,1180.27572148885,51,5867.01651899966,False,"{""short_window"": 48.68974927586678, ""long_window"": 197.03844700681154}","{""pop_size"": 100, ""max_iter"": 50, ""n_shells"": 5}"
617,aos,sma,17,fixed,-932.49722762536,932.49722762536,1180.27572148885,51,5835.28235999984,False,"{""short_window"": 48.960595836934814, ""long_window"": 196.51741536756634}","{""pop_size"": 100, ""max_iter"": 50, ""n_shells"": 5}"
618,aos,sma,18,fixed,-932.49722762536,932.49722762536,1180.27572148885,51,5816.02859600025,False,"{""short_window"": 49.07144233113233, ""long_window"": 197.2271413500619}","{""pop_size"": 100, ""max_iter"": 50, ""n_shells"": 5}"
619,aos,sma,19,fixed,-931.175318631482,931.175318631482,1153.51007806138,51,5865.57717700089,False,"{""short_window"": 46.941400224080155, ""long_window"": 200.0}","{""pop_size"": 100, ""max_iter"": 50, ""n_shells"": 5}"
620,aos,sma,20,fixed,-931.175318631482,931.175318631482,1153.51007806138,51,5824.03802299996,False,"{""short_window"": 47.40270329765575, ""long_window"": 200.0}","{""pop_size"": 100, ""max_iter"": 50, ""n_shells"": 5}"
621,aos,sma,21,fixed,-932.49722762536,932.49722762536,1180.27572148885,51,5833.44570199915,False,"{""short_window"": 48.812664623371425, ""long_window"": 197.0236885274052}","{""pop_size"": 100, ""max_iter"": 50, ""n_shells"": 5}"
622,aos,sma,22,fixed,-932.49722762536,932.49722762536,1180.27572148885,51,5840.10821100128,False,"{""short_window"": 48.54325884175877, ""long_window"": 196.77786044477074}","{""pop_size"": 100, ""max_iter"": 50, ""n_shells"": 5}"
623,aos,sma,23,fixed,-932.49722762536,932.49722762536,1180.27572148885,51,5828.90507400043,False,"{""short_window"": 48.74142299621388, ""long_window"": 196.974227119398}","{""pop_size"": 100, ""max_iter"": 50, ""n_shells"": 5}"
624,aos,sma,24,fixed,-932.49722762536,932.49722762536,1180.27572148885,51,5854.59184299907,False,"{""short_window"": 48.83071414521436, ""long_window"": 197.2274118726155}","{""pop_size"": 100, ""max_iter"": 50, ""n_shells"": 5}"
625,aos,sma,25,fixed,-931.175318631482,931.175318631482,1153.51007806138,51,5844.98970899949,False,"{""short_window"": 47.18331024456723, ""long_window"": 200.0}","{""pop_size"": 100, ""max_iter"": 50, ""n_shells"": 5}"
626,aos,sma,26,fixed,-932.49722762536,932.49722762536,1180.27572148885,51,5861.37316799977,False,"{""short_window"": 48.80743157630239, ""long_window"": 197.1342227516574}","{""pop_size"": 100, ""max_iter"": 50, ""n_shells"": 5}"
627,aos,sma,27,fixed,-932.49722762536,932.49722762536,1180.27572148885,51,5856.91535399928,False,"{""short_window"": 48.69952964715355, ""long_window"": 196.50777438451397}","{""pop_size"": 100, ""max_iter"": 50, ""n_shells"": 5}"
628,aos,sma,28,fixed,-931.175318631482,931.175318631482,1153.51007806138,51,5861.82255099993,False,"{""short_window"": 46.78484149066681, ""long_window"": 200.0}","{""pop_size"": 100, ""max_iter"": 50, ""n_shells"": 5}"
629,aos,sma,29,fixed,-931.175318631482,931.175318631482,1153.51007806138,51,5849.10391900121,False,"{""short_window"": 47.30199096709904, ""long_window"": 200.0}","{""pop_size"": 100, ""max_iter"": 50, ""n_shells"": 5}"
630,aos,lma,0,fixed,-818.928633013523,818.928633013523,907.977723746608,51,5855.51371300062,False,"{""short_window"": 21.237125377129214, ""long_window"": 195.0202625193488}","{""pop_size"": 100, ""max_iter"": 50, ""n_shells"": 5}"
631,aos,lma,1,fixed,-818.928633013523,818.928633013523,907.977723746608,51,5907.97614000076,False,"{""short_window"": 20.637588118676327, ""long_window"": 195.3846524695644}","{""pop_size"": 100, ""max_iter"": 50, ""n_shells"": 5}"
632,aos,lma,2,fixed,-817.548559038867,817.548559038867,907.977723746608,51,5851.1201450001,False,"{""short_window"": 20.854793573336092, ""long_window"": 196.2784661764358}","{""pop_size"": 100, ""max_iter"": 50, ""n_shells"": 5}"
633,aos,lma,3,fixed,-817.548559038867,817.548559038867,907.977723746608,51,5865.40598000101,False,"{""short_window"": 21.209028100566513, ""long_window"": 196.2002952391386}","{""pop_size"": 100, ""max_iter"": 50, ""n_shells"": 5}"
634,aos,lma,4,fixed,-776.262974610292,776.262974610292,671.50931478053,51,5844.72443400045,False,"{""short_window"": 20.36820613991899, ""long_window"": 84.87709541913951}","{""pop_size"": 100, ""max_iter"": 50, ""n_shells"": 5}"
635,aos,lma,5,fixed,-800.109005668366,800.109005668366,487.740312063578,51,5857.17363900039,False,"{""short_window"": 34.53266667901211, ""long_window"": 56.02829617059389}","{""pop_size"": 100, ""max_iter"": 50, ""n_shells"": 5}"
636,aos,lma,6,fixed,-778.556922756959,778.556922756959,485.405550105509,51,5847.76199299995,False,"{""short_window"": 33.3973514637379, ""long_window"": 57.488151945397995}","{""pop_size"": 100, ""max_iter"": 50, ""n_shells"": 5}"
637,aos,lma,7,fixed,-794.744889539895,794.744889539895,921.281841384932,51,5890.46048899945,False,"{""short_window"": 19.73015521672984, ""long_window"": 197.27614288976645}","{""pop_size"": 100, ""max_iter"": 50, ""n_shells"": 5}"
638,aos,lma,8,fixed,-818.928633013523,818.928633013523,907.977723746608,51,5898.2391720001,False,"{""short_window"": 20.74333948014995, ""long_window"": 195.4869116991128}","{""pop_size"": 100, ""max_iter"": 50, ""n_shells"": 5}"
639,aos,lma,9,fixed,-818.928633013523,818.928633013523,907.977723746608,51,5879.53845599986,False,"{""short_window"": 21.34363200988756, ""long_window"": 194.59373047804368}","{""pop_size"": 100, ""max_iter"": 50, ""n_shells"": 5}"
640,aos,lma,10,fixed,-817.548559038867,817.548559038867,907.977723746608,51,5882.93895800052,False,"{""short_window"": 20.645768981093532, ""long_window"": 196.41096219012823}","{""pop_size"": 100, ""max_iter"": 50, ""n_shells"": 5}"
641,aos,lma,11,fixed,-796.330213764874,796.330213764874,846.344567989416,51,5876.91212899881,False,"{""short_window"": 20.010986810032254, ""long_window"": 195.08060018065945}","{""pop_size"": 100, ""max_iter"": 50, ""n_shells"": 5}"
642,aos,lma,12,fixed,-818.928633013523,818.928633013523,907.977723746608,51,5879.53141000071,False,"{""short_window"": 20.868178740125447, ""long_window"": 195.07154355431445}","{""pop_size"": 100, ""max_iter"": 50, ""n_shells"": 5}"
643,aos,lma,13,fixed,-802.284901112691,802.284901112691,907.977723746608,51,5919.34048399889,False,"{""short_window"": 19.50565174483873, ""long_window"": 198.0996916014519}","{""pop_size"": 100, ""max_iter"": 50, ""n_shells"": 5}"
644,aos,lma,14,fixed,-817.548559038867,817.548559038867,907.977723746608,51,5867.75850000049,False,"{""short_window"": 21.29132271402252, ""long_window"": 195.69478805764203}","{""pop_size"": 100, ""max_iter"": 50, ""n_shells"": 5}"
645,aos,lma,15,fixed,-817.548559038867,817.548559038867,907.977723746608,51,5869.67485900095,False,"{""short_window"": 20.73729891872121, ""long_window"": 195.8079117486316}","{""pop_size"": 100, ""max_iter"": 50, ""n_shells"": 5}"
646,aos,lma,16,fixed,-767.322047746056,767.322047746056,620.980468700023,51,5878.67109999934,False,"{""short_window"": 35.775374228262955, ""long_window"": 68.61125820562536}","{""pop_size"": 100, ""max_iter"": 50, ""n_shells"": 5}"
647,aos,lma,17,fixed,-800.109005668366,800.109005668366,487.740312063578,51,5850.46504800084,False,"{""short_window"": 35.37775977968483, ""long_window"": 56.071926712864496}","{""pop_size"": 100, ""max_iter"": 50, ""n_shells"": 5}"
648,aos,lma,18,fixed,-794.744889539895,794.744889539895,921.281841384932,51,5921.78485600016,False,"{""short_window"": 20.333799433961445, ""long_window"": 197.25096148329803}","{""pop_size"": 100, ""max_iter"": 50, ""n_shells"": 5}"
649,aos,lma,19,fixed,-800.109005668366,800.109005668366,487.740312063578,51,5863.05077100042,False,"{""short_window"": 34.70841121437774, ""long_window"": 55.80459624196237}","{""pop_size"": 100, ""max_iter"": 50, ""n_shells"": 5}"
650,aos,lma,20,fixed,-779.401803493695,779.401803493695,624.457879235916,51,5892.99153400134,False,"{""short_window"": 36.71090161208385, ""long_window"": 68.85399761070092}","{""pop_size"": 100, ""max_iter"": 50, ""n_shells"": 5}"
651,aos,lma,21,fixed,-800.109005668366,800.109005668366,487.740312063578,51,5878.99662599921,False,"{""short_window"": 34.894944221241204, ""long_window"": 56.07342118492111}","{""pop_size"": 100, ""max_iter"": 50, ""n_shells"": 5}"
652,aos,lma,22,fixed,-818.928633013523,818.928633013523,907.977723746608,51,5929.03862499952,False,"{""short_window"": 21.4875871398681, ""long_window"": 194.7148160265149}","{""pop_size"": 100, ""max_iter"": 50, ""n_shells"": 5}"
653,aos,lma,23,fixed,-818.928633013523,818.928633013523,907.977723746608,51,5882.25318200057,False,"{""short_window"": 21.05869117493085, ""long_window"": 195.12641463469805}","{""pop_size"": 100, ""max_iter"": 50, ""n_shells"": 5}"
654,aos,lma,24,fixed,-796.330213764874,796.330213764874,846.344567989416,51,5878.25872800022,False,"{""short_window"": 20.41204243150148, ""long_window"": 194.93462930069353}","{""pop_size"": 100, ""max_iter"": 50, ""n_shells"": 5}"
655,aos,lma,25,fixed,-794.744889539895,794.744889539895,921.281841384932,51,5899.12095900036,False,"{""short_window"": 19.643391814240665, ""long_window"": 196.8564407458365}","{""pop_size"": 100, ""max_iter"": 50, ""n_shells"": 5}"
656,aos,lma,26,fixed,-778.556922756959,778.556922756959,485.405550105509,51,5867.29839800137,False,"{""short_window"": 32.541505449096654, ""long_window"": 56.73673973024692}","{""pop_size"": 100, ""max_iter"": 50, ""n_shells"": 5}"
657,aos,lma,27,fixed,-818.928633013523,818.928633013523,907.977723746608,51,5884.81893800054,False,"{""short_window"": 20.79144148694926, ""long_window"": 194.8838416097972}","{""pop_size"": 100, ""max_iter"": 50, ""n_shells"": 5}"
658,aos,lma,28,fixed,-818.928633013523,818.928633013523,907.977723746608,51,5887.25049799905,False,"{""short_window"": 20.625952115010985, ""long_window"": 195.36934966982}","{""pop_size"": 100, ""max_iter"": 50, ""n_shells"": 5}"
659,aos,lma,29,fixed,-818.928633013523,818.928633013523,907.977723746608,51,5893.72409099997,False,"{""short_window"": 20.628864921496017, ""long_window"": 194.89954317460294}","{""pop_size"": 100, ""max_iter"": 50, ""n_shells"": 5}"
660,aos,ema_shared,0,fixed,-43771.7816348806,43771.7816348806,3710.56295606089,51,6050.02403599974,False,"{""short_window"": 50.0, ""long_window"": 60.93476227639613, ""alpha"": 0.5142058629482797}","{""pop_size"": 100, ""max_iter"": 50, ""n_shells"": 5}"
661,aos,ema_shared,1,fixed,-43837.6092183859,43837.6092183859,1000,50,5965.64786300041,True,"{""short_window"": 49.23674974913566, ""long_window"": 130.21614322394237, ""alpha"": 0.8705985839883339}","{""pop_size"": 100, ""max_iter"": 50, ""n_shells"": 5}"
662,aos,ema_shared,2,fixed,-50569.3459661605,50569.3459661605,3776.47628561835,51,6134.29695099876,False,"{""short_window"": 50.0, ""long_window"": 72.65482231373025, ""alpha"": 0.6954167627118903}","{""pop_size"": 100, ""max_iter"": 50, ""n_shells"": 5}"
663,aos,ema_shared,3,fixed,-61331.7857461804,61331.7857461804,1000,51,6058.05692700051,False,"{""short_window"": 32.9123413103449, ""long_window"": 90.15636656283768, ""alpha"": 0.8125553156480223}","{""pop_size"": 100, ""max_iter"": 50, ""n_shells"": 5}"
664,aos,ema_shared,4,fixed,-43105.5762584141,43105.5762584141,2525.94549984645,51,6008.5462269999,False,"{""short_window"": 50.0, ""long_window"": 169.20538606708806, ""alpha"": 0.6029631932936066}","{""pop_size"": 100, ""max_iter"": 50, ""n_shells"": 5}"
665,aos,ema_shared,5,fixed,-79728.8021868389,79728.8021868389,1230.33111896642,51,5959.05096000024,False,"{""short_window"": 50.0, ""long_window"": 51.0, ""alpha"": 0.9980551404612208}","{""pop_size"": 100, ""max_iter"": 50, ""n_shells"": 5}"
666,aos,ema_shared,6,fixed,-29400.2437731572,29400.2437731572,1178.31569437351,51,6024.98228900004,False,"{""short_window"": 23.65497848030481, ""long_window"": 51.0, ""alpha"": 0.875392945652249}","{""pop_size"": 100, ""max_iter"": 50, ""n_shells"": 5}"
667,aos,ema_shared,7,fixed,-73224.1759676017,73224.1759676017,4333.20694111336,51,6178.53409000054,False,"{""short_window"": 27.187989711490022, ""long_window"": 200.0, ""alpha"": 0.8960319825820799}","{""pop_size"": 100, ""max_iter"": 50, ""n_shells"": 5}"
668,aos,ema_shared,8,fixed,-43647.4605150215,43647.4605150215,3709.87484324916,51,6036.97945000022,False,"{""short_window"": 50.0, ""long_window"": 57.43957417889106, ""alpha"": 0.5691130305764696}","{""pop_size"": 100, ""max_iter"": 50, ""n_shells"": 5}"
669,aos,ema_shared,9,fixed,-98436.7615025011,98436.7615025011,1082.64433657874,51,6042.04393100008,False,"{""short_window"": 41.198044254511444, ""long_window"": 113.82038848844701, ""alpha"": 0.655792073247921}","{""pop_size"": 100, ""max_iter"": 50, ""n_shells"": 5}"
670,aos,ema_shared,10,fixed,-109032.203853067,109032.203853067,803.742817367224,51,6041.15821400046,False,"{""short_window"": 50.0, ""long_window"": 152.83978736271135, ""alpha"": 0.7518213460213594}","{""pop_size"": 100, ""max_iter"": 50, ""n_shells"": 5}"
671,aos,ema_shared,11,fixed,-47455.3369444444,47455.3369444444,1000,51,6099.74640600012,False,"{""short_window"": 50.0, ""long_window"": 160.59127708110893, ""alpha"": 0.7948800016350784}","{""pop_size"": 100, ""max_iter"": 50, ""n_shells"": 5}"
672,aos,ema_shared,13,fixed,-51959.7809246729,51959.7809246729,3507.87162975267,50,5971.39404900008,True,"{""short_window"": 17.019555055462547, ""long_window"": 84.0049682910772, ""alpha"": 0.8643568392123925}","{""pop_size"": 100, ""max_iter"": 50, ""n_shells"": 5}"
673,aos,ema_shared,12,fixed,-57804.0077140713,57804.0077140713,2096.59453597364,51,6179.36842699965,False,"{""short_window"": 26.839287260498928, ""long_window"": 200.0, ""alpha"": 0.8346788997047261}","{""pop_size"": 100, ""max_iter"": 50, ""n_shells"": 5}"
674,aos,ema_shared,14,fixed,-55900.299473407,55900.299473407,2768.02677227607,51,6097.41760100042,False,"{""short_window"": 50.0, ""long_window"": 115.6082753150928, ""alpha"": 0.9983133772121804}","{""pop_size"": 100, ""max_iter"": 50, ""n_shells"": 5}"
675,aos,ema_shared,15,fixed,-47440.4857552439,47440.4857552439,4044.45969063075,51,6105.89383099978,False,"{""short_window"": 35.19626705253112, ""long_window"": 127.8604220099355, ""alpha"": 0.772591357979509}","{""pop_size"": 100, ""max_iter"": 50, ""n_shells"": 5}"
676,aos,ema_shared,16,fixed,-37463.6064377682,37463.6064377682,1000,51,6082.14367300025,False,"{""short_window"": 48.65007891159177, ""long_window"": 154.49173347103624, ""alpha"": 0.9179417190968723}","{""pop_size"": 100, ""max_iter"": 50, ""n_shells"": 5}"
677,aos,ema_shared,17,fixed,-99132.2880917016,99132.2880917016,915.958152991962,51,6127.83227700129,False,"{""short_window"": 47.43698969867706, ""long_window"": 174.0690176931805, ""alpha"": 0.9977541442304453}","{""pop_size"": 100, ""max_iter"": 50, ""n_shells"": 5}"
678,aos,ema_shared,18,fixed,-53628.8978058451,53628.8978058451,2424.21108274742,51,6100.45280099985,False,"{""short_window"": 47.85756278373783, ""long_window"": 51.0, ""alpha"": 0.7648328412957404}","{""pop_size"": 100, ""max_iter"": 50, ""n_shells"": 5}"
679,aos,ema_shared,20,fixed,-30780.8959656809,30780.8959656809,1095.92622117454,51,6105.84517799907,False,"{""short_window"": 16.240671663243457, ""long_window"": 194.95254990941766, ""alpha"": 0.9122342931843784}","{""pop_size"": 100, ""max_iter"": 50, ""n_shells"": 5}"
680,aos,ema_shared,19,fixed,-49034.5473684396,49034.5473684396,1577.8417567386,51,6177.25503499969,False,"{""short_window"": 28.60262099973102, ""long_window"": 200.0, ""alpha"": 0.7065018345931867}","{""pop_size"": 100, ""max_iter"": 50, ""n_shells"": 5}"
681,aos,ema_shared,21,fixed,-33706.6962718641,33706.6962718641,603.283513791996,51,6096.34049300075,False,"{""short_window"": 50.0, ""long_window"": 152.67636616078397, ""alpha"": 0.5221257974473437}","{""pop_size"": 100, ""max_iter"": 50, ""n_shells"": 5}"
682,aos,ema_shared,22,fixed,-97413.1325748127,97413.1325748127,1000,51,6063.68348399883,False,"{""short_window"": 50.0, ""long_window"": 184.58979476328898, ""alpha"": 0.7111079001398974}","{""pop_size"": 100, ""max_iter"": 50, ""n_shells"": 5}"
683,aos,ema_shared,23,fixed,-36071.5941981589,36071.5941981589,1000,51,5981.83794599936,False,"{""short_window"": 43.68850879770595, ""long_window"": 51.0, ""alpha"": 0.8547077425754741}","{""pop_size"": 100, ""max_iter"": 50, ""n_shells"": 5}"
684,aos,ema_shared,24,fixed,-45840.1304623362,45840.1304623362,1000,51,6072.08743699994,False,"{""short_window"": 48.91880111900502, ""long_window"": 105.77863821114808, ""alpha"": 0.8260171928673979}","{""pop_size"": 100, ""max_iter"": 50, ""n_shells"": 5}"
685,aos,ema_shared,25,fixed,-60472.9379102102,60472.9379102102,611.900927784355,51,6127.79185699947,False,"{""short_window"": 42.98169616334743, ""long_window"": 156.17284004942917, ""alpha"": 0.7481309521567073}","{""pop_size"": 100, ""max_iter"": 50, ""n_shells"": 5}"
686,aos,ema_shared,26,fixed,-39026.0059661734,39026.0059661734,4377.15036275871,51,6058.03122200086,False,"{""short_window"": 48.237055682199454, ""long_window"": 107.34469265613794, ""alpha"": 0.8609878607562055}","{""pop_size"": 100, ""max_iter"": 50, ""n_shells"": 5}"
687,aos,ema_shared,27,fixed,-66556.1602215945,66556.1602215945,660.011486813141,51,6010.74213800166,False,"{""short_window"": 47.8607198687724, ""long_window"": 109.94555038031334, ""alpha"": 0.9885353122462699}","{""pop_size"": 100, ""max_iter"": 50, ""n_shells"": 5}"
688,aos,ema_shared,28,fixed,-76962.5861996626,76962.5861996626,1786.63725236338,51,6136.92855699992,False,"{""short_window"": 42.287307366356664, ""long_window"": 200.0, ""alpha"": 0.5818857041034387}","{""pop_size"": 100, ""max_iter"": 50, ""n_shells"": 5}"
689,aos,ema_shared,29,fixed,-35465.234251621,35465.234251621,1000,51,5982.29901400009,False,"{""short_window"": 48.63673044073703, ""long_window"": 73.88661478186233, ""alpha"": 0.8312079334221861}","{""pop_size"": 100, ""max_iter"": 50, ""n_shells"": 5}"
690,aos,ema_independent,0,fixed,-8890.97639191159,8890.97639191159,4747.23243767924,51,7155.64475799874,False,"{""short_window"": 50.0, ""long_window"": 185.88649689641517, ""alpha_short"": 0.028616726993665242, ""alpha_long"": 0.10289776372146923}","{""pop_size"": 100, ""max_iter"": 50, ""n_shells"": 5}"
691,aos,ema_independent,1,fixed,-8287.32511411472,8287.32511411472,4539.88575304818,51,7084.66332999888,False,"{""short_window"": 49.028248654142686, ""long_window"": 105.42623842144454, ""alpha_short"": 0.020056319798493094, ""alpha_long"": 0.1543352367439642}","{""pop_size"": 100, ""max_iter"": 50, ""n_shells"": 5}"
692,aos,ema_independent,2,fixed,-7833.83024260623,7833.83024260623,4900.24670171242,51,7204.32483200057,False,"{""short_window"": 43.59634608683776, ""long_window"": 200.0, ""alpha_short"": 1e-06, ""alpha_long"": 0.10634295216580186}","{""pop_size"": 100, ""max_iter"": 50, ""n_shells"": 5}"
693,aos,ema_independent,3,fixed,-8387.91622560547,8387.91622560547,7478.45551362444,51,7191.85076800022,False,"{""short_window"": 47.35440564850061, ""long_window"": 200.0, ""alpha_short"": 1e-06, ""alpha_long"": 0.0610360381874695}","{""pop_size"": 100, ""max_iter"": 50, ""n_shells"": 5}"
694,aos,ema_independent,4,fixed,-5678.18236427025,5678.18236427025,4274.92099354421,51,7121.00954499874,False,"{""short_window"": 43.12356144210885, ""long_window"": 81.28193563343007, ""alpha_short"": 1e-06, ""alpha_long"": 0.231469541837651}","{""pop_size"": 100, ""max_iter"": 50, ""n_shells"": 5}"
695,aos,ema_independent,5,fixed,-9356.27259901176,9356.27259901176,4250.15175066443,51,7179.18762000045,False,"{""short_window"": 47.13097940286634, ""long_window"": 115.57093329119951, ""alpha_short"": 1e-06, ""alpha_long"": 0.17214107802264617}","{""pop_size"": 100, ""max_iter"": 50, ""n_shells"": 5}"
696,aos,ema_independent,6,fixed,-6283.55203303876,6283.55203303876,5205.60938610699,51,7247.7386540013,False,"{""short_window"": 38.69064946198771, ""long_window"": 185.2412731449999, ""alpha_short"": 1e-06, ""alpha_long"": 0.19215674290288748}","{""pop_size"": 100, ""max_iter"": 50, ""n_shells"": 5}"
697,aos,ema_independent,7,fixed,-6152.36588687441,6152.36588687441,5675.50726001348,51,7142.81724899956,False,"{""short_window"": 41.831243308179886, ""long_window"": 84.45440078061061, ""alpha_short"": 1e-06, ""alpha_long"": 0.12376673808318872}","{""pop_size"": 100, ""max_iter"": 50, ""n_shells"": 5}"
698,aos,ema_independent,8,fixed,-7121.21961723018,7121.21961723018,4021.87621868397,50,6978.01245100163,True,"{""short_window"": 47.259466554532445, ""long_window"": 127.45440070731917, ""alpha_short"": 0.002663139501498749, ""alpha_long"": 0.07523504601881635}","{""pop_size"": 100, ""max_iter"": 50, ""n_shells"": 5}"
699,aos,ema_independent,9,fixed,-8746.9564133279,8746.9564133279,5102.64236702817,51,7097.50866799914,False,"{""short_window"": 44.03841364057601, ""long_window"": 51.0, ""alpha_short"": 1e-06, ""alpha_long"": 0.1204265312205277}","{""pop_size"": 100, ""max_iter"": 50, ""n_shells"": 5}"
700,aos,ema_independent,10,fixed,-6135.29734279802,6135.29734279802,1707.17975711243,51,7217.81709000061,False,"{""short_window"": 29.433305159544407, ""long_window"": 199.77479258166414, ""alpha_short"": 1e-06, ""alpha_long"": 0.08810038493240024}","{""pop_size"": 100, ""max_iter"": 50, ""n_shells"": 5}"
701,aos,ema_independent,11,fixed,-8974.2498475813,8974.2498475813,4201.70692742162,51,7135.31848400089,False,"{""short_window"": 47.6684874406783, ""long_window"": 138.17039547973343, ""alpha_short"": 1e-06, ""alpha_long"": 0.12484504603234134}","{""pop_size"": 100, ""max_iter"": 50, ""n_shells"": 5}"
702,aos,ema_independent,12,fixed,-6847.80617949179,6847.80617949179,4178.4896308506,51,7058.06589999884,False,"{""short_window"": 50.0, ""long_window"": 98.23260852154509, ""alpha_short"": 0.018204353814268836, ""alpha_long"": 0.09963330478928448}","{""pop_size"": 100, ""max_iter"": 50, ""n_shells"": 5}"
703,aos,ema_independent,13,fixed,-7884.91947011289,7884.91947011289,4456.88716259484,51,7083.02782300052,False,"{""short_window"": 45.6570891616058, ""long_window"": 187.80471939509889, ""alpha_short"": 1e-06, ""alpha_long"": 0.10322148164437162}","{""pop_size"": 100, ""max_iter"": 50, ""n_shells"": 5}"
704,aos,ema_independent,14,fixed,-8622.88198119771,8622.88198119771,4157.60985532585,51,7180.87284600006,False,"{""short_window"": 46.54299272667152, ""long_window"": 166.40318679512433, ""alpha_short"": 1e-06, ""alpha_long"": 0.15910782814588104}","{""pop_size"": 100, ""max_iter"": 50, ""n_shells"": 5}"
705,aos,ema_independent,15,fixed,-8684.35499913426,8684.35499913426,4561.99838350414,51,7102.57056699993,False,"{""short_window"": 46.573108858963415, ""long_window"": 67.08252749496171, ""alpha_short"": 1e-06, ""alpha_long"": 0.12673762336277017}","{""pop_size"": 100, ""max_iter"": 50, ""n_shells"": 5}"
706,aos,ema_independent,17,fixed,-6391.77838312252,6391.77838312252,4472.55913909578,51,7057.69707400032,False,"{""short_window"": 47.9133598794353, ""long_window"": 51.36919304795136, ""alpha_short"": 1e-06, ""alpha_long"": 0.2269939845511576}","{""pop_size"": 100, ""max_iter"": 50, ""n_shells"": 5}"
707,aos,ema_independent,16,fixed,-6580.48920112739,6580.48920112739,1349.61623321523,51,7160.59338500054,False,"{""short_window"": 29.13691277660609, ""long_window"": 160.98368790505486, ""alpha_short"": 1e-06, ""alpha_long"": 0.08256229535975533}","{""pop_size"": 100, ""max_iter"": 50, ""n_shells"": 5}"
708,aos,ema_independent,18,fixed,-7771.16451042049,7771.16451042049,977.926234910306,51,7215.40992300106,False,"{""short_window"": 26.505562846904656, ""long_window"": 179.2519980842243, ""alpha_short"": 1e-06, ""alpha_long"": 0.08132198938764258}","{""pop_size"": 100, ""max_iter"": 50, ""n_shells"": 5}"
709,aos,ema_independent,19,fixed,-6629.50445960829,6629.50445960829,3569.79445708714,51,7140.20090400118,False,"{""short_window"": 50.0, ""long_window"": 71.17195490857543, ""alpha_short"": 0.046651882098025954, ""alpha_long"": 0.15069723692498474}","{""pop_size"": 100, ""max_iter"": 50, ""n_shells"": 5}"
710,aos,ema_independent,20,fixed,-8188.06447170128,8188.06447170128,4385.70317813298,51,7267.63197500077,False,"{""short_window"": 46.3615519131026, ""long_window"": 200.0, ""alpha_short"": 0.00656357961630713, ""alpha_long"": 0.14516627701958107}","{""pop_size"": 100, ""max_iter"": 50, ""n_shells"": 5}"
711,aos,ema_independent,21,fixed,-7831.19797740721,7831.19797740721,4805.67844024502,51,7110.92138899949,False,"{""short_window"": 44.495040376265806, ""long_window"": 51.0, ""alpha_short"": 1e-06, ""alpha_long"": 0.09786598097194663}","{""pop_size"": 100, ""max_iter"": 50, ""n_shells"": 5}"
712,aos,ema_independent,22,fixed,-7666.92570858345,7666.92570858345,4250.77542486739,51,7104.52271400027,False,"{""short_window"": 46.175443593263886, ""long_window"": 51.0, ""alpha_short"": 1e-06, ""alpha_long"": 0.19919250207020087}","{""pop_size"": 100, ""max_iter"": 50, ""n_shells"": 5}"
713,aos,ema_independent,23,fixed,-10581.4516565907,10581.4516565907,4917.02321327714,51,7114.02069399992,False,"{""short_window"": 44.635919314524834, ""long_window"": 86.09492682244263, ""alpha_short"": 1e-06, ""alpha_long"": 0.14051783253100975}","{""pop_size"": 100, ""max_iter"": 50, ""n_shells"": 5}"
714,aos,ema_independent,24,fixed,-8039.80165177347,8039.80165177347,4393.89439473387,51,7073.93414999933,False,"{""short_window"": 50.0, ""long_window"": 120.97307016046472, ""alpha_short"": 0.016869259947397713, ""alpha_long"": 0.1164707271049785}","{""pop_size"": 100, ""max_iter"": 50, ""n_shells"": 5}"
715,aos,ema_independent,25,fixed,-6729.04048410784,6729.04048410784,1080.29562794559,51,7209.58121600052,False,"{""short_window"": 29.176897932728217, ""long_window"": 197.05037811040782, ""alpha_short"": 0.06782567808430845, ""alpha_long"": 0.10887972572594734}","{""pop_size"": 100, ""max_iter"": 50, ""n_shells"": 5}"
716,aos,ema_independent,26,fixed,-8456.97882785508,8456.97882785508,3961.98582800128,51,7137.18812300067,False,"{""short_window"": 46.26899290118192, ""long_window"": 105.06112366036392, ""alpha_short"": 1e-06, ""alpha_long"": 0.08352828673531937}","{""pop_size"": 100, ""max_iter"": 50, ""n_shells"": 5}"
717,aos,ema_independent,27,fixed,-6283.55203303876,6283.55203303876,5205.60938610699,51,7219.5004919995,False,"{""short_window"": 39.19404130661036, ""long_window"": 200.0, ""alpha_short"": 1e-06, ""alpha_long"": 0.18947134381670305}","{""pop_size"": 100, ""max_iter"": 50, ""n_shells"": 5}"
718,aos,ema_independent,29,fixed,-9178.09046185929,9178.09046185929,5579.9145880237,51,7061.44973899973,False,"{""short_window"": 44.126023833738515, ""long_window"": 51.0, ""alpha_short"": 1e-06, ""alpha_long"": 0.13910554821638632}","{""pop_size"": 100, ""max_iter"": 50, ""n_shells"": 5}"
719,aos,ema_independent,28,fixed,-6960.17309695422,6960.17309695422,5744.35648123728,51,7156.23121800127,False,"{""short_window"": 38.969592823743376, ""long_window"": 111.82746315076668, ""alpha_short"": 1e-06, ""alpha_long"": 0.09654814330083639}","{""pop_size"": 100, ""max_iter"": 50, ""n_shells"": 5}"
720,aos,weighted,0,fixed,-10745.9035964248,10745.9035964248,4866.92626192626,51,6904.51931000098,False,"{""high_w1"": 0.9234674229664411, ""high_w2"": 0.8816565499437392, ""high_w3"": 0.8446812036687273, ""high_d1"": 43.8185054460009, ""high_d2"": 50.0, ""high_d3"": 2.0, ""high_alpha3"": 0.99, ""low_w1"": 1.0, ""low_w2"": 1.0, ""low_w3"": 0.7378598442547954, ""low_d1"": 8.086550916094478, ""low_d2"": 16.13799783633341, ""low_d3"": 17.175763171122117, ""low_alpha3"": 0.9394895876845505}","{""pop_size"": 100, ""max_iter"": 50, ""n_shells"": 5}"
721,aos,weighted,1,fixed,-10822.019726774,10822.019726774,4150.96081948097,51,6959.58851400064,False,"{""high_w1"": 1.0, ""high_w2"": 1.0, ""high_w3"": 1.0, ""high_d1"": 50.0, ""high_d2"": 50.0, ""high_d3"": 29.66535897555697, ""high_alpha3"": 0.99, ""low_w1"": 1.0, ""low_w2"": 1.0, ""low_w3"": 1.0, ""low_d1"": 15.16923735211751, ""low_d2"": 10.05866643213194, ""low_d3"": 47.26333742172564, ""low_alpha3"": 0.9626948816199207}","{""pop_size"": 100, ""max_iter"": 50, ""n_shells"": 5}"
722,aos,weighted,2,fixed,-14618.9621212185,14618.9621212185,4410.90558413546,51,6959.36511699983,False,"{""high_w1"": 1.0, ""high_w2"": 1.0, ""high_w3"": 1.0, ""high_d1"": 18.12940714824277, ""high_d2"": 50.0, ""high_d3"": 8.092313334353074, ""high_alpha3"": 0.99, ""low_w1"": 1.0, ""low_w2"": 1.0, ""low_w3"": 1.0, ""low_d1"": 17.520263767476482, ""low_d2"": 50.0, ""low_d3"": 13.517932831259076, ""low_alpha3"": 0.99}","{""pop_size"": 100, ""max_iter"": 50, ""n_shells"": 5}"
723,aos,weighted,3,fixed,-10274.5115739627,10274.5115739627,5152.73026112889,51,6970.39435899933,False,"{""high_w1"": 1.0, ""high_w2"": 1.0, ""high_w3"": 1.0, ""high_d1"": 45.77558154844792, ""high_d2"": 19.90772659246316, ""high_d3"": 7.929621830335962, ""high_alpha3"": 0.99, ""low_w1"": 1.0, ""low_w2"": 1.0, ""low_w3"": 1.0, ""low_d1"": 12.123329792818296, ""low_d2"": 19.58632500179691, ""low_d3"": 30.110648396154488, ""low_alpha3"": 0.99}","{""pop_size"": 100, ""max_iter"": 50, ""n_shells"": 5}"
724,aos,weighted,4,fixed,-10759.1172604094,10759.1172604094,4368.20683052476,51,6980.69781699996,False,"{""high_w1"": 1.0, ""high_w2"": 1.0, ""high_w3"": 1.0, ""high_d1"": 50.0, ""high_d2"": 31.90483793154544, ""high_d3"": 33.17880132626363, ""high_alpha3"": 0.99, ""low_w1"": 1.0, ""low_w2"": 1.0, ""low_w3"": 1.0, ""low_d1"": 9.162505733310109, ""low_d2"": 18.201229280052555, ""low_d3"": 44.38328651895378, ""low_alpha3"": 0.99}","{""pop_size"": 100, ""max_iter"": 50, ""n_shells"": 5}"
725,aos,weighted,5,fixed,-9828.0776404729,9828.0776404729,4946.68500274508,51,6916.09608200088,False,"{""high_w1"": 1.0, ""high_w2"": 0.8685198967527804, ""high_w3"": 0.9323927981944153, ""high_d1"": 45.54770550088692, ""high_d2"": 50.0, ""high_d3"": 25.477035699630104, ""high_alpha3"": 0.99, ""low_w1"": 1.0, ""low_w2"": 0.8096589534052911, ""low_w3"": 0.9545258971483693, ""low_d1"": 18.873382151414255, ""low_d2"": 15.306340385302073, ""low_d3"": 22.791742369212397, ""low_alpha3"": 0.99}","{""pop_size"": 100, ""max_iter"": 50, ""n_shells"": 5}"
726,aos,weighted,6,fixed,-10234.3815087512,10234.3815087512,4678.41049235526,51,6925.09788899952,False,"{""high_w1"": 1.0, ""high_w2"": 1.0, ""high_w3"": 1.0, ""high_d1"": 49.09415441959683, ""high_d2"": 37.645958006334936, ""high_d3"": 28.2947276963454, ""high_alpha3"": 0.99, ""low_w1"": 1.0, ""low_w2"": 1.0, ""low_w3"": 1.0, ""low_d1"": 10.975913937750907, ""low_d2"": 12.866276629487992, ""low_d3"": 34.336783667623415, ""low_alpha3"": 0.99}","{""pop_size"": 100, ""max_iter"": 50, ""n_shells"": 5}"
727,aos,weighted,7,fixed,-9708.25800499076,9708.25800499076,5159.17558357727,51,6918.79201199845,False,"{""high_w1"": 1.0, ""high_w2"": 1.0, ""high_w3"": 1.0, ""high_d1"": 46.84375982178458, ""high_d2"": 49.19414698415491, ""high_d3"": 5.068362975121074, ""high_alpha3"": 0.99, ""low_w1"": 1.0, ""low_w2"": 1.0, ""low_w3"": 1.0, ""low_d1"": 10.944772031549897, ""low_d2"": 39.56090825131527, ""low_d3"": 45.74422204271436, ""low_alpha3"": 0.99}","{""pop_size"": 100, ""max_iter"": 50, ""n_shells"": 5}"
728,aos,weighted,8,fixed,-35277.7241441893,35277.7241441893,3708.7030925343,51,7009.53633899917,False,"{""high_w1"": 1.0, ""high_w2"": 1.0, ""high_w3"": 1.0, ""high_d1"": 50.0, ""high_d2"": 5.98642451555367, ""high_d3"": 10.516795288972393, ""high_alpha3"": 0.99, ""low_w1"": 1.0, ""low_w2"": 1.0, ""low_w3"": 1.0, ""low_d1"": 50.0, ""low_d2"": 6.0283040150744345, ""low_d3"": 46.10058533433992, ""low_alpha3"": 0.99}","{""pop_size"": 100, ""max_iter"": 50, ""n_shells"": 5}"
729,aos,weighted,9,fixed,-10534.1106712146,10534.1106712146,4373.63185379522,51,6904.63464599998,False,"{""high_w1"": 1.0, ""high_w2"": 1.0, ""high_w3"": 1.0, ""high_d1"": 45.71361059831432, ""high_d2"": 50.0, ""high_d3"": 48.14793234974107, ""high_alpha3"": 0.99, ""low_w1"": 1.0, ""low_w2"": 0.7658352801671705, ""low_w3"": 1.0, ""low_d1"": 11.075039874981641, ""low_d2"": 12.14976042191656, ""low_d3"": 2.4958933323949997, ""low_alpha3"": 0.99}","{""pop_size"": 100, ""max_iter"": 50, ""n_shells"": 5}"
730,aos,weighted,10,fixed,-10471.6047493557,10471.6047493557,4982.58360831843,51,6983.02924500058,False,"{""high_w1"": 1.0, ""high_w2"": 1.0, ""high_w3"": 0.9358299246209661, ""high_d1"": 46.0994454392218, ""high_d2"": 15.26939660685166, ""high_d3"": 42.28758237154119, ""high_alpha3"": 0.99, ""low_w1"": 0.9746968990957607, ""low_w2"": 1.0, ""low_w3"": 1.0, ""low_d1"": 11.092234699857501, ""low_d2"": 18.369309611138185, ""low_d3"": 49.44849154906598, ""low_alpha3"": 0.99}","{""pop_size"": 100, ""max_iter"": 50, ""n_shells"": 5}"
731,aos,weighted,11,fixed,-18059.7816141854,18059.7816141854,3387.24,51,6962.94929599935,False,"{""high_w1"": 1.0, ""high_w2"": 1.0, ""high_w3"": 1.0, ""high_d1"": 50.0, ""high_d2"": 50.0, ""high_d3"": 35.244316502538595, ""high_alpha3"": 0.99, ""low_w1"": 1.0, ""low_w2"": 1.0, ""low_w3"": 1.0, ""low_d1"": 50.0, ""low_d2"": 50.0, ""low_d3"": 26.375019186934875, ""low_alpha3"": 0.99}","{""pop_size"": 100, ""max_iter"": 50, ""n_shells"": 5}"
732,aos,weighted,12,fixed,-10985.809861679,10985.809861679,4407.24759841055,51,7033.1475919993,False,"{""high_w1"": 1.0, ""high_w2"": 1.0, ""high_w3"": 1.0, ""high_d1"": 50.0, ""high_d2"": 35.79907092399153, ""high_d3"": 26.537398124249023, ""high_alpha3"": 0.99, ""low_w1"": 1.0, ""low_w2"": 1.0, ""low_w3"": 1.0, ""low_d1"": 8.92061850705372, ""low_d2"": 16.993846396241107, ""low_d3"": 40.27862011050414, ""low_alpha3"": 0.99}","{""pop_size"": 100, ""max_iter"": 50, ""n_shells"": 5}"
733,aos,weighted,13,fixed,-9923.67713096104,9923.67713096104,4712.42823088413,51,6964.01299100035,False,"{""high_w1"": 1.0, ""high_w2"": 0.9300563496366869, ""high_w3"": 1.0, ""high_d1"": 50.0, ""high_d2"": 40.845343235848084, ""high_d3"": 50.0, ""high_alpha3"": 0.99, ""low_w1"": 1.0, ""low_w2"": 1.0, ""low_w3"": 1.0, ""low_d1"": 9.085904691587336, ""low_d2"": 15.080327732145403, ""low_d3"": 12.283804214665704, ""low_alpha3"": 0.99}","{""pop_size"": 100, ""max_iter"": 50, ""n_shells"": 5}"
734,aos,weighted,14,fixed,-23775.0627530521,23775.0627530521,1000,51,7045.6064889986,False,"{""high_w1"": 1.0, ""high_w2"": 1.0, ""high_w3"": 1.0, ""high_d1"": 50.0, ""high_d2"": 49.52252251220129, ""high_d3"": 34.14106589028492, ""high_alpha3"": 0.99, ""low_w1"": 1.0, ""low_w2"": 1.0, ""low_w3"": 1.0, ""low_d1"": 49.97986036806855, ""low_d2"": 50.0, ""low_d3"": 10.295045285297743, ""low_alpha3"": 0.99}","{""pop_size"": 100, ""max_iter"": 50, ""n_shells"": 5}"
735,aos,weighted,15,fixed,-10009.6765309434,10009.6765309434,5123.07065998063,51,7036.85072000008,False,"{""high_w1"": 1.0, ""high_w2"": 1.0, ""high_w3"": 1.0, ""high_d1"": 50.0, ""high_d2"": 46.85789775571507, ""high_d3"": 35.650031571451805, ""high_alpha3"": 0.99, ""low_w1"": 1.0, ""low_w2"": 0.75958685008557, ""low_w3"": 1.0, ""low_d1"": 14.810610494038478, ""low_d2"": 21.404876169134585, ""low_d3"": 7.891727374964173, ""low_alpha3"": 0.99}","{""pop_size"": 100, ""max_iter"": 50, ""n_shells"": 5}"
736,aos,weighted,16,fixed,-11116.1005919693,11116.1005919693,5498.25439090834,51,6988.0591960009,False,"{""high_w1"": 1.0, ""high_w2"": 1.0, ""high_w3"": 1.0, ""high_d1"": 39.74180652208281, ""high_d2"": 50.0, ""high_d3"": 42.04894983698714, ""high_alpha3"": 0.99, ""low_w1"": 1.0, ""low_w2"": 1.0, ""low_w3"": 1.0, ""low_d1"": 33.2793746631905, ""low_d2"": 17.113872704923626, ""low_d3"": 2.790334477321906, ""low_alpha3"": 0.99}","{""pop_size"": 100, ""max_iter"": 50, ""n_shells"": 5}"
737,aos,weighted,17,fixed,-18339.5172104595,18339.5172104595,4382.08235637165,51,6961.64284200131,False,"{""high_w1"": 1.0, ""high_w2"": 1.0, ""high_w3"": 1.0, ""high_d1"": 50.0, ""high_d2"": 49.59589648904105, ""high_d3"": 42.39117921469143, ""high_alpha3"": 0.99, ""low_w1"": 1.0, ""low_w2"": 1.0, ""low_w3"": 1.0, ""low_d1"": 50.0, ""low_d2"": 50.0, ""low_d3"": 14.009927189589192, ""low_alpha3"": 0.99}","{""pop_size"": 100, ""max_iter"": 50, ""n_shells"": 5}"
738,aos,weighted,18,fixed,-10219.1044090101,10219.1044090101,4834.82588015961,51,6944.7520449994,False,"{""high_w1"": 1.0, ""high_w2"": 0.987293968768052, ""high_w3"": 1.0, ""high_d1"": 49.91132159580498, ""high_d2"": 34.19255687842481, ""high_d3"": 33.31879310369518, ""high_alpha3"": 0.8044051131650255, ""low_w1"": 1.0, ""low_w2"": 0.9701640010169778, ""low_w3"": 0.9427767372442303, ""low_d1"": 16.746420977817372, ""low_d2"": 10.84625054305894, ""low_d3"": 21.422360889508045, ""low_alpha3"": 0.8904343171566934}","{""pop_size"": 100, ""max_iter"": 50, ""n_shells"": 5}"
739,gps,sma,0,fixed,651.568888946154,651.568888946154,991.189608522756,20,87.6312669988693,False,"{""short_window"": 27.63730280688158, ""long_window"": 166.72088710903984}","{""initial_step_size"": 1, ""tolerance"": 1e-05, ""decay_rate"": 0.5, ""max_iterations"": 50}"
740,gps,sma,1,fixed,558.416730115573,558.416730115573,1111.63038427315,19,79.382075000467,False,"{""short_window"": 27.369438458969874, ""long_window"": 71.95498804776932}","{""initial_step_size"": 1, ""tolerance"": 1e-05, ""decay_rate"": 0.5, ""max_iterations"": 50}"
741,gps,sma,2,fixed,480.175051858598,480.175051858598,1546.7010553065,20,83.2939039992198,False,"{""short_window"": 43.45561325921232, ""long_window"": 67.34414742518177}","{""initial_step_size"": 1, ""tolerance"": 1e-05, ""decay_rate"": 0.5, ""max_iterations"": 50}"
742,gps,sma,3,fixed,370.498783927393,370.498783927393,725.764528743933,18,78.1847830003244,False,"{""short_window"": 3.465207373790186, ""long_window"": 130.17008145577182}","{""initial_step_size"": 1, ""tolerance"": 1e-05, ""decay_rate"": 0.5, ""max_iterations"": 50}"
743,gps,sma,4,fixed,581.091715283416,581.091715283416,1059.79162999684,19,81.250009001451,False,"{""short_window"": 34.32730710467706, ""long_window"": 173.46183850352224}","{""initial_step_size"": 1, ""tolerance"": 1e-05, ""decay_rate"": 0.5, ""max_iterations"": 50}"
744,gps,sma,5,fixed,506.371308750018,506.371308750018,1277.58298451652,20,86.3435339997523,False,"{""short_window"": 31.136614909253197, ""long_window"": 89.55712519532469}","{""initial_step_size"": 1, ""tolerance"": 1e-05, ""decay_rate"": 0.5, ""max_iterations"": 50}"
745,gps,sma,6,fixed,587.877623049545,587.877623049545,1015.83869937929,18,78.7242839996907,False,"{""short_window"": 10.600988391390988, ""long_window"": 167.7824614040154}","{""initial_step_size"": 1, ""tolerance"": 1e-05, ""decay_rate"": 0.5, ""max_iterations"": 50}"
746,gps,sma,7,fixed,405.021947706598,405.021947706598,1192.02846270355,18,78.5432409993518,False,"{""short_window"": 6.396643350330759, ""long_window"": 83.90745920788959}","{""initial_step_size"": 1, ""tolerance"": 1e-05, ""decay_rate"": 0.5, ""max_iterations"": 50}"
747,gps,sma,8,fixed,609.247438562169,609.247438562169,1107.57661933031,22,87.6939469999343,False,"{""short_window"": 9.699935228307627, ""long_window"": 174.29960423859998}","{""initial_step_size"": 1, ""tolerance"": 1e-05, ""decay_rate"": 0.5, ""max_iterations"": 50}"
748,gps,sma,9,fixed,405.938420091258,405.938420091258,1251.73753933715,17,77.2908210001333,False,"{""short_window"": 25.839078755786836, ""long_window"": 107.47744339854074}","{""initial_step_size"": 1, ""tolerance"": 1e-05, ""decay_rate"": 0.5, ""max_iterations"": 50}"
749,aos,weighted,19,fixed,-10141.0124390127,10141.0124390127,4530.11696242915,51,6998.85490899942,False,"{""high_w1"": 1.0, ""high_w2"": 1.0, ""high_w3"": 0.8323263178995329, ""high_d1"": 49.00813726632772, ""high_d2"": 39.575954496992, ""high_d3"": 30.318541548355682, ""high_alpha3"": 0.99, ""low_w1"": 0.9846851027695549, ""low_w2"": 1.0, ""low_w3"": 1.0, ""low_d1"": 18.4506393074605, ""low_d2"": 11.68238256009587, ""low_d3"": 50.0, ""low_alpha3"": 0.99}","{""pop_size"": 100, ""max_iter"": 50, ""n_shells"": 5}"
750,gps,sma,10,fixed,611.304666959889,611.304666959889,1087.92043298801,19,79.7785319991817,False,"{""short_window"": 8.68518037179273, ""long_window"": 169.38262307392768}","{""initial_step_size"": 1, ""tolerance"": 1e-05, ""decay_rate"": 0.5, ""max_iterations"": 50}"
751,gps,sma,11,fixed,460.037560685399,460.037560685399,1629.35948000916,19,80.8287660001952,False,"{""short_window"": 42.2711134645414, ""long_window"": 78.41075906034787}","{""initial_step_size"": 1, ""tolerance"": 1e-05, ""decay_rate"": 0.5, ""max_iterations"": 50}"
752,gps,sma,12,fixed,584.91948795013,584.91948795013,1100.73211961449,20,85.0274950007588,False,"{""short_window"": 9.06792065245109, ""long_window"": 179.74853471437387}","{""initial_step_size"": 1, ""tolerance"": 1e-05, ""decay_rate"": 0.5, ""max_iterations"": 50}"
753,gps,sma,13,fixed,614.324956404212,614.324956404212,1175.57475973804,19,81.901983001444,False,"{""short_window"": 50.0, ""long_window"": 150.89908620694092}","{""initial_step_size"": 1, ""tolerance"": 1e-05, ""decay_rate"": 0.5, ""max_iterations"": 50}"
754,gps,sma,14,fixed,609.247438562169,609.247438562169,1107.57661933031,19,80.1888169989979,False,"{""short_window"": 10.44651888218603, ""long_window"": 174.19706366913883}","{""initial_step_size"": 1, ""tolerance"": 1e-05, ""decay_rate"": 0.5, ""max_iterations"": 50}"
755,gps,sma,15,fixed,422.729029065673,422.729029065673,1365.98926002519,17,77.6986490000127,False,"{""short_window"": 36.81493703069431, ""long_window"": 88.03605417178846}","{""initial_step_size"": 1, ""tolerance"": 1e-05, ""decay_rate"": 0.5, ""max_iterations"": 50}"
756,aos,weighted,20,fixed,-10664.9030986404,10664.9030986404,4705.66699831775,51,7031.13752699937,False,"{""high_w1"": 1.0, ""high_w2"": 1.0, ""high_w3"": 1.0, ""high_d1"": 48.47621229897629, ""high_d2"": 18.322713293211308, ""high_d3"": 14.636651125074643, ""high_alpha3"": 0.99, ""low_w1"": 1.0, ""low_w2"": 1.0, ""low_w3"": 1.0, ""low_d1"": 16.49534029503475, ""low_d2"": 11.178724734361515, ""low_d3"": 48.891247523168516, ""low_alpha3"": 0.99}","{""pop_size"": 100, ""max_iter"": 50, ""n_shells"": 5}"
757,gps,sma,16,fixed,917.96655088108,917.96655088108,1025.02027035509,28,96.6741900010675,False,"{""short_window"": 46.41575361699727, ""long_window"": 195.54810559336036}","{""initial_step_size"": 1, ""tolerance"": 1e-05, ""decay_rate"": 0.5, ""max_iterations"": 50}"
758,gps,sma,17,fixed,391.28705431034,391.28705431034,1191.71157669536,22,88.1282390000706,False,"{""short_window"": 46.21698211776296, ""long_window"": 112.42994508455979}","{""initial_step_size"": 1, ""tolerance"": 1e-05, ""decay_rate"": 0.5, ""max_iterations"": 50}"
759,gps,sma,18,fixed,642.504622791553,642.504622791553,1022.41388274982,19,82.9446700008703,False,"{""short_window"": 44.32410610003239, ""long_window"": 150.04968311841577}","{""initial_step_size"": 1, ""tolerance"": 1e-05, ""decay_rate"": 0.5, ""max_iterations"": 50}"
760,gps,sma,19,fixed,609.247438562169,609.247438562169,1107.57661933031,19,80.4731839998567,False,"{""short_window"": 10.102461029597194, ""long_window"": 174.44629921619597}","{""initial_step_size"": 1, ""tolerance"": 1e-05, ""decay_rate"": 0.5, ""max_iterations"": 50}"
761,gps,sma,20,fixed,520.113823672142,520.113823672142,997.750722276443,19,78.4558459999971,False,"{""short_window"": 8.887346743714822, ""long_window"": 84.57310667429923}","{""initial_step_size"": 1, ""tolerance"": 1e-05, ""decay_rate"": 0.5, ""max_iterations"": 50}"
762,gps,sma,21,fixed,501.671809332197,501.671809332197,1064.65653072201,18,82.1395019993361,False,"{""short_window"": 20.533773862206655, ""long_window"": 87.9900832026461}","{""initial_step_size"": 1, ""tolerance"": 1e-05, ""decay_rate"": 0.5, ""max_iterations"": 50}"
763,gps,sma,22,fixed,487.42516075485,487.42516075485,987.591423717217,19,81.3183930004016,False,"{""short_window"": 31.28808480524784, ""long_window"": 153.89196996416769}","{""initial_step_size"": 1, ""tolerance"": 1e-05, ""decay_rate"": 0.5, ""max_iterations"": 50}"
764,gps,sma,23,fixed,502.844075283934,502.844075283934,1167.41039261264,20,86.8720170001325,False,"{""short_window"": 29.463241553343465, ""long_window"": 67.53316157413599}","{""initial_step_size"": 1, ""tolerance"": 1e-05, ""decay_rate"": 0.5, ""max_iterations"": 50}"
765,aos,weighted,21,fixed,-18339.5172104595,18339.5172104595,4382.08235637165,51,6972.38458799984,False,"{""high_w1"": 1.0, ""high_w2"": 1.0, ""high_w3"": 1.0, ""high_d1"": 50.0, ""high_d2"": 49.86814569333357, ""high_d3"": 50.0, ""high_alpha3"": 0.99, ""low_w1"": 1.0, ""low_w2"": 1.0, ""low_w3"": 1.0, ""low_d1"": 50.0, ""low_d2"": 50.0, ""low_d3"": 29.865915879644756, ""low_alpha3"": 0.99}","{""pop_size"": 100, ""max_iter"": 50, ""n_shells"": 5}"
766,gps,sma,25,fixed,462.369288064905,462.369288064905,1048.1605591461,20,82.8936870002508,False,"{""short_window"": 28.846872285425523, ""long_window"": 137.53506234209743}","{""initial_step_size"": 1, ""tolerance"": 1e-05, ""decay_rate"": 0.5, ""max_iterations"": 50}"
767,gps,sma,24,fixed,615.000934920339,615.000934920339,1034.62472523138,19,87.3830820000876,False,"{""short_window"": 17.153499645330747, ""long_window"": 177.98296847240255}","{""initial_step_size"": 1, ""tolerance"": 1e-05, ""decay_rate"": 0.5, ""max_iterations"": 50}"
768,gps,sma,26,fixed,513.507733320434,513.507733320434,1740.12888153297,17,77.6912220007944,False,"{""short_window"": 46.361584703205516, ""long_window"": 79.77201971744091}","{""initial_step_size"": 1, ""tolerance"": 1e-05, ""decay_rate"": 0.5, ""max_iterations"": 50}"
769,gps,sma,27,fixed,563.457863894075,563.457863894075,1005.75950873222,19,82.6109230001748,False,"{""short_window"": 19.090114239888287, ""long_window"": 172.62130932303097}","{""initial_step_size"": 1, ""tolerance"": 1e-05, ""decay_rate"": 0.5, ""max_iterations"": 50}"
770,gps,sma,28,fixed,583.297019688387,583.297019688387,1524.69641132001,19,80.7477919988742,False,"{""short_window"": 43.20212023252729, ""long_window"": 58.12973636082303}","{""initial_step_size"": 1, ""tolerance"": 1e-05, ""decay_rate"": 0.5, ""max_iterations"": 50}"
771,gps,sma,29,fixed,708.310213266011,708.310213266011,985.368900657555,20,82.3911070001486,False,"{""short_window"": 5.596455593241414, ""long_window"": 161.93356760415367}","{""initial_step_size"": 1, ""tolerance"": 1e-05, ""decay_rate"": 0.5, ""max_iterations"": 50}"
772,gps,lma,0,fixed,609.693109985295,609.693109985295,977.767538704887,21,90.0909770007274,False,"{""short_window"": 28.211863615985486, ""long_window"": 176.08385906162647}","{""initial_step_size"": 1, ""tolerance"": 1e-05, ""decay_rate"": 0.5, ""max_iterations"": 50}"
773,gps,lma,1,fixed,435.181340904088,435.181340904088,1228.53878183529,18,80.9658439993655,False,"{""short_window"": 41.87717189131574, ""long_window"": 136.8839267971765}","{""initial_step_size"": 1, ""tolerance"": 1e-05, ""decay_rate"": 0.5, ""max_iterations"": 50}"
774,gps,lma,2,fixed,454.013618226945,454.013618226945,1075.37598288696,20,82.7616410006158,False,"{""short_window"": 33.78706632781116, ""long_window"": 130.9254446166665}","{""initial_step_size"": 1, ""tolerance"": 1e-05, ""decay_rate"": 0.5, ""max_iterations"": 50}"
775,gps,lma,3,fixed,398.203957354978,398.203957354978,881.759297479076,20,87.3336969998491,False,"{""short_window"": 23.357921386122086, ""long_window"": 141.0804990371626}","{""initial_step_size"": 1, ""tolerance"": 1e-05, ""decay_rate"": 0.5, ""max_iterations"": 50}"
776,gps,lma,4,fixed,485.964800672349,485.964800672349,1027.05493337132,18,81.249150000076,False,"{""short_window"": 43.80862184290917, ""long_window"": 109.89764045134595}","{""initial_step_size"": 1, ""tolerance"": 1e-05, ""decay_rate"": 0.5, ""max_iterations"": 50}"
777,aos,weighted,22,fixed,-10991.000780356,10991.000780356,4850.95489355789,51,7021.05852000022,False,"{""high_w1"": 1.0, ""high_w2"": 0.9284632294399734, ""high_w3"": 1.0, ""high_d1"": 49.20644891341343, ""high_d2"": 50.0, ""high_d3"": 50.0, ""high_alpha3"": 0.99, ""low_w1"": 1.0, ""low_w2"": 1.0, ""low_w3"": 0.9702757052750483, ""low_d1"": 15.800072080987642, ""low_d2"": 9.901554710160717, ""low_d3"": 50.0, ""low_alpha3"": 0.9839954160897196}","{""pop_size"": 100, ""max_iter"": 50, ""n_shells"": 5}"
778,gps,lma,5,fixed,497.236142871534,497.236142871534,962.287443793743,19,87.9497909991187,False,"{""short_window"": 40.68499981756307, ""long_window"": 162.39596437369863}","{""initial_step_size"": 1, ""tolerance"": 1e-05, ""decay_rate"": 0.5, ""max_iterations"": 50}"
779,aos,weighted,23,fixed,-9902.10042357324,9902.10042357324,4845.48455465886,51,6976.95343899977,False,"{""high_w1"": 0.9783932834080408, ""high_w2"": 1.0, ""high_w3"": 1.0, ""high_d1"": 49.812810972891214, ""high_d2"": 50.0, ""high_d3"": 50.0, ""high_alpha3"": 0.99, ""low_w1"": 0.8947987799431246, ""low_w2"": 0.9010997507890887, ""low_w3"": 1.0, ""low_d1"": 16.348306684708934, ""low_d2"": 11.831745647053667, ""low_d3"": 19.94771056178746, ""low_alpha3"": 0.8688480833719651}","{""pop_size"": 100, ""max_iter"": 50, ""n_shells"": 5}"
780,gps,lma,6,fixed,112.810854560651,112.810854560651,378.969743128551,20,84.5839559988235,False,"{""short_window"": 4.542984124068889, ""long_window"": 52.59359365976243}","{""initial_step_size"": 1, ""tolerance"": 1e-05, ""decay_rate"": 0.5, ""max_iterations"": 50}"
781,gps,lma,7,fixed,451.743317081196,451.743317081196,833.92914096901,18,79.5367219998298,False,"{""short_window"": 9.752462041520875, ""long_window"": 104.76584212675823}","{""initial_step_size"": 1, ""tolerance"": 1e-05, ""decay_rate"": 0.5, ""max_iterations"": 50}"
782,gps,lma,8,fixed,292.606253644024,292.606253644024,697.811169200073,19,85.9662860002572,False,"{""short_window"": 4.72833323869037, ""long_window"": 164.18875204737117}","{""initial_step_size"": 1, ""tolerance"": 1e-05, ""decay_rate"": 0.5, ""max_iterations"": 50}"
783,gps,lma,9,fixed,640.67244369677,640.67244369677,898.235705910872,19,83.7430029987445,False,"{""short_window"": 32.40015822218748, ""long_window"": 160.87126546540796}","{""initial_step_size"": 1, ""tolerance"": 1e-05, ""decay_rate"": 0.5, ""max_iterations"": 50}"
784,gps,lma,10,fixed,440.09385814058,440.09385814058,1005.63599456651,18,81.1803769993276,False,"{""short_window"": 23.634531993138992, ""long_window"": 100.57715077803277}","{""initial_step_size"": 1, ""tolerance"": 1e-05, ""decay_rate"": 0.5, ""max_iterations"": 50}"
785,gps,lma,11,fixed,485.270286306331,485.270286306331,962.287443793743,18,81.1224200006109,False,"{""short_window"": 44.690394361317054, ""long_window"": 151.5747312280074}","{""initial_step_size"": 1, ""tolerance"": 1e-05, ""decay_rate"": 0.5, ""max_iterations"": 50}"
786,gps,lma,12,fixed,276.784107561947,276.784107561947,670.339304601493,18,80.4961060002825,False,"{""short_window"": 3.2318153418695292, ""long_window"": 168.83172479471878}","{""initial_step_size"": 1, ""tolerance"": 1e-05, ""decay_rate"": 0.5, ""max_iterations"": 50}"
787,gps,lma,13,fixed,320.615696631724,320.615696631724,833.987997054572,19,82.2240189991135,False,"{""short_window"": 15.659386452153477, ""long_window"": 134.98863365081533}","{""initial_step_size"": 1, ""tolerance"": 1e-05, ""decay_rate"": 0.5, ""max_iterations"": 50}"
788,gps,lma,14,fixed,368.704869943478,368.704869943478,507.385760463316,19,80.4845369984832,False,"{""short_window"": 28.11812358283946, ""long_window"": 51.843687570175625}","{""initial_step_size"": 1, ""tolerance"": 1e-05, ""decay_rate"": 0.5, ""max_iterations"": 50}"
789,gps,lma,15,fixed,508.894263220652,508.894263220652,952.610109522693,17,81.2481339999067,False,"{""short_window"": 35.22569520735074, ""long_window"": 198.93807714667642}","{""initial_step_size"": 1, ""tolerance"": 1e-05, ""decay_rate"": 0.5, ""max_iterations"": 50}"
790,gps,lma,16,fixed,500.590520296176,500.590520296176,962.287443793743,18,81.4835850014788,False,"{""short_window"": 39.15697038831065, ""long_window"": 166.70255473875355}","{""initial_step_size"": 1, ""tolerance"": 1e-05, ""decay_rate"": 0.5, ""max_iterations"": 50}"
791,gps,lma,17,fixed,353.524946415423,353.524946415423,1114.01378712189,20,82.9351859993039,False,"{""short_window"": 28.550381845300628, ""long_window"": 116.9976622301358}","{""initial_step_size"": 1, ""tolerance"": 1e-05, ""decay_rate"": 0.5, ""max_iterations"": 50}"
792,gps,lma,19,fixed,601.682007262387,601.682007262387,955.224233573284,17,79.5571389990073,False,"{""short_window"": 21.547886254775108, ""long_window"": 92.47191038648643}","{""initial_step_size"": 1, ""tolerance"": 1e-05, ""decay_rate"": 0.5, ""max_iterations"": 50}"
793,gps,lma,18,fixed,469.092351155569,469.092351155569,1207.4847304065,22,86.2083850006457,False,"{""short_window"": 41.509468382425695, ""long_window"": 122.39384932887077}","{""initial_step_size"": 1, ""tolerance"": 1e-05, ""decay_rate"": 0.5, ""max_iterations"": 50}"
794,gps,lma,20,fixed,432.603477173911,432.603477173911,816.663979334219,20,90.1437649990839,False,"{""short_window"": 13.412599821454686, ""long_window"": 181.79846164886482}","{""initial_step_size"": 1, ""tolerance"": 1e-05, ""decay_rate"": 0.5, ""max_iterations"": 50}"
795,gps,lma,21,fixed,383.849276107196,383.849276107196,922.084627798074,19,81.4602689988533,False,"{""short_window"": 17.864287629049556, ""long_window"": 111.58036305183182}","{""initial_step_size"": 1, ""tolerance"": 1e-05, ""decay_rate"": 0.5, ""max_iterations"": 50}"
796,gps,lma,22,fixed,768.263862619568,768.263862619568,483.556428652803,23,90.007130000231,False,"{""short_window"": 25.914151988817665, ""long_window"": 66.91139800236395}","{""initial_step_size"": 1, ""tolerance"": 1e-05, ""decay_rate"": 0.5, ""max_iterations"": 50}"
797,gps,lma,23,fixed,199.286431610217,199.286431610217,432.600634552166,22,83.6042359987914,False,"{""short_window"": 8.309667575086774, ""long_window"": 57.74552307021072}","{""initial_step_size"": 1, ""tolerance"": 1e-05, ""decay_rate"": 0.5, ""max_iterations"": 50}"
798,gps,lma,25,fixed,480.040708961765,480.040708961765,652.515998409802,19,80.7378770005016,False,"{""short_window"": 15.76664162453948, ""long_window"": 72.96513796053729}","{""initial_step_size"": 1, ""tolerance"": 1e-05, ""decay_rate"": 0.5, ""max_iterations"": 50}"
799,gps,lma,24,fixed,420.009543001968,420.009543001968,1213.1124659296,20,83.2648650011834,False,"{""short_window"": 43.43977117862475, ""long_window"": 90.49117658151852}","{""initial_step_size"": 1, ""tolerance"": 1e-05, ""decay_rate"": 0.5, ""max_iterations"": 50}"
800,gps,lma,26,fixed,442.471699730783,442.471699730783,988.374737375934,20,86.3938929996948,False,"{""short_window"": 29.947185482152, ""long_window"": 132.36729192921746}","{""initial_step_size"": 1, ""tolerance"": 1e-05, ""decay_rate"": 0.5, ""max_iterations"": 50}"
801,gps,lma,27,fixed,560.638227900815,560.638227900815,846.344567989416,19,88.8144609998562,False,"{""short_window"": 23.620628027982885, ""long_window"": 181.95671368874176}","{""initial_step_size"": 1, ""tolerance"": 1e-05, ""decay_rate"": 0.5, ""max_iterations"": 50}"
802,gps,lma,28,fixed,338.670915826252,338.670915826252,937.283011553386,21,83.6720179995609,False,"{""short_window"": 26.019861522479907, ""long_window"": 123.91597661478578}","{""initial_step_size"": 1, ""tolerance"": 1e-05, ""decay_rate"": 0.5, ""max_iterations"": 50}"
803,gps,lma,29,fixed,545.470613330976,545.470613330976,948.66891112579,19,87.1884980006144,False,"{""short_window"": 35.51192009453671, ""long_window"": 156.52778264005192}","{""initial_step_size"": 1, ""tolerance"": 1e-05, ""decay_rate"": 0.5, ""max_iterations"": 50}"
804,gps,ema_shared,1,fixed,3488.46794207703,3488.46794207703,883.713512148387,21,136.351081999237,False,"{""short_window"": 10.679574960206576, ""long_window"": 138.3055837111939, ""alpha"": 0.98810791015625}","{""initial_step_size"": 1, ""tolerance"": 1e-05, ""decay_rate"": 0.5, ""max_iterations"": 50}"
805,gps,ema_shared,0,fixed,3033.04306849804,3033.04306849804,556.54758137201,22,137.8970450005,False,"{""short_window"": 15.557382443967187, ""long_window"": 97.47518036870437, ""alpha"": 0.98609375}","{""initial_step_size"": 1, ""tolerance"": 1e-05, ""decay_rate"": 0.5, ""max_iterations"": 50}"
806,gps,ema_shared,2,fixed,30260.2625689802,30260.2625689802,1000,22,126.583261000633,False,"{""short_window"": 21.621799996339632, ""long_window"": 117.10473028818694, ""alpha"": 0.9408773881338175}","{""initial_step_size"": 1, ""tolerance"": 1e-05, ""decay_rate"": 0.5, ""max_iterations"": 50}"
807,gps,ema_shared,3,fixed,18575.2590967614,18575.2590967614,2659.30549643103,19,142.987949000599,False,"{""short_window"": 38.46782208756687, ""long_window"": 156.18722861444218, ""alpha"": 0.98993896484375}","{""initial_step_size"": 1, ""tolerance"": 1e-05, ""decay_rate"": 0.5, ""max_iterations"": 50}"
808,gps,ema_shared,5,fixed,18575.2590967614,18575.2590967614,2659.30549643103,25,141.677631001585,False,"{""short_window"": 13.7005441808287, ""long_window"": 108.31881107919173, ""alpha"": 0.98993896484375}","{""initial_step_size"": 1, ""tolerance"": 1e-05, ""decay_rate"": 0.5, ""max_iterations"": 50}"
809,gps,ema_shared,4,fixed,6185.39781414395,6185.39781414395,1288.69992815349,24,188.239950999559,False,"{""short_window"": 18.710495561987962, ""long_window"": 181.45587181465572, ""alpha"": 0.9890234375}","{""initial_step_size"": 1, ""tolerance"": 1e-05, ""decay_rate"": 0.5, ""max_iterations"": 50}"
810,gps,ema_shared,7,fixed,18138.4807508655,18138.4807508655,4584.59509668632,24,134.894558999804,False,"{""short_window"": 12.842346718052939, ""long_window"": 79.52871588857717, ""alpha"": 0.98993896484375}","{""initial_step_size"": 1, ""tolerance"": 1e-05, ""decay_rate"": 0.5, ""max_iterations"": 50}"
811,gps,ema_shared,6,fixed,9522.51982037101,9522.51982037101,3739.59310489579,27,138.063492999208,False,"{""short_window"": 20.02717915769393, ""long_window"": 184.21442850999907, ""alpha"": 0.8265453326200277}","{""initial_step_size"": 1, ""tolerance"": 1e-05, ""decay_rate"": 0.5, ""max_iterations"": 50}"
812,gps,ema_shared,8,fixed,39184.8200445128,39184.8200445128,659.016615731944,21,136.49791699936,False,"{""short_window"": 49.879299257582915, ""long_window"": 113.03070897224089, ""alpha"": 0.74}","{""initial_step_size"": 1, ""tolerance"": 1e-05, ""decay_rate"": 0.5, ""max_iterations"": 50}"
813,gps,ema_shared,10,fixed,3033.04306849804,3033.04306849804,556.54758137201,24,141.638936000163,False,"{""short_window"": 24.279415655189563, ""long_window"": 105.22121131297109, ""alpha"": 0.98609375}","{""initial_step_size"": 1, ""tolerance"": 1e-05, ""decay_rate"": 0.5, ""max_iterations"": 50}"
814,gps,ema_shared,11,fixed,10803.9886912643,10803.9886912643,665.129182483786,18,120.393522000086,False,"{""short_window"": 29.08856660551708, ""long_window"": 58.836629395487904, ""alpha"": 0.8197412922779553}","{""initial_step_size"": 1, ""tolerance"": 1e-05, ""decay_rate"": 0.5, ""max_iterations"": 50}"
815,gps,ema_shared,9,fixed,18575.2590967614,18575.2590967614,2659.30549643103,22,182.82383100086,False,"{""short_window"": 13.672395140809934, ""long_window"": 187.5913696817133, ""alpha"": 0.98993896484375}","{""initial_step_size"": 1, ""tolerance"": 1e-05, ""decay_rate"": 0.5, ""max_iterations"": 50}"
816,gps,ema_shared,13,fixed,18575.2590967614,18575.2590967614,2659.30549643103,23,135.087186999954,False,"{""short_window"": 30.446283923380914, ""long_window"": 152.3756747909685, ""alpha"": 0.98993896484375}","{""initial_step_size"": 1, ""tolerance"": 1e-05, ""decay_rate"": 0.5, ""max_iterations"": 50}"
817,gps,ema_shared,12,fixed,5255.56606473044,5255.56606473044,1950.04079585339,25,147.330142999635,False,"{""short_window"": 8.214370269523148, ""long_window"": 102.3086795437035, ""alpha"": 0.99}","{""initial_step_size"": 1, ""tolerance"": 1e-05, ""decay_rate"": 0.5, ""max_iterations"": 50}"
818,gps,ema_shared,14,fixed,3284.23145985752,3284.23145985752,462.491596091165,21,132.843384000807,False,"{""short_window"": 24.815905621525395, ""long_window"": 118.1646340004529, ""alpha"": 0.7816825472309992}","{""initial_step_size"": 1, ""tolerance"": 1e-05, ""decay_rate"": 0.5, ""max_iterations"": 50}"
819,gps,ema_shared,15,fixed,9317.92973805904,9317.92973805904,3558.23611284658,24,145.023466000566,False,"{""short_window"": 31.03023969145648, ""long_window"": 132.87794762281283, ""alpha"": 0.9894049072265625}","{""initial_step_size"": 1, ""tolerance"": 1e-05, ""decay_rate"": 0.5, ""max_iterations"": 50}"
820,gps,ema_shared,16,fixed,18203.9128842735,18203.9128842735,1852.37836268616,19,128.263455999331,False,"{""short_window"": 49.44685898061762, ""long_window"": 72.37866869262577, ""alpha"": 0.5284836469475803}","{""initial_step_size"": 1, ""tolerance"": 1e-05, ""decay_rate"": 0.5, ""max_iterations"": 50}"
821,gps,ema_shared,17,fixed,3033.04306849804,3033.04306849804,556.54758137201,21,134.880442999929,False,"{""short_window"": 36.421002406237285, ""long_window"": 57.15268144513253, ""alpha"": 0.98609375}","{""initial_step_size"": 1, ""tolerance"": 1e-05, ""decay_rate"": 0.5, ""max_iterations"": 50}"
822,gps,ema_shared,18,fixed,33706.6962718641,33706.6962718641,1000,21,133.359467999981,False,"{""short_window"": 49.04952663445012, ""long_window"": 121.88597563099613, ""alpha"": 0.5221735198789229}","{""initial_step_size"": 1, ""tolerance"": 1e-05, ""decay_rate"": 0.5, ""max_iterations"": 50}"
823,gps,ema_shared,19,fixed,3033.04306849804,3033.04306849804,556.54758137201,21,142.780853999284,False,"{""short_window"": 24.44090765547827, ""long_window"": 96.50885183734334, ""alpha"": 0.98609375}","{""initial_step_size"": 1, ""tolerance"": 1e-05, ""decay_rate"": 0.5, ""max_iterations"": 50}"
824,gps,ema_shared,20,fixed,13960.4501954356,13960.4501954356,581.179258284666,22,154.754099999991,False,"{""short_window"": 43.660449152944864, ""long_window"": 193.14597290205577, ""alpha"": 0.7205671768913329}","{""initial_step_size"": 1, ""tolerance"": 1e-05, ""decay_rate"": 0.5, ""max_iterations"": 50}"
825,gps,ema_shared,21,fixed,18138.4807508655,18138.4807508655,4584.59509668632,24,137.21472799989,False,"{""short_window"": 12.98016518374167, ""long_window"": 56.26138060178266, ""alpha"": 0.98993896484375}","{""initial_step_size"": 1, ""tolerance"": 1e-05, ""decay_rate"": 0.5, ""max_iterations"": 50}"
826,gps,ema_shared,23,fixed,18138.4807508655,18138.4807508655,4584.59509668632,23,137.038352999298,False,"{""short_window"": 44.64765976131315, ""long_window"": 100.23094609884146, ""alpha"": 0.98993896484375}","{""initial_step_size"": 1, ""tolerance"": 1e-05, ""decay_rate"": 0.5, ""max_iterations"": 50}"
827,gps,ema_shared,22,fixed,3033.04306849804,3033.04306849804,556.54758137201,24,166.868417998558,False,"{""short_window"": 39.96004785030651, ""long_window"": 160.57852626847324, ""alpha"": 0.98609375}","{""initial_step_size"": 1, ""tolerance"": 1e-05, ""decay_rate"": 0.5, ""max_iterations"": 50}"
828,gps,ema_shared,24,fixed,1000,1000,1000,19,129.333588000009,False,"{""short_window"": 27.10761682372975, ""long_window"": 128.22389828582683, ""alpha"": 0.99}","{""initial_step_size"": 1, ""tolerance"": 1e-05, ""decay_rate"": 0.5, ""max_iterations"": 50}"
829,gps,ema_shared,25,fixed,18575.2590967614,18575.2590967614,2659.30549643103,19,132.861004000006,False,"{""short_window"": 38.42653987213387, ""long_window"": 143.87260792343568, ""alpha"": 0.98993896484375}","{""initial_step_size"": 1, ""tolerance"": 1e-05, ""decay_rate"": 0.5, ""max_iterations"": 50}"
830,gps,ema_shared,26,fixed,442.936683742805,442.936683742805,785.445488652558,26,153.896136000185,False,"{""short_window"": 9.171628145477849, ""long_window"": 157.51594033013095, ""alpha"": 0.0402734375}","{""initial_step_size"": 1, ""tolerance"": 1e-05, ""decay_rate"": 0.5, ""max_iterations"": 50}"
831,gps,ema_shared,27,fixed,3033.04306849804,3033.04306849804,556.54758137201,23,144.551614001102,False,"{""short_window"": 16.047952702471854, ""long_window"": 88.96203511484754, ""alpha"": 0.98609375}","{""initial_step_size"": 1, ""tolerance"": 1e-05, ""decay_rate"": 0.5, ""max_iterations"": 50}"
832,gps,ema_shared,28,fixed,18138.4807508655,18138.4807508655,4584.59509668632,24,137.949595999089,False,"{""short_window"": 21.41008903854207, ""long_window"": 92.26378629090041, ""alpha"": 0.98993896484375}","{""initial_step_size"": 1, ""tolerance"": 1e-05, ""decay_rate"": 0.5, ""max_iterations"": 50}"
833,gps,ema_shared,29,fixed,3033.04306849804,3033.04306849804,556.54758137201,35,156.169428999419,False,"{""short_window"": 16.394762731799418, ""long_window"": 113.18026470462922, ""alpha"": 0.98609375}","{""initial_step_size"": 1, ""tolerance"": 1e-05, ""decay_rate"": 0.5, ""max_iterations"": 50}"
834,gps,ema_independent,1,fixed,9908.04497816041,9908.04497816041,3954.91459855938,23,199.96335399992,False,"{""short_window"": 48.1960563997288, ""long_window"": 175.03477626424393, ""alpha_short"": 0.01, ""alpha_long"": 0.15615908317528693}","{""initial_step_size"": 1, ""tolerance"": 1e-05, ""decay_rate"": 0.5, ""max_iterations"": 50}"
835,gps,ema_independent,0,fixed,10949.1945921679,10949.1945921679,5090.6109890751,30,224.121857998398,False,"{""short_window"": 45.93015688506755, ""long_window"": 128.58742157710606, ""alpha_short"": 0.027089843750000002, ""alpha_long"": 0.09205083142710957}","{""initial_step_size"": 1, ""tolerance"": 1e-05, ""decay_rate"": 0.5, ""max_iterations"": 50}"
836,gps,ema_independent,2,fixed,10851.3651734433,10851.3651734433,4265.55443763705,28,208.395824998661,False,"{""short_window"": 48.852789359443356, ""long_window"": 85.03688753578365, ""alpha_short"": 0.026601562500000002, ""alpha_long"": 0.11897376881948729}","{""initial_step_size"": 1, ""tolerance"": 1e-05, ""decay_rate"": 0.5, ""max_iterations"": 50}"
837,gps,ema_independent,4,fixed,7365.586603328,7365.586603328,5684.31640827822,26,199.706109000545,False,"{""short_window"": 42.555065396379476, ""long_window"": 108.18312117985249, ""alpha_short"": 0.01, ""alpha_long"": 0.1104282394827959}","{""initial_step_size"": 1, ""tolerance"": 1e-05, ""decay_rate"": 0.5, ""max_iterations"": 50}"
838,gps,ema_independent,3,fixed,440.937756528699,440.937756528699,509.798135197529,28,215.788285000599,False,"{""short_window"": 14.79199255356974, ""long_window"": 135.62755033046463, ""alpha_short"": 0.01, ""alpha_long"": 0.51}","{""initial_step_size"": 1, ""tolerance"": 1e-05, ""decay_rate"": 0.5, ""max_iterations"": 50}"
839,gps,ema_independent,5,fixed,8871.45888982187,8871.45888982187,1607.67471392248,30,223.510425999848,False,"{""short_window"": 30.285505624931766, ""long_window"": 176.24700289655829, ""alpha_short"": 0.051992187499999995, ""alpha_long"": 0.10221249971081742}","{""initial_step_size"": 1, ""tolerance"": 1e-05, ""decay_rate"": 0.5, ""max_iterations"": 50}"
840,gps,ema_independent,7,fixed,454.517080162442,454.517080162442,1011.06250198122,21,195.473478001077,False,"{""short_window"": 14.683410830751777, ""long_window"": 140.3319388762263, ""alpha_short"": 0.01, ""alpha_long"": 0.01}","{""initial_step_size"": 1, ""tolerance"": 1e-05, ""decay_rate"": 0.5, ""max_iterations"": 50}"
841,aos,weighted,25,fixed,-10124.859495391,10124.859495391,4736.36469610017,51,7040.9538749991,False,"{""high_w1"": 1.0, ""high_w2"": 0.8699321809997976, ""high_w3"": 1.0, ""high_d1"": 46.55537839934426, ""high_d2"": 17.83194048680646, ""high_d3"": 15.0783204223919, ""high_alpha3"": 0.99, ""low_w1"": 1.0, ""low_w2"": 1.0, ""low_w3"": 1.0, ""low_d1"": 14.68473146123307, ""low_d2"": 10.415254829560835, ""low_d3"": 35.91287493050517, ""low_alpha3"": 0.99}","{""pop_size"": 100, ""max_iter"": 50, ""n_shells"": 5}"
842,gps,ema_independent,6,fixed,2076.71700983276,2076.71700983276,1169.3728280198,23,208.303587998671,False,"{""short_window"": 18.589450426399807, ""long_window"": 161.04379740003117, ""alpha_short"": 0.01048828125, ""alpha_long"": 0.14806104420205995}","{""initial_step_size"": 1, ""tolerance"": 1e-05, ""decay_rate"": 0.5, ""max_iterations"": 50}"
843,aos,weighted,24,fixed,-10837.3150892475,10837.3150892475,3573.87553205091,51,7144.45812099984,False,"{""high_w1"": 1.0, ""high_w2"": 1.0, ""high_w3"": 1.0, ""high_d1"": 50.0, ""high_d2"": 46.4231217084697, ""high_d3"": 14.264310455469223, ""high_alpha3"": 0.99, ""low_w1"": 1.0, ""low_w2"": 1.0, ""low_w3"": 1.0, ""low_d1"": 49.531390905028346, ""low_d2"": 45.61212823727716, ""low_d3"": 24.566555108380154, ""low_alpha3"": 0.99}","{""pop_size"": 100, ""max_iter"": 50, ""n_shells"": 5}"
844,gps,ema_independent,8,fixed,9934.94802803605,9934.94802803605,1388.98518141324,31,229.711758998747,False,"{""short_window"": 31.271323441603133, ""long_window"": 112.26574871107817, ""alpha_short"": 0.0782373046875, ""alpha_long"": 0.11247618449310681}","{""initial_step_size"": 1, ""tolerance"": 1e-05, ""decay_rate"": 0.5, ""max_iterations"": 50}"
845,gps,ema_independent,9,fixed,5983.01687936087,5983.01687936087,2627.72381591511,24,204.645928999526,False,"{""short_window"": 34.03001267790192, ""long_window"": 144.67739502096268, ""alpha_short"": 0.011953125, ""alpha_long"": 0.09628189129775477}","{""initial_step_size"": 1, ""tolerance"": 1e-05, ""decay_rate"": 0.5, ""max_iterations"": 50}"
846,gps,ema_independent,10,fixed,11212.0229738832,11212.0229738832,4142.63659323004,26,218.358019999869,False,"{""short_window"": 48.4942730872865, ""long_window"": 104.01380119639421, ""alpha_short"": 0.017812500000000002, ""alpha_long"": 0.11815253164868567}","{""initial_step_size"": 1, ""tolerance"": 1e-05, ""decay_rate"": 0.5, ""max_iterations"": 50}"
847,gps,ema_independent,11,fixed,5501.84120345659,5501.84120345659,2422.75972179147,24,209.727367999221,False,"{""short_window"": 27.336401660183938, ""long_window"": 138.67507962635693, ""alpha_short"": 0.025625000000000002, ""alpha_long"": 0.19616321705948347}","{""initial_step_size"": 1, ""tolerance"": 1e-05, ""decay_rate"": 0.5, ""max_iterations"": 50}"
848,gps,ema_independent,12,fixed,6145.68673512689,6145.68673512689,2967.16449245111,23,187.505870999303,False,"{""short_window"": 27.50728799276618, ""long_window"": 125.25141768174663, ""alpha_short"": 0.01, ""alpha_long"": 0.27037379197265937}","{""initial_step_size"": 1, ""tolerance"": 1e-05, ""decay_rate"": 0.5, ""max_iterations"": 50}"
849,gps,ema_independent,13,fixed,10671.9698846375,10671.9698846375,4088.82588875816,21,192.802960998961,False,"{""short_window"": 46.66063244483907, ""long_window"": 149.71145470708598, ""alpha_short"": 0.01, ""alpha_long"": 0.12078801567707897}","{""initial_step_size"": 1, ""tolerance"": 1e-05, ""decay_rate"": 0.5, ""max_iterations"": 50}"
850,gps,ema_independent,14,fixed,743.634775015025,743.634775015025,943.98821145033,28,204.072567999901,False,"{""short_window"": 12.54379929941451, ""long_window"": 176.5199180989967, ""alpha_short"": 0.017812500000000002, ""alpha_long"": 0.01}","{""initial_step_size"": 1, ""tolerance"": 1e-05, ""decay_rate"": 0.5, ""max_iterations"": 50}"
851,gps,ema_independent,15,fixed,856.139555261495,856.139555261495,596.301456047085,22,206.201656999838,False,"{""short_window"": 17.165534554086484, ""long_window"": 73.05987823508735, ""alpha_short"": 0.010732421875, ""alpha_long"": 0.5879222765523413}","{""initial_step_size"": 1, ""tolerance"": 1e-05, ""decay_rate"": 0.5, ""max_iterations"": 50}"
852,gps,ema_independent,17,fixed,1691.26074138953,1691.26074138953,1581.74154120693,21,201.120564999655,False,"{""short_window"": 23.56294291789537, ""long_window"": 120.72817712157709, ""alpha_short"": 0.99, ""alpha_long"": 0.99}","{""initial_step_size"": 1, ""tolerance"": 1e-05, ""decay_rate"": 0.5, ""max_iterations"": 50}"
853,gps,ema_independent,16,fixed,632.964772766543,632.964772766543,1061.83500409012,28,212.269068999376,False,"{""short_window"": 7.67344372399684, ""long_window"": 197.8291624402955, ""alpha_short"": 0.0803125, ""alpha_long"": 0.01}","{""initial_step_size"": 1, ""tolerance"": 1e-05, ""decay_rate"": 0.5, ""max_iterations"": 50}"
854,gps,ema_independent,18,fixed,5975.02727403273,5975.02727403273,4899.92565622026,31,211.265489999278,False,"{""short_window"": 37.73825889046851, ""long_window"": 111.07390086782478, ""alpha_short"": 0.01, ""alpha_long"": 0.08043881537592612}","{""initial_step_size"": 1, ""tolerance"": 1e-05, ""decay_rate"": 0.5, ""max_iterations"": 50}"
855,gps,ema_independent,19,fixed,7743.38309992088,7743.38309992088,1404.09038689126,25,208.787649999067,False,"{""short_window"": 37.32278755666656, ""long_window"": 182.18319612300908, ""alpha_short"": 0.0773828125, ""alpha_long"": 0.10026060443303048}","{""initial_step_size"": 1, ""tolerance"": 1e-05, ""decay_rate"": 0.5, ""max_iterations"": 50}"
856,gps,ema_independent,20,fixed,701.800770972651,701.800770972651,910.136882521374,21,187.238010999863,False,"{""short_window"": 12.159389003133791, ""long_window"": 169.73351488316862, ""alpha_short"": 0.01, ""alpha_long"": 0.01}","{""initial_step_size"": 1, ""tolerance"": 1e-05, ""decay_rate"": 0.5, ""max_iterations"": 50}"
857,gps,ema_independent,21,fixed,10210.4591147846,10210.4591147846,4250.15175066443,25,199.911167001119,False,"{""short_window"": 47.74147504621766, ""long_window"": 138.40614167635113, ""alpha_short"": 0.01, ""alpha_long"": 0.16859709019820185}","{""initial_step_size"": 1, ""tolerance"": 1e-05, ""decay_rate"": 0.5, ""max_iterations"": 50}"
858,gps,ema_independent,22,fixed,6073.74748596039,6073.74748596039,4349.25026900562,21,186.429523999323,False,"{""short_window"": 38.18612446343575, ""long_window"": 92.29217465213364, ""alpha_short"": 0.01, ""alpha_long"": 0.14829710452517367}","{""initial_step_size"": 1, ""tolerance"": 1e-05, ""decay_rate"": 0.5, ""max_iterations"": 50}"
859,gps,ema_independent,23,fixed,3511.72910246031,3511.72910246031,1250.32964526187,25,195.522535999771,False,"{""short_window"": 20.508924773503267, ""long_window"": 119.79495023074132, ""alpha_short"": 0.01, ""alpha_long"": 0.15513121768721683}","{""initial_step_size"": 1, ""tolerance"": 1e-05, ""decay_rate"": 0.5, ""max_iterations"": 50}"
860,gps,ema_independent,24,fixed,506.884695717695,506.884695717695,822.390929670904,27,205.259525999281,False,"{""short_window"": 5.638685999576417, ""long_window"": 157.8830236418106, ""alpha_short"": 0.01, ""alpha_long"": 0.01}","{""initial_step_size"": 1, ""tolerance"": 1e-05, ""decay_rate"": 0.5, ""max_iterations"": 50}"
861,gps,ema_independent,26,fixed,1088.98592076455,1088.98592076455,594.983820954109,19,186.602789000972,False,"{""short_window"": 17.855873019193705, ""long_window"": 150.18530036035645, ""alpha_short"": 0.01, ""alpha_long"": 0.652104603397207}","{""initial_step_size"": 1, ""tolerance"": 1e-05, ""decay_rate"": 0.5, ""max_iterations"": 50}"
862,aos,weighted,26,fixed,-34001.0620242062,34001.0620242062,4012.21971474133,51,7104.59797600015,False,"{""high_w1"": 1.0, ""high_w2"": 1.0, ""high_w3"": 1.0, ""high_d1"": 2.8688611946894502, ""high_d2"": 48.1645901029291, ""high_d3"": 33.95230800984282, ""high_alpha3"": 0.99, ""low_w1"": 1.0, ""low_w2"": 1.0, ""low_w3"": 1.0, ""low_d1"": 2.9995010073697874, ""low_d2"": 47.953321417625055, ""low_d3"": 12.200032099199493, ""low_alpha3"": 0.99}","{""pop_size"": 100, ""max_iter"": 50, ""n_shells"": 5}"
863,gps,ema_independent,25,fixed,842.963265391329,842.963265391329,969.739770050008,32,212.176244998773,False,"{""short_window"": 14.658150761486878, ""long_window"": 183.77245407730453, ""alpha_short"": 0.01, ""alpha_long"": 0.01}","{""initial_step_size"": 1, ""tolerance"": 1e-05, ""decay_rate"": 0.5, ""max_iterations"": 50}"
864,gps,ema_independent,27,fixed,1828.34829138544,1828.34829138544,1595.77211087526,22,191.10014800026,False,"{""short_window"": 19.489996925390564, ""long_window"": 128.6838418320895, ""alpha_short"": 0.029531250000000002, ""alpha_long"": 0.17074216719809018}","{""initial_step_size"": 1, ""tolerance"": 1e-05, ""decay_rate"": 0.5, ""max_iterations"": 50}"
865,gps,ema_independent,29,fixed,301.897230846885,301.897230846885,741.572083679902,20,174.354894999851,False,"{""short_window"": 4.5366549362580475, ""long_window"": 101.79408216640456, ""alpha_short"": 0.3738296039277234, ""alpha_long"": 0.01}","{""initial_step_size"": 1, ""tolerance"": 1e-05, ""decay_rate"": 0.5, ""max_iterations"": 50}"
866,gps,ema_independent,28,fixed,4380.14620224197,4380.14620224197,2956.40054359214,23,204.508865001117,False,"{""short_window"": 30.06545807411998, ""long_window"": 144.3634331469377, ""alpha_short"": 0.04125, ""alpha_long"": 0.25881194160687004}","{""initial_step_size"": 1, ""tolerance"": 1e-05, ""decay_rate"": 0.5, ""max_iterations"": 50}"
867,gps,weighted,1,fixed,4490.07080058154,4490.07080058154,1262.20454732315,31,757.02414800071,False,"{""high_w1"": 0.5108041258388831, ""high_w2"": 1.0, ""high_w3"": 0.27590183467295243, ""high_d1"": 21.535071319980528, ""high_d2"": 32.20196518568376, ""high_d3"": 10.309500576196086, ""high_alpha3"": 0.7549458499664652, ""low_w1"": 0.2807631243381085, ""low_w2"": 1.0, ""low_w3"": 0.561641081058821, ""low_d1"": 47.848600243943054, ""low_d2"": 33.72395468826883, ""low_d3"": 46.559194674245454, ""low_alpha3"": 0.5868369855809683}","{""initial_step_size"": 1, ""tolerance"": 1e-05, ""decay_rate"": 0.5, ""max_iterations"": 50}"
868,gps,weighted,0,fixed,370.841670687248,370.841670687248,540.088748965005,39,866.184814000008,False,"{""high_w1"": 0.4056555687337591, ""high_w2"": 0.9921875, ""high_w3"": 0.7032109483255367, ""high_d1"": 37.03943215395158, ""high_d2"": 26.82013407170856, ""high_d3"": 49.868891263287836, ""high_alpha3"": 0.9881309990660937, ""low_w1"": 1.0, ""low_w2"": 0.24049532257710654, ""low_w3"": 0.701180437863071, ""low_d1"": 41.07004097218192, ""low_d2"": 32.02323322643955, ""low_d3"": 29.510114229552894, ""low_alpha3"": 0.99}","{""initial_step_size"": 1, ""tolerance"": 1e-05, ""decay_rate"": 0.5, ""max_iterations"": 50}"
869,gps,weighted,5,fixed,6098.86021912162,6098.86021912162,1360.34157538655,28,808.098338000491,False,"{""high_w1"": 1.0, ""high_w2"": 0.9375, ""high_w3"": 0.1617304845187833, ""high_d1"": 33.959275398006994, ""high_d2"": 39.29378878026975, ""high_d3"": 5.439329298607639, ""high_alpha3"": 0.93140625, ""low_w1"": 0.7130607666521941, ""low_w2"": 0.9375, ""low_w3"": 1.0, ""low_d1"": 44.697138478658246, ""low_d2"": 49.22934266850437, ""low_d3"": 16.549361213358814, ""low_alpha3"": 0.38106560841870535}","{""initial_step_size"": 1, ""tolerance"": 1e-05, ""decay_rate"": 0.5, ""max_iterations"": 50}"
870,gps,weighted,4,fixed,8663.79108690307,8663.79108690307,1523.71674477731,29,831.400670000221,False,"{""high_w1"": 1.0, ""high_w2"": 0.48716043831680095, ""high_w3"": 0.05, ""high_d1"": 24.178763767688913, ""high_d2"": 42.42112848355661, ""high_d3"": 24.6588811445623, ""high_alpha3"": 0.99, ""low_w1"": 0.8441279824936974, ""low_w2"": 0.9375, ""low_w3"": 0.5892579036670095, ""low_d1"": 47.58531317140227, ""low_d2"": 8.56963658732318, ""low_d3"": 34.938793366688934, ""low_alpha3"": 0.09745862926496417}","{""initial_step_size"": 1, ""tolerance"": 1e-05, ""decay_rate"": 0.5, ""max_iterations"": 50}"
871,gps,weighted,6,fixed,6557.32033717724,6557.32033717724,3953.84601773363,38,791.724870001417,False,"{""high_w1"": 1.0, ""high_w2"": 0.1125, ""high_w3"": 0.6901323694128767, ""high_d1"": 46.85745068331998, ""high_d2"": 12.730617086862914, ""high_d3"": 39.08160412401745, ""high_alpha3"": 0.9106002214583835, ""low_w1"": 0.08565779740019376, ""low_w2"": 0.472896522349999, ""low_w3"": 1.0, ""low_d1"": 37.7354543974904, ""low_d2"": 45.48038141880026, ""low_d3"": 7.959358424681357, ""low_alpha3"": 0.6115529251820787}","{""initial_step_size"": 1, ""tolerance"": 1e-05, ""decay_rate"": 0.5, ""max_iterations"": 50}"
872,gps,weighted,3,fixed,6234.19525589972,6234.19525589972,5093.26041333975,36,844.44562599856,False,"{""high_w1"": 0.05, ""high_w2"": 1.0, ""high_w3"": 1.0, ""high_d1"": 19.359562168340275, ""high_d2"": 33.82158396364379, ""high_d3"": 46.90813754691068, ""high_alpha3"": 0.01, ""low_w1"": 0.3074628320375312, ""low_w2"": 1.0, ""low_w3"": 0.25316205709452394, ""low_d1"": 20.41493946033208, ""low_d2"": 36.96048402813547, ""low_d3"": 23.052253462607965, ""low_alpha3"": 0.5249301224560186}","{""initial_step_size"": 1, ""tolerance"": 1e-05, ""decay_rate"": 0.5, ""max_iterations"": 50}"
873,gps,weighted,7,fixed,6824.58610169626,6824.58610169626,3845.80506250642,27,833.706680999967,False,"{""high_w1"": 1.0, ""high_w2"": 0.4215308529351663, ""high_w3"": 0.3527684968751262, ""high_d1"": 36.94499171336959, ""high_d2"": 19.44385756788286, ""high_d3"": 23.138367999571273, ""high_alpha3"": 0.9275, ""low_w1"": 0.8813730373844895, ""low_w2"": 0.6459701264573684, ""low_w3"": 0.4402837900909868, ""low_d1"": 17.63489967392171, ""low_d2"": 6.437038307931889, ""low_d3"": 29.324952013460408, ""low_alpha3"": 0.6692372355787477}","{""initial_step_size"": 1, ""tolerance"": 1e-05, ""decay_rate"": 0.5, ""max_iterations"": 50}"
874,gps,weighted,8,fixed,9160.9990434807,9160.9990434807,4373.2861248382,29,829.961880001065,False,"{""high_w1"": 0.065625, ""high_w2"": 1.0, ""high_w3"": 0.08093321194879181, ""high_d1"": 28.145423817424366, ""high_d2"": 46.52126623677081, ""high_d3"": 43.45341976195655, ""high_alpha3"": 0.99, ""low_w1"": 0.9375, ""low_w2"": 0.7223780790073393, ""low_w3"": 0.25922030936755897, ""low_d1"": 16.48823463464464, ""low_d2"": 27.630575089552053, ""low_d3"": 23.92687546798761, ""low_alpha3"": 0.6040453510614656}","{""initial_step_size"": 1, ""tolerance"": 1e-05, ""decay_rate"": 0.5, ""max_iterations"": 50}"
875,aos,weighted,27,fixed,-10384.2526826194,10384.2526826194,4007.53587950531,51,7032.49972699996,False,"{""high_w1"": 1.0, ""high_w2"": 1.0, ""high_w3"": 1.0, ""high_d1"": 50.0, ""high_d2"": 43.87799119562152, ""high_d3"": 3.5182456303353784, ""high_alpha3"": 0.9404719958643342, ""low_w1"": 1.0, ""low_w2"": 1.0, ""low_w3"": 1.0, ""low_d1"": 16.340083383131205, ""low_d2"": 10.165900935058147, ""low_d3"": 3.109010674509856, ""low_alpha3"": 0.99}","{""pop_size"": 100, ""max_iter"": 50, ""n_shells"": 5}"
876,gps,weighted,2,fixed,7730.06945749704,7730.06945749704,4567.39306574945,45,1059.06458299978,False,"{""high_w1"": 0.05, ""high_w2"": 0.5, ""high_w3"": 1.0, ""high_d1"": 18.704647473547958, ""high_d2"": 35.2506068662551, ""high_d3"": 34.7879939628412, ""high_alpha3"": 0.01, ""low_w1"": 0.05, ""low_w2"": 1.0, ""low_w3"": 0.05, ""low_d1"": 44.26921579034654, ""low_d2"": 28.35464698054382, ""low_d3"": 40.23861386414936, ""low_alpha3"": 0.99}","{""initial_step_size"": 1, ""tolerance"": 1e-05, ""decay_rate"": 0.5, ""max_iterations"": 50}"
877,gps,weighted,12,fixed,227.463740423458,227.463740423458,370.961975347488,25,780.301778999274,False,"{""high_w1"": 0.3394045912706386, ""high_w2"": 0.35740499210056426, ""high_w3"": 0.8252943283836914, ""high_d1"": 14.662800867500316, ""high_d2"": 5.7720314713536425, ""high_d3"": 13.449021090777045, ""high_alpha3"": 0.19662501586418915, ""low_w1"": 0.7462729266054479, ""low_w2"": 0.9951009593555344, ""low_w3"": 0.9018072179378688, ""low_d1"": 36.407452064464685, ""low_d2"": 32.061700667407486, ""low_d3"": 21.82641347281858, ""low_alpha3"": 0.25514635951657344}","{""initial_step_size"": 1, ""tolerance"": 1e-05, ""decay_rate"": 0.5, ""max_iterations"": 50}"
878,gps,weighted,15,fixed,4533.6763725852,4533.6763725852,1788.29821863426,21,715.672047001135,False,"{""high_w1"": 1.0, ""high_w2"": 0.2593437160738097, ""high_w3"": 0.18844216675527747, ""high_d1"": 21.853977599744873, ""high_d2"": 7.209542427524267, ""high_d3"": 25.415150978566896, ""high_alpha3"": 0.673518879441333, ""low_w1"": 0.747127930616723, ""low_w2"": 0.8439254559911634, ""low_w3"": 0.7953850505236342, ""low_d1"": 11.982774905341426, ""low_d2"": 2.5993902536101334, ""low_d3"": 10.94113929422683, ""low_alpha3"": 0.19174361705889661}","{""initial_step_size"": 1, ""tolerance"": 1e-05, ""decay_rate"": 0.5, ""max_iterations"": 50}"
879,gps,weighted,9,fixed,9113.05539216942,9113.05539216942,4635.77751412913,35,918.326191000233,False,"{""high_w1"": 0.7266931018912703, ""high_w2"": 1.0, ""high_w3"": 1.0, ""high_d1"": 11.941749721407133, ""high_d2"": 17.2697298478071, ""high_d3"": 44.29146607856282, ""high_alpha3"": 0.01390625, ""low_w1"": 1.0, ""low_w2"": 0.05222157214138237, ""low_w3"": 0.41525526900981347, ""low_d1"": 11.622155934727516, ""low_d2"": 46.97638172636621, ""low_d3"": 38.88829975391782, ""low_alpha3"": 0.2022462722060041}","{""initial_step_size"": 1, ""tolerance"": 1e-05, ""decay_rate"": 0.5, ""max_iterations"": 50}"
880,gps,weighted,16,fixed,7925.53664054808,7925.53664054808,4708.97037657944,24,714.124405998518,False,"{""high_w1"": 1.0, ""high_w2"": 0.6713534515524356, ""high_w3"": 0.1817603529558895, ""high_d1"": 39.685998688535804, ""high_d2"": 6.076789152298483, ""high_d3"": 21.698118537537816, ""high_alpha3"": 0.99, ""low_w1"": 0.7335359257292253, ""low_w2"": 0.6510375102031545, ""low_w3"": 1.0, ""low_d1"": 10.516306371790199, ""low_d2"": 41.16309755797551, ""low_d3"": 37.37326628312925, ""low_alpha3"": 0.503141913616837}","{""initial_step_size"": 1, ""tolerance"": 1e-05, ""decay_rate"": 0.5, ""max_iterations"": 50}"
881,gps,weighted,10,fixed,338.618002980281,338.618002980281,505.599566209478,36,907.927708998614,False,"{""high_w1"": 1.0, ""high_w2"": 0.625, ""high_w3"": 0.5, ""high_d1"": 11.959086277640294, ""high_d2"": 12.354019439908544, ""high_d3"": 28.008859890989466, ""high_alpha3"": 0.40668175515710286, ""low_w1"": 1.0, ""low_w2"": 0.1341021141682403, ""low_w3"": 0.10585449372248354, ""low_d1"": 38.92148411397622, ""low_d2"": 41.85278324273139, ""low_d3"": 25.914868363325617, ""low_alpha3"": 0.01}","{""initial_step_size"": 1, ""tolerance"": 1e-05, ""decay_rate"": 0.5, ""max_iterations"": 50}"
882,gps,weighted,14,fixed,1021.98793482965,1021.98793482965,410.24189618845,33,878.856977000396,False,"{""high_w1"": 0.65625, ""high_w2"": 1.0, ""high_w3"": 1.0, ""high_d1"": 17.15685874586805, ""high_d2"": 44.2042885726945, ""high_d3"": 31.478028048072176, ""high_alpha3"": 0.91578125, ""low_w1"": 0.2667770154211907, ""low_w2"": 0.5653273444709687, ""low_w3"": 1.0, ""low_d1"": 36.84611851265876, ""low_d2"": 48.76631727807136, ""low_d3"": 41.68536830138487, ""low_alpha3"": 0.8501990618754072}","{""initial_step_size"": 1, ""tolerance"": 1e-05, ""decay_rate"": 0.5, ""max_iterations"": 50}"
883,gps,weighted,13,fixed,9491.82775216937,9491.82775216937,4891.01735613404,42,891.989727000691,False,"{""high_w1"": 0.4827352955931209, ""high_w2"": 0.05, ""high_w3"": 1.0, ""high_d1"": 17.392216187723882, ""high_d2"": 21.956186939015637, ""high_d3"": 44.53591145655379, ""high_alpha3"": 0.01, ""low_w1"": 0.7047109262725446, ""low_w2"": 1.0, ""low_w3"": 0.20609127974000352, ""low_d1"": 8.519702960858089, ""low_d2"": 18.314483173125097, ""low_d3"": 24.634496723819506, ""low_alpha3"": 0.01}","{""initial_step_size"": 1, ""tolerance"": 1e-05, ""decay_rate"": 0.5, ""max_iterations"": 50}"
884,aos,weighted,28,fixed,-9733.44522512902,9733.44522512902,4674.23041504681,51,7110.1800689994,False,"{""high_w1"": 1.0, ""high_w2"": 1.0, ""high_w3"": 1.0, ""high_d1"": 49.66848543948984, ""high_d2"": 39.52997847705123, ""high_d3"": 5.881371777114776, ""high_alpha3"": 0.99, ""low_w1"": 1.0, ""low_w2"": 1.0, ""low_w3"": 1.0, ""low_d1"": 10.854494080319375, ""low_d2"": 13.202869679224131, ""low_d3"": 17.439353585590464, ""low_alpha3"": 0.99}","{""pop_size"": 100, ""max_iter"": 50, ""n_shells"": 5}"
885,gps,weighted,18,fixed,139.455686098253,139.455686098253,459.609883073747,30,771.326258000045,False,"{""high_w1"": 1.0, ""high_w2"": 0.19594447325060027, ""high_w3"": 0.680618358607065, ""high_d1"": 14.745970560601549, ""high_d2"": 3.7252561075177777, ""high_d3"": 27.17373325488704, ""high_alpha3"": 0.5484189458720816, ""low_w1"": 1.0, ""low_w2"": 0.3140851228567324, ""low_w3"": 0.3714538018863403, ""low_d1"": 30.947005662477828, ""low_d2"": 29.654631349221507, ""low_d3"": 34.97437280626096, ""low_alpha3"": 0.99}","{""initial_step_size"": 1, ""tolerance"": 1e-05, ""decay_rate"": 0.5, ""max_iterations"": 50}"
886,gps,weighted,11,fixed,1116.90348582373,1116.90348582373,407.402744337298,46,1024.50343800047,False,"{""high_w1"": 0.1046875, ""high_w2"": 1.0, ""high_w3"": 0.05, ""high_d1"": 18.34603698887787, ""high_d2"": 30.552150842253617, ""high_d3"": 44.532210833988245, ""high_alpha3"": 0.99, ""low_w1"": 0.984375, ""low_w2"": 0.859375, ""low_w3"": 1.0, ""low_d1"": 36.14103545259627, ""low_d2"": 33.6710855069427, ""low_d3"": 35.85204894707142, ""low_alpha3"": 0.6166394412969142}","{""initial_step_size"": 1, ""tolerance"": 1e-05, ""decay_rate"": 0.5, ""max_iterations"": 50}"
887,gps,weighted,17,fixed,6173.29009283146,6173.29009283146,4425.51013363896,42,920.999790001588,False,"{""high_w1"": 1.0, ""high_w2"": 0.08125, ""high_w3"": 0.890625, ""high_d1"": 42.64927666108091, ""high_d2"": 31.686171107266798, ""high_d3"": 34.448711638274894, ""high_alpha3"": 0.99, ""low_w1"": 1.0, ""low_w2"": 0.7830876619827475, ""low_w3"": 1.0, ""low_d1"": 37.49779751909536, ""low_d2"": 3.6213720680665986, ""low_d3"": 5.021430850482869, ""low_alpha3"": 0.99}","{""initial_step_size"": 1, ""tolerance"": 1e-05, ""decay_rate"": 0.5, ""max_iterations"": 50}"
888,aos,weighted,29,fixed,-10834.3804541779,10834.3804541779,5500.04295666176,51,7028.88946700114,False,"{""high_w1"": 1.0, ""high_w2"": 1.0, ""high_w3"": 0.8542504183539034, ""high_d1"": 45.513206145956445, ""high_d2"": 47.09756746977329, ""high_d3"": 49.69485946717177, ""high_alpha3"": 0.99, ""low_w1"": 0.6891470346178552, ""low_w2"": 1.0, ""low_w3"": 0.8355642716942971, ""low_d1"": 11.542894672855097, ""low_d2"": 36.473159229722576, ""low_d3"": 26.370058921578774, ""low_alpha3"": 0.9148912477028486}","{""pop_size"": 100, ""max_iter"": 50, ""n_shells"": 5}"
889,gps,weighted,19,fixed,10302.7163274378,10302.7163274378,4870.63031672756,21,746.49080800009,False,"{""high_w1"": 0.599112019053907, ""high_w2"": 0.06741547261777536, ""high_w3"": 0.09563698471069704, ""high_d1"": 48.21079899076483, ""high_d2"": 36.778267143968904, ""high_d3"": 42.60196015058771, ""high_alpha3"": 0.01, ""low_w1"": 0.31097168683760595, ""low_w2"": 0.573878569571233, ""low_w3"": 0.32766890926213793, ""low_d1"": 5.31311880021754, ""low_d2"": 18.50779764748243, ""low_d3"": 32.49461650835465, ""low_alpha3"": 0.1584140500965287}","{""initial_step_size"": 1, ""tolerance"": 1e-05, ""decay_rate"": 0.5, ""max_iterations"": 50}"
890,gps,weighted,26,fixed,4263.70931010179,4263.70931010179,3420.79835186882,28,554.827755000588,False,"{""high_w1"": 0.9765625, ""high_w2"": 0.1670003921392224, ""high_w3"": 0.7580548077053454, ""high_d1"": 49.13271478772583, ""high_d2"": 25.396824523995, ""high_d3"": 28.04719790501673, ""high_alpha3"": 0.99, ""low_w1"": 0.8059629770346848, ""low_w2"": 0.20458980116232434, ""low_w3"": 0.9666421670897508, ""low_d1"": 38.856724998237, ""low_d2"": 25.92531452759603, ""low_d3"": 9.994386206399817, ""low_alpha3"": 0.8433188307397611}","{""initial_step_size"": 1, ""tolerance"": 1e-05, ""decay_rate"": 0.5, ""max_iterations"": 50}"
891,gps,weighted,20,fixed,1555.54393118159,1555.54393118159,395.456532714839,25,792.38880900084,False,"{""high_w1"": 1.0, ""high_w2"": 1.0, ""high_w3"": 0.6127305795842413, ""high_d1"": 29.00683472084193, ""high_d2"": 26.039418591544845, ""high_d3"": 37.76250097773358, ""high_alpha3"": 0.05875791764106177, ""low_w1"": 0.8028345382072246, ""low_w2"": 0.19225374534543543, ""low_w3"": 1.0, ""low_d1"": 30.375451924209667, ""low_d2"": 23.331705449910828, ""low_d3"": 35.75333211115878, ""low_alpha3"": 0.8215410572419135}","{""initial_step_size"": 1, ""tolerance"": 1e-05, ""decay_rate"": 0.5, ""max_iterations"": 50}"
892,gps,weighted,25,fixed,8207.26891522148,8207.26891522148,3698.32300854216,27,707.313763999991,False,"{""high_w1"": 0.875, ""high_w2"": 0.05, ""high_w3"": 0.05, ""high_d1"": 49.187142948342164, ""high_d2"": 22.860693121813814, ""high_d3"": 21.285376858427426, ""high_alpha3"": 0.99, ""low_w1"": 1.0, ""low_w2"": 0.5549110164774855, ""low_w3"": 0.16664104750763636, ""low_d1"": 7.3030259615467354, ""low_d2"": 36.116495633899994, ""low_d3"": 18.666215872589248, ""low_alpha3"": 0.7719879709823741}","{""initial_step_size"": 1, ""tolerance"": 1e-05, ""decay_rate"": 0.5, ""max_iterations"": 50}"
893,gps,weighted,23,fixed,5401.37364496199,5401.37364496199,3678.88053010067,36,797.008214000016,False,"{""high_w1"": 0.875, ""high_w2"": 1.0, ""high_w3"": 0.12747812262849784, ""high_d1"": 31.263563098525843, ""high_d2"": 45.09694605375161, ""high_d3"": 39.20562193370309, ""high_alpha3"": 0.5972652816512656, ""low_w1"": 0.7294191742731524, ""low_w2"": 0.4437575414473398, ""low_w3"": 0.30396233432071473, ""low_d1"": 30.446529395558244, ""low_d2"": 34.556563867957216, ""low_d3"": 25.19000313725675, ""low_alpha3"": 0.7144217906596045}","{""initial_step_size"": 1, ""tolerance"": 1e-05, ""decay_rate"": 0.5, ""max_iterations"": 50}"
894,gps,weighted,28,fixed,9096.54414831108,9096.54414831108,4801.57922665192,23,629.763328999616,False,"{""high_w1"": 1.0, ""high_w2"": 0.4027597500196466, ""high_w3"": 0.9683620803848892, ""high_d1"": 44.250747808245066, ""high_d2"": 20.990273387642734, ""high_d3"": 49.958333224666205, ""high_alpha3"": 0.4005478535516255, ""low_w1"": 0.8043636793886317, ""low_w2"": 0.4070088353497843, ""low_w3"": 1.0, ""low_d1"": 9.154080752833037, ""low_d2"": 29.1944891994071, ""low_d3"": 6.144047703966507, ""low_alpha3"": 0.4023758394409924}","{""initial_step_size"": 1, ""tolerance"": 1e-05, ""decay_rate"": 0.5, ""max_iterations"": 50}"
895,gps,weighted,24,fixed,4497.83866323033,4497.83866323033,2487.47731308901,38,750.044147000153,False,"{""high_w1"": 0.33125, ""high_w2"": 0.984375, ""high_w3"": 0.6709555035898649, ""high_d1"": 21.314684076378988, ""high_d2"": 38.11167653342679, ""high_d3"": 30.28295741755681, ""high_alpha3"": 0.99, ""low_w1"": 0.14320236768688646, ""low_w2"": 0.2856678287707863, ""low_w3"": 0.5946788914969201, ""low_d1"": 8.383522195526707, ""low_d2"": 22.119445541067662, ""low_d3"": 21.825667717924613, ""low_alpha3"": 0.771061977836012}","{""initial_step_size"": 1, ""tolerance"": 1e-05, ""decay_rate"": 0.5, ""max_iterations"": 50}"
896,gps,weighted,22,fixed,10340.995069898,10340.995069898,4869.35952239263,32,847.757052999441,False,"{""high_w1"": 0.875, ""high_w2"": 0.05, ""high_w3"": 1.0, ""high_d1"": 45.307759098007956, ""high_d2"": 8.413975844105583, ""high_d3"": 42.70468536722425, ""high_alpha3"": 0.04123858434269655, ""low_w1"": 0.5128858282914286, ""low_w2"": 1.0, ""low_w3"": 0.67352833541937, ""low_d1"": 30.177226025397005, ""low_d2"": 7.579965242876764, ""low_d3"": 19.363963721161255, ""low_alpha3"": 0.01}","{""initial_step_size"": 1, ""tolerance"": 1e-05, ""decay_rate"": 0.5, ""max_iterations"": 50}"
897,gps,weighted,29,fixed,9024.68287137502,9024.68287137502,4528.98569573848,51,642.807624999477,False,"{""high_w1"": 1.0, ""high_w2"": 0.984375, ""high_w3"": 0.96875, ""high_d1"": 48.29509017435208, ""high_d2"": 46.92827981418969, ""high_d3"": 34.269909049097016, ""high_alpha3"": 0.99, ""low_w1"": 1.0, ""low_w2"": 0.7658865305766247, ""low_w3"": 1.0, ""low_d1"": 50.0, ""low_d2"": 29.64481990505071, ""low_d3"": 20.54543147950725, ""low_alpha3"": 0.99}","{""initial_step_size"": 1, ""tolerance"": 1e-05, ""decay_rate"": 0.5, ""max_iterations"": 50}"
898,gps,weighted,21,fixed,258.85050961493,258.85050961493,533.569619578154,45,916.884000000209,False,"{""high_w1"": 0.875, ""high_w2"": 0.05, ""high_w3"": 1.0, ""high_d1"": 11.260447404139597, ""high_d2"": 46.59602692212331, ""high_d3"": 10.238586554763076, ""high_alpha3"": 0.7494111424010393, ""low_w1"": 0.484375, ""low_w2"": 1.0, ""low_w3"": 0.984375, ""low_d1"": 19.447048874289145, ""low_d2"": 49.530139561742914, ""low_d3"": 22.476543681162283, ""low_alpha3"": 0.865}","{""initial_step_size"": 1, ""tolerance"": 1e-05, ""decay_rate"": 0.5, ""max_iterations"": 50}"
899,gps,weighted,27,fixed,6054.43730150704,6054.43730150704,4725.51464230458,48,833.764669001539,False,"{""high_w1"": 0.10859375, ""high_w2"": 1.0, ""high_w3"": 0.05, ""high_d1"": 24.960714713280517, ""high_d2"": 39.775195962007786, ""high_d3"": 27.772773665866325, ""high_alpha3"": 0.41625, ""low_w1"": 1.0, ""low_w2"": 1.0, ""low_w3"": 0.5496810412661789, ""low_d1"": 27.969619918612914, ""low_d2"": 25.748072395141143, ""low_d3"": 44.51013418374701, ""low_alpha3"": 0.365}","{""initial_step_size"": 1, ""tolerance"": 1e-05, ""decay_rate"": 0.5, ""max_iterations"": 50}"
900,pso,sma,0,random,-821.963946782728,821.963946782728,617.367879785237,50,5192.06194500111,True,"{""short_window"": 21.827034816507428, ""long_window"": 61.084778633768885}","{""pop_size"": 100, ""max_iter"": 50, ""w_max"": 0.9, ""w_min"": 0.4, ""c1"": 2, ""c2"": 2}"
901,pso,sma,7,random,-779.16826003635,779.16826003635,575.47129305243,51,5261.37923600072,False,"{""short_window"": 15.131108648714173, ""long_window"": 51.0}","{""pop_size"": 100, ""max_iter"": 50, ""w_max"": 0.9, ""w_min"": 0.4, ""c1"": 2, ""c2"": 2}"
902,pso,sma,9,random,-821.963946782728,821.963946782728,617.367879785237,51,5279.34409099908,False,"{""short_window"": 22.109610480163617, ""long_window"": 60.74376082336663}","{""pop_size"": 100, ""max_iter"": 50, ""w_max"": 0.9, ""w_min"": 0.4, ""c1"": 2, ""c2"": 2}"
903,pso,sma,10,random,-931.175318631482,931.175318631482,1153.51007806138,51,5447.9093230002,False,"{""short_window"": 46.70214995120181, ""long_window"": 200.0}","{""pop_size"": 100, ""max_iter"": 50, ""w_max"": 0.9, ""w_min"": 0.4, ""c1"": 2, ""c2"": 2}"
904,pso,sma,1,random,-931.175318631482,931.175318631482,1153.51007806138,51,5466.77307299979,False,"{""short_window"": 46.68295182385091, ""long_window"": 200.0}","{""pop_size"": 100, ""max_iter"": 50, ""w_max"": 0.9, ""w_min"": 0.4, ""c1"": 2, ""c2"": 2}"
905,pso,sma,8,random,-932.49722762536,932.49722762536,1180.27572148885,51,5466.64398299981,False,"{""short_window"": 48.76355481741606, ""long_window"": 197.34448907104303}","{""pop_size"": 100, ""max_iter"": 50, ""w_max"": 0.9, ""w_min"": 0.4, ""c1"": 2, ""c2"": 2}"
906,pso,sma,3,random,-931.175318631482,931.175318631482,1153.51007806138,51,5467.64761200029,False,"{""short_window"": 47.30102835382807, ""long_window"": 200.0}","{""pop_size"": 100, ""max_iter"": 50, ""w_max"": 0.9, ""w_min"": 0.4, ""c1"": 2, ""c2"": 2}"
907,pso,sma,2,random,-932.49722762536,932.49722762536,1180.27572148885,51,5468.46780899978,False,"{""short_window"": 49.00120246615712, ""long_window"": 196.69802771765876}","{""pop_size"": 100, ""max_iter"": 50, ""w_max"": 0.9, ""w_min"": 0.4, ""c1"": 2, ""c2"": 2}"
908,pso,sma,11,random,-932.49722762536,932.49722762536,1180.27572148885,51,5471.30979499889,False,"{""short_window"": 48.89370826037666, ""long_window"": 197.1657925969876}","{""pop_size"": 100, ""max_iter"": 50, ""w_max"": 0.9, ""w_min"": 0.4, ""c1"": 2, ""c2"": 2}"
909,pso,sma,6,random,-931.175318631482,931.175318631482,1153.51007806138,51,5475.81596199962,False,"{""short_window"": 46.51521551391815, ""long_window"": 200.0}","{""pop_size"": 100, ""max_iter"": 50, ""w_max"": 0.9, ""w_min"": 0.4, ""c1"": 2, ""c2"": 2}"
910,pso,sma,5,random,-932.49722762536,932.49722762536,1180.27572148885,51,5476.73317200133,False,"{""short_window"": 49.357094358277074, ""long_window"": 197.2423685011632}","{""pop_size"": 100, ""max_iter"": 50, ""w_max"": 0.9, ""w_min"": 0.4, ""c1"": 2, ""c2"": 2}"
911,pso,sma,4,random,-931.175318631482,931.175318631482,1153.51007806138,51,5484.34796100082,True,"{""short_window"": 46.961232725013446, ""long_window"": 200.0}","{""pop_size"": 100, ""max_iter"": 50, ""w_max"": 0.9, ""w_min"": 0.4, ""c1"": 2, ""c2"": 2}"
912,pso,sma,12,random,-931.175318631482,931.175318631482,1153.51007806138,51,5558.86779499997,False,"{""short_window"": 46.899736744051225, ""long_window"": 200.0}","{""pop_size"": 100, ""max_iter"": 50, ""w_max"": 0.9, ""w_min"": 0.4, ""c1"": 2, ""c2"": 2}"
913,pso,sma,13,random,-931.175318631482,931.175318631482,1153.51007806138,51,5554.54880999969,False,"{""short_window"": 46.98476513826443, ""long_window"": 200.0}","{""pop_size"": 100, ""max_iter"": 50, ""w_max"": 0.9, ""w_min"": 0.4, ""c1"": 2, ""c2"": 2}"
914,pso,sma,14,random,-932.49722762536,932.49722762536,1180.27572148885,51,5559.88105800134,False,"{""short_window"": 48.57243411151252, ""long_window"": 197.02422731081853}","{""pop_size"": 100, ""max_iter"": 50, ""w_max"": 0.9, ""w_min"": 0.4, ""c1"": 2, ""c2"": 2}"
915,pso,sma,19,random,-821.963946782728,821.963946782728,617.367879785237,51,5385.21522399969,False,"{""short_window"": 22.222735426973763, ""long_window"": 61.00801924381506}","{""pop_size"": 100, ""max_iter"": 50, ""w_max"": 0.9, ""w_min"": 0.4, ""c1"": 2, ""c2"": 2}"
916,pso,sma,15,random,-932.49722762536,932.49722762536,1180.27572148885,51,5562.61204399925,False,"{""short_window"": 49.394726293016696, ""long_window"": 197.3163487527221}","{""pop_size"": 100, ""max_iter"": 50, ""w_max"": 0.9, ""w_min"": 0.4, ""c1"": 2, ""c2"": 2}"
917,pso,sma,16,random,-932.49722762536,932.49722762536,1180.27572148885,51,5543.95677899993,False,"{""short_window"": 48.78127030675922, ""long_window"": 196.68067568342033}","{""pop_size"": 100, ""max_iter"": 50, ""w_max"": 0.9, ""w_min"": 0.4, ""c1"": 2, ""c2"": 2}"
918,pso,sma,17,random,-932.49722762536,932.49722762536,1180.27572148885,51,5562.10127600025,False,"{""short_window"": 48.848853999960056, ""long_window"": 197.43973477715085}","{""pop_size"": 100, ""max_iter"": 50, ""w_max"": 0.9, ""w_min"": 0.4, ""c1"": 2, ""c2"": 2}"
919,pso,sma,20,random,-931.175318631482,931.175318631482,1153.51007806138,51,5563.69080699915,False,"{""short_window"": 46.556114819987116, ""long_window"": 200.0}","{""pop_size"": 100, ""max_iter"": 50, ""w_max"": 0.9, ""w_min"": 0.4, ""c1"": 2, ""c2"": 2}"
920,pso,sma,18,random,-931.175318631482,931.175318631482,1153.51007806138,51,5571.46497400026,False,"{""short_window"": 47.395893395645544, ""long_window"": 200.0}","{""pop_size"": 100, ""max_iter"": 50, ""w_max"": 0.9, ""w_min"": 0.4, ""c1"": 2, ""c2"": 2}"
921,pso,sma,22,random,-931.175318631482,931.175318631482,1153.51007806138,51,5567.27932700051,False,"{""short_window"": 46.63095555840156, ""long_window"": 200.0}","{""pop_size"": 100, ""max_iter"": 50, ""w_max"": 0.9, ""w_min"": 0.4, ""c1"": 2, ""c2"": 2}"
922,pso,sma,21,random,-932.49722762536,932.49722762536,1180.27572148885,51,5574.09218300018,False,"{""short_window"": 48.82930040533246, ""long_window"": 196.65747854559197}","{""pop_size"": 100, ""max_iter"": 50, ""w_max"": 0.9, ""w_min"": 0.4, ""c1"": 2, ""c2"": 2}"
923,pso,sma,23,random,-932.49722762536,932.49722762536,1180.27572148885,51,5577.47087200005,False,"{""short_window"": 48.9341405728437, ""long_window"": 196.54917132417643}","{""pop_size"": 100, ""max_iter"": 50, ""w_max"": 0.9, ""w_min"": 0.4, ""c1"": 2, ""c2"": 2}"
924,pso,sma,27,random,-807.599450435361,807.599450435361,1055.2952186726,51,5411.5213770001,False,"{""short_window"": 7.520721676773948, ""long_window"": 153.14408926595777}","{""pop_size"": 100, ""max_iter"": 50, ""w_max"": 0.9, ""w_min"": 0.4, ""c1"": 2, ""c2"": 2}"
925,pso,sma,24,random,-932.49722762536,932.49722762536,1180.27572148885,51,5577.242415,False,"{""short_window"": 49.02971170047536, ""long_window"": 196.88922371026445}","{""pop_size"": 100, ""max_iter"": 50, ""w_max"": 0.9, ""w_min"": 0.4, ""c1"": 2, ""c2"": 2}"
926,pso,sma,26,random,-776.118847145241,776.118847145241,940.056331500711,51,5490.95041799956,True,"{""short_window"": 50.0, ""long_window"": 143.91033572862804}","{""pop_size"": 100, ""max_iter"": 50, ""w_max"": 0.9, ""w_min"": 0.4, ""c1"": 2, ""c2"": 2}"
927,pso,sma,25,random,-931.175318631482,931.175318631482,1153.51007806138,51,5563.36850099979,True,"{""short_window"": 46.97416816316812, ""long_window"": 200.0}","{""pop_size"": 100, ""max_iter"": 50, ""w_max"": 0.9, ""w_min"": 0.4, ""c1"": 2, ""c2"": 2}"
928,pso,sma,29,random,-821.963946782728,821.963946782728,617.367879785237,51,5381.50145300097,False,"{""short_window"": 21.773979030371628, ""long_window"": 60.591133252176895}","{""pop_size"": 100, ""max_iter"": 50, ""w_max"": 0.9, ""w_min"": 0.4, ""c1"": 2, ""c2"": 2}"
929,pso,lma,1,random,-800.109005668366,800.109005668366,487.740312063578,51,5445.28750899917,False,"{""short_window"": 35.331635756870156, ""long_window"": 55.970861480345356}","{""pop_size"": 100, ""max_iter"": 50, ""w_max"": 0.9, ""w_min"": 0.4, ""c1"": 2, ""c2"": 2}"
930,pso,lma,0,random,-776.262974610292,776.262974610292,671.50931478053,51,5452.04498000021,False,"{""short_window"": 20.14876134556379, ""long_window"": 85.42482072969257}","{""pop_size"": 100, ""max_iter"": 50, ""w_max"": 0.9, ""w_min"": 0.4, ""c1"": 2, ""c2"": 2}"
931,pso,lma,2,random,-776.262974610292,776.262974610292,671.50931478053,51,5457.78179099943,False,"{""short_window"": 20.323246703326465, ""long_window"": 84.54148665408314}","{""pop_size"": 100, ""max_iter"": 50, ""w_max"": 0.9, ""w_min"": 0.4, ""c1"": 2, ""c2"": 2}"
932,pso,lma,3,random,-776.262974610292,776.262974610292,671.50931478053,51,5470.87324299901,False,"{""short_window"": 19.931442875146114, ""long_window"": 84.75376196447147}","{""pop_size"": 100, ""max_iter"": 50, ""w_max"": 0.9, ""w_min"": 0.4, ""c1"": 2, ""c2"": 2}"
933,pso,lma,4,random,-776.262974610292,776.262974610292,671.50931478053,51,5466.09749500021,False,"{""short_window"": 20.487705063648235, ""long_window"": 85.0555728990141}","{""pop_size"": 100, ""max_iter"": 50, ""w_max"": 0.9, ""w_min"": 0.4, ""c1"": 2, ""c2"": 2}"
934,pso,lma,5,random,-800.109005668366,800.109005668366,487.740312063578,51,5468.09573300016,False,"{""short_window"": 34.77526625266377, ""long_window"": 56.12318849635592}","{""pop_size"": 100, ""max_iter"": 50, ""w_max"": 0.9, ""w_min"": 0.4, ""c1"": 2, ""c2"": 2}"
935,pso,sma,28,random,-932.49722762536,932.49722762536,1180.27572148885,51,5591.64747700015,False,"{""short_window"": 48.93744881289936, ""long_window"": 197.08348778004262}","{""pop_size"": 100, ""max_iter"": 50, ""w_max"": 0.9, ""w_min"": 0.4, ""c1"": 2, ""c2"": 2}"
936,pso,lma,7,random,-800.109005668366,800.109005668366,487.740312063578,51,5485.89399899902,False,"{""short_window"": 35.1895115173466, ""long_window"": 55.89147332018447}","{""pop_size"": 100, ""max_iter"": 50, ""w_max"": 0.9, ""w_min"": 0.4, ""c1"": 2, ""c2"": 2}"
937,pso,lma,10,random,-772.378132202087,772.378132202087,605.468432619929,51,5462.50410799985,False,"{""short_window"": 23.65386484818138, ""long_window"": 63.62637175277438}","{""pop_size"": 100, ""max_iter"": 50, ""w_max"": 0.9, ""w_min"": 0.4, ""c1"": 2, ""c2"": 2}"
938,pso,lma,9,random,-800.109005668366,800.109005668366,487.740312063578,51,5484.16469499898,False,"{""short_window"": 34.70377981409631, ""long_window"": 56.14714786151181}","{""pop_size"": 100, ""max_iter"": 50, ""w_max"": 0.9, ""w_min"": 0.4, ""c1"": 2, ""c2"": 2}"
939,pso,lma,6,random,-818.928633013523,818.928633013523,907.977723746608,51,5639.45672199952,False,"{""short_window"": 20.846759564601186, ""long_window"": 195.46485545296792}","{""pop_size"": 100, ""max_iter"": 50, ""w_max"": 0.9, ""w_min"": 0.4, ""c1"": 2, ""c2"": 2}"
940,pso,lma,15,random,-776.262974610292,776.262974610292,671.50931478053,50,5400.61631999924,True,"{""short_window"": 20.4126894878585, ""long_window"": 84.53476385150694}","{""pop_size"": 100, ""max_iter"": 50, ""w_max"": 0.9, ""w_min"": 0.4, ""c1"": 2, ""c2"": 2}"
941,pso,lma,8,random,-818.928633013523,818.928633013523,907.977723746608,51,5621.75118800042,False,"{""short_window"": 20.997894105888047, ""long_window"": 194.6789632472503}","{""pop_size"": 100, ""max_iter"": 50, ""w_max"": 0.9, ""w_min"": 0.4, ""c1"": 2, ""c2"": 2}"
942,pso,lma,11,random,-776.262974610292,776.262974610292,671.50931478053,51,5483.90866499904,False,"{""short_window"": 20.34399685484979, ""long_window"": 84.56010343767637}","{""pop_size"": 100, ""max_iter"": 50, ""w_max"": 0.9, ""w_min"": 0.4, ""c1"": 2, ""c2"": 2}"
943,pso,lma,13,random,-772.378132202087,772.378132202087,605.468432619929,51,5487.2299059989,False,"{""short_window"": 24.35741726327003, ""long_window"": 63.727026432038166}","{""pop_size"": 100, ""max_iter"": 50, ""w_max"": 0.9, ""w_min"": 0.4, ""c1"": 2, ""c2"": 2}"
944,pso,lma,12,random,-818.928633013523,818.928633013523,907.977723746608,51,5611.23466800018,False,"{""short_window"": 20.643820266728742, ""long_window"": 195.09801169330277}","{""pop_size"": 100, ""max_iter"": 50, ""w_max"": 0.9, ""w_min"": 0.4, ""c1"": 2, ""c2"": 2}"
945,pso,lma,17,random,-776.262974610292,776.262974610292,671.50931478053,51,5528.89819599841,False,"{""short_window"": 20.476446455683362, ""long_window"": 84.73554184846864}","{""pop_size"": 100, ""max_iter"": 50, ""w_max"": 0.9, ""w_min"": 0.4, ""c1"": 2, ""c2"": 2}"
946,pso,lma,14,random,-818.928633013523,818.928633013523,907.977723746608,51,5637.59415799905,False,"{""short_window"": 20.88333778716206, ""long_window"": 194.79380942544006}","{""pop_size"": 100, ""max_iter"": 50, ""w_max"": 0.9, ""w_min"": 0.4, ""c1"": 2, ""c2"": 2}"
947,pso,lma,16,random,-818.928633013523,818.928633013523,907.977723746608,51,5637.73510600004,False,"{""short_window"": 21.433144528000938, ""long_window"": 195.21226017178}","{""pop_size"": 100, ""max_iter"": 50, ""w_max"": 0.9, ""w_min"": 0.4, ""c1"": 2, ""c2"": 2}"
948,pso,lma,18,random,-800.109005668366,800.109005668366,487.740312063578,51,5518.38668900018,False,"{""short_window"": 34.57200985735019, ""long_window"": 55.9526321314722}","{""pop_size"": 100, ""max_iter"": 50, ""w_max"": 0.9, ""w_min"": 0.4, ""c1"": 2, ""c2"": 2}"
949,pso,lma,22,random,-800.109005668366,800.109005668366,487.740312063578,50,5435.30904399995,True,"{""short_window"": 35.054878055350585, ""long_window"": 55.807920797119955}","{""pop_size"": 100, ""max_iter"": 50, ""w_max"": 0.9, ""w_min"": 0.4, ""c1"": 2, ""c2"": 2}"
950,pso,lma,20,random,-800.109005668366,800.109005668366,487.740312063578,51,5526.59914700053,False,"{""short_window"": 35.435524520115486, ""long_window"": 56.188504348593426}","{""pop_size"": 100, ""max_iter"": 50, ""w_max"": 0.9, ""w_min"": 0.4, ""c1"": 2, ""c2"": 2}"
951,pso,lma,19,random,-776.262974610292,776.262974610292,671.50931478053,51,5535.92879900134,True,"{""short_window"": 20.44688108881055, ""long_window"": 85.36699229288078}","{""pop_size"": 100, ""max_iter"": 50, ""w_max"": 0.9, ""w_min"": 0.4, ""c1"": 2, ""c2"": 2}"
952,pso,lma,21,random,-800.109005668366,800.109005668366,487.740312063578,51,5543.04939299982,False,"{""short_window"": 34.546669662943586, ""long_window"": 55.880838841808234}","{""pop_size"": 100, ""max_iter"": 50, ""w_max"": 0.9, ""w_min"": 0.4, ""c1"": 2, ""c2"": 2}"
953,pso,lma,23,random,-800.109005668366,800.109005668366,487.740312063578,51,5522.42768299948,False,"{""short_window"": 34.76971899015017, ""long_window"": 55.64505392475783}","{""pop_size"": 100, ""max_iter"": 50, ""w_max"": 0.9, ""w_min"": 0.4, ""c1"": 2, ""c2"": 2}"
954,pso,lma,24,random,-800.109005668366,800.109005668366,487.740312063578,51,5512.47632900049,False,"{""short_window"": 34.859119517322455, ""long_window"": 55.646964118280046}","{""pop_size"": 100, ""max_iter"": 50, ""w_max"": 0.9, ""w_min"": 0.4, ""c1"": 2, ""c2"": 2}"
955,pso,lma,25,random,-818.928633013523,818.928633013523,907.977723746608,51,5670.38368999965,False,"{""short_window"": 21.42405075251947, ""long_window"": 194.90363762523523}","{""pop_size"": 100, ""max_iter"": 50, ""w_max"": 0.9, ""w_min"": 0.4, ""c1"": 2, ""c2"": 2}"
956,pso,lma,26,random,-818.928633013523,818.928633013523,907.977723746608,51,5658.92838499894,False,"{""short_window"": 20.986699279489493, ""long_window"": 194.53466000204736}","{""pop_size"": 100, ""max_iter"": 50, ""w_max"": 0.9, ""w_min"": 0.4, ""c1"": 2, ""c2"": 2}"
957,pso,lma,27,random,-818.928633013523,818.928633013523,907.977723746608,51,5691.29249599973,False,"{""short_window"": 21.37641168380444, ""long_window"": 194.85372819306457}","{""pop_size"": 100, ""max_iter"": 50, ""w_max"": 0.9, ""w_min"": 0.4, ""c1"": 2, ""c2"": 2}"
958,pso,lma,28,random,-818.928633013523,818.928633013523,907.977723746608,51,5681.28097000044,False,"{""short_window"": 20.538358697988272, ""long_window"": 195.01739067456475}","{""pop_size"": 100, ""max_iter"": 50, ""w_max"": 0.9, ""w_min"": 0.4, ""c1"": 2, ""c2"": 2}"
959,pso,lma,29,random,-818.928633013523,818.928633013523,907.977723746608,51,5694.97724999928,False,"{""short_window"": 21.09800413194645, ""long_window"": 195.46400301013492}","{""pop_size"": 100, ""max_iter"": 50, ""w_max"": 0.9, ""w_min"": 0.4, ""c1"": 2, ""c2"": 2}"
960,pso,ema_shared,2,random,-48702.9039220768,48702.9039220768,3960.28702565357,51,5664.17204600111,False,"{""short_window"": 28.047648482673956, ""long_window"": 67.12584582919511, ""alpha"": 0.8709340376448782}","{""pop_size"": 100, ""max_iter"": 50, ""w_max"": 0.9, ""w_min"": 0.4, ""c1"": 2, ""c2"": 2}"
961,pso,ema_shared,3,random,-72888.6196535993,72888.6196535993,718.562051257022,51,5749.90629700005,False,"{""short_window"": 40.591458857460346, ""long_window"": 122.09116634669354, ""alpha"": 0.7936376017559279}","{""pop_size"": 100, ""max_iter"": 50, ""w_max"": 0.9, ""w_min"": 0.4, ""c1"": 2, ""c2"": 2}"
962,pso,ema_shared,0,random,-58649.6863815873,58649.6863815873,1000,51,5821.65550399986,False,"{""short_window"": 30.394445498032564, ""long_window"": 148.87938342639728, ""alpha"": 0.8180776993307758}","{""pop_size"": 100, ""max_iter"": 50, ""w_max"": 0.9, ""w_min"": 0.4, ""c1"": 2, ""c2"": 2}"
963,pso,ema_shared,4,random,-134387.581723152,134387.581723152,966.402492844614,51,5708.779994,False,"{""short_window"": 49.364241539821, ""long_window"": 82.21334882759211, ""alpha"": 0.5858748018889681}","{""pop_size"": 100, ""max_iter"": 50, ""w_max"": 0.9, ""w_min"": 0.4, ""c1"": 2, ""c2"": 2}"
964,pso,ema_shared,1,random,-66980.5469657908,66980.5469657908,794.37166126676,51,5819.9339010007,False,"{""short_window"": 40.15402942033063, ""long_window"": 143.99423820473424, ""alpha"": 0.5739560927247978}","{""pop_size"": 100, ""max_iter"": 50, ""w_max"": 0.9, ""w_min"": 0.4, ""c1"": 2, ""c2"": 2}"
965,pso,ema_shared,6,random,-61263.7091547518,61263.7091547518,1000,51,5708.37876900077,False,"{""short_window"": 34.458509475938946, ""long_window"": 81.45971684263743, ""alpha"": 0.7531100816641656}","{""pop_size"": 100, ""max_iter"": 50, ""w_max"": 0.9, ""w_min"": 0.4, ""c1"": 2, ""c2"": 2}"
966,pso,ema_shared,5,random,-73763.5033204703,73763.5033204703,3679.78575610893,51,5721.57761200106,False,"{""short_window"": 40.76272389129598, ""long_window"": 113.56753547084226, ""alpha"": 0.6304842181319282}","{""pop_size"": 100, ""max_iter"": 50, ""w_max"": 0.9, ""w_min"": 0.4, ""c1"": 2, ""c2"": 2}"
967,pso,ema_shared,7,random,-82642.1111267094,82642.1111267094,942.722117414014,51,5744.17466800151,False,"{""short_window"": 42.75790161333142, ""long_window"": 99.6675910935751, ""alpha"": 0.7471669454188637}","{""pop_size"": 100, ""max_iter"": 50, ""w_max"": 0.9, ""w_min"": 0.4, ""c1"": 2, ""c2"": 2}"
968,pso,ema_shared,8,random,-139488.124841655,139488.124841655,755.438393458715,51,5756.53437399888,False,"{""short_window"": 33.77610810662783, ""long_window"": 137.27094092239386, ""alpha"": 0.6948222586299181}","{""pop_size"": 100, ""max_iter"": 50, ""w_max"": 0.9, ""w_min"": 0.4, ""c1"": 2, ""c2"": 2}"
969,pso,ema_shared,9,random,-108487.102036571,108487.102036571,4363.7593587275,51,5711.10082099949,False,"{""short_window"": 32.63619058856601, ""long_window"": 89.96473334039362, ""alpha"": 0.6881891128980475}","{""pop_size"": 100, ""max_iter"": 50, ""w_max"": 0.9, ""w_min"": 0.4, ""c1"": 2, ""c2"": 2}"
970,pso,ema_shared,10,random,-81664.734928888,81664.734928888,2002.25188150109,51,5788.77148900028,False,"{""short_window"": 35.91800112657746, ""long_window"": 123.27718557598939, ""alpha"": 0.8004328091068197}","{""pop_size"": 100, ""max_iter"": 50, ""w_max"": 0.9, ""w_min"": 0.4, ""c1"": 2, ""c2"": 2}"
971,pso,ema_shared,11,random,-93161.1356031317,93161.1356031317,1019.94044738077,51,5813.46401799965,False,"{""short_window"": 42.82539060921078, ""long_window"": 132.4799915761032, ""alpha"": 0.5786880125009813}","{""pop_size"": 100, ""max_iter"": 50, ""w_max"": 0.9, ""w_min"": 0.4, ""c1"": 2, ""c2"": 2}"
972,pso,ema_shared,12,random,-70066.7753375873,70066.7753375873,3455.63660954214,51,5680.0437790007,False,"{""short_window"": 24.666332404948577, ""long_window"": 90.22873250996572, ""alpha"": 0.7918568989635235}","{""pop_size"": 100, ""max_iter"": 50, ""w_max"": 0.9, ""w_min"": 0.4, ""c1"": 2, ""c2"": 2}"
973,pso,ema_shared,16,random,-77587.1950733016,77587.1950733016,3909.65666753905,51,5639.00513799854,False,"{""short_window"": 35.66339673867109, ""long_window"": 51.00360640624669, ""alpha"": 0.7827732121011379}","{""pop_size"": 100, ""max_iter"": 50, ""w_max"": 0.9, ""w_min"": 0.4, ""c1"": 2, ""c2"": 2}"
974,pso,ema_shared,14,random,-71090.7822093477,71090.7822093477,3813.1461548143,51,5668.86581699873,False,"{""short_window"": 33.263132963284356, ""long_window"": 76.09771697696227, ""alpha"": 0.707724462880627}","{""pop_size"": 100, ""max_iter"": 50, ""w_max"": 0.9, ""w_min"": 0.4, ""c1"": 2, ""c2"": 2}"
975,pso,ema_shared,13,random,-78669.1455052508,78669.1455052508,4398.34364893974,51,5710.05378700102,False,"{""short_window"": 33.450305401278044, ""long_window"": 114.34858525504987, ""alpha"": 0.790754034268348}","{""pop_size"": 100, ""max_iter"": 50, ""w_max"": 0.9, ""w_min"": 0.4, ""c1"": 2, ""c2"": 2}"
976,pso,ema_shared,15,random,-110746.241717472,110746.241717472,1604.4909729242,51,5760.66512999933,False,"{""short_window"": 45.835895775839624, ""long_window"": 116.72930114322216, ""alpha"": 0.5992268992878726}","{""pop_size"": 100, ""max_iter"": 50, ""w_max"": 0.9, ""w_min"": 0.4, ""c1"": 2, ""c2"": 2}"
977,pso,ema_shared,17,random,-47253.3132269722,47253.3132269722,1497.6685380514,51,5753.25719600005,False,"{""short_window"": 41.281228055681865, ""long_window"": 123.69506599085975, ""alpha"": 0.6455973783781621}","{""pop_size"": 100, ""max_iter"": 50, ""w_max"": 0.9, ""w_min"": 0.4, ""c1"": 2, ""c2"": 2}"
978,pso,ema_shared,18,random,-59643.5787365797,59643.5787365797,1265.14301497408,51,5787.51074100001,False,"{""short_window"": 34.13533055146292, ""long_window"": 144.75548534655675, ""alpha"": 0.7567762162043871}","{""pop_size"": 100, ""max_iter"": 50, ""w_max"": 0.9, ""w_min"": 0.4, ""c1"": 2, ""c2"": 2}"
979,pso,ema_shared,19,random,-64654.6907064415,64654.6907064415,1278.71308435597,51,5761.40686300096,False,"{""short_window"": 32.409390042468274, ""long_window"": 122.84840475979806, ""alpha"": 0.7453101580173335}","{""pop_size"": 100, ""max_iter"": 50, ""w_max"": 0.9, ""w_min"": 0.4, ""c1"": 2, ""c2"": 2}"
980,pso,ema_shared,20,random,-69539.3258269799,69539.3258269799,3438.39665885057,51,5686.8801060009,False,"{""short_window"": 37.7302743174643, ""long_window"": 84.65276751990844, ""alpha"": 0.6247615459559144}","{""pop_size"": 100, ""max_iter"": 50, ""w_max"": 0.9, ""w_min"": 0.4, ""c1"": 2, ""c2"": 2}"
981,pso,ema_shared,21,random,-96618.0445770054,96618.0445770054,924.121746582239,51,5795.99573199994,False,"{""short_window"": 40.371355913196496, ""long_window"": 123.28077388212465, ""alpha"": 0.6834042441398162}","{""pop_size"": 100, ""max_iter"": 50, ""w_max"": 0.9, ""w_min"": 0.4, ""c1"": 2, ""c2"": 2}"
982,pso,ema_shared,22,random,-102399.607151174,102399.607151174,5401.9369779234,51,5737.9820139995,False,"{""short_window"": 35.49217114098467, ""long_window"": 95.99698314403973, ""alpha"": 0.7382076720652724}","{""pop_size"": 100, ""max_iter"": 50, ""w_max"": 0.9, ""w_min"": 0.4, ""c1"": 2, ""c2"": 2}"
983,pso,ema_shared,23,random,-102536.424879908,102536.424879908,1305.36046108822,51,5709.12329400017,False,"{""short_window"": 43.630921569306466, ""long_window"": 94.88790341124516, ""alpha"": 0.560559843668003}","{""pop_size"": 100, ""max_iter"": 50, ""w_max"": 0.9, ""w_min"": 0.4, ""c1"": 2, ""c2"": 2}"
984,pso,ema_shared,24,random,-117109.968278341,117109.968278341,3707.47797325415,51,5866.41421000059,False,"{""short_window"": 38.1645139712123, ""long_window"": 188.6147434809914, ""alpha"": 0.7126133229130395}","{""pop_size"": 100, ""max_iter"": 50, ""w_max"": 0.9, ""w_min"": 0.4, ""c1"": 2, ""c2"": 2}"
985,pso,ema_shared,26,random,-73274.7573653285,73274.7573653285,1000,51,5820.2584289993,False,"{""short_window"": 30.3773958759225, ""long_window"": 140.5445344478721, ""alpha"": 0.8419436312642812}","{""pop_size"": 100, ""max_iter"": 50, ""w_max"": 0.9, ""w_min"": 0.4, ""c1"": 2, ""c2"": 2}"
986,pso,ema_shared,28,random,-85655.9162757531,85655.9162757531,1213.5270438271,51,5735.06111999996,False,"{""short_window"": 44.582301941552565, ""long_window"": 85.6881644476825, ""alpha"": 0.6053078041430746}","{""pop_size"": 100, ""max_iter"": 50, ""w_max"": 0.9, ""w_min"": 0.4, ""c1"": 2, ""c2"": 2}"
987,pso,ema_shared,25,random,-95958.3563137762,95958.3563137762,2199.56871698534,51,5838.79205099947,False,"{""short_window"": 40.523415268138, ""long_window"": 140.44974006884442, ""alpha"": 0.7393212681008119}","{""pop_size"": 100, ""max_iter"": 50, ""w_max"": 0.9, ""w_min"": 0.4, ""c1"": 2, ""c2"": 2}"
988,pso,ema_independent,0,random,-11840.3452459298,11840.3452459298,4296.9696617001,51,5705.26078699913,False,"{""short_window"": 46.30994032147097, ""long_window"": 86.6447566160017, ""alpha_short"": 1e-06, ""alpha_long"": 0.15012507502736416}","{""pop_size"": 100, ""max_iter"": 50, ""w_max"": 0.9, ""w_min"": 0.4, ""c1"": 2, ""c2"": 2}"
989,pso,ema_shared,27,random,-83951.4450626509,83951.4450626509,1000,51,5857.5450139997,False,"{""short_window"": 29.417372635487887, ""long_window"": 164.61428907940703, ""alpha"": 0.737494439668901}","{""pop_size"": 100, ""max_iter"": 50, ""w_max"": 0.9, ""w_min"": 0.4, ""c1"": 2, ""c2"": 2}"
990,pso,ema_shared,29,random,-83655.0199740594,83655.0199740594,1151.70886954417,51,5793.50876399985,False,"{""short_window"": 34.88949045878672, ""long_window"": 127.5442610888523, ""alpha"": 0.7910021514386782}","{""pop_size"": 100, ""max_iter"": 50, ""w_max"": 0.9, ""w_min"": 0.4, ""c1"": 2, ""c2"": 2}"
991,pso,ema_independent,2,random,-11840.3452459298,11840.3452459298,4296.9696617001,51,5698.10809499904,False,"{""short_window"": 45.80647651169259, ""long_window"": 75.28972292654392, ""alpha_short"": 1e-06, ""alpha_long"": 0.15000422313981607}","{""pop_size"": 100, ""max_iter"": 50, ""w_max"": 0.9, ""w_min"": 0.4, ""c1"": 2, ""c2"": 2}"
992,pso,ema_independent,1,random,-11840.3452459298,11840.3452459298,4296.9696617001,51,5875.14377300067,False,"{""short_window"": 45.84809185007449, ""long_window"": 152.46345264008858, ""alpha_short"": 1e-06, ""alpha_long"": 0.15052651915515486}","{""pop_size"": 100, ""max_iter"": 50, ""w_max"": 0.9, ""w_min"": 0.4, ""c1"": 2, ""c2"": 2}"
993,pso,ema_independent,3,random,-11840.3452459298,11840.3452459298,4296.9696617001,51,5754.46878399998,False,"{""short_window"": 46.284776588791395, ""long_window"": 107.07766850980468, ""alpha_short"": 1e-06, ""alpha_long"": 0.15025918177412}","{""pop_size"": 100, ""max_iter"": 50, ""w_max"": 0.9, ""w_min"": 0.4, ""c1"": 2, ""c2"": 2}"
994,pso,ema_independent,4,random,-11840.3452459298,11840.3452459298,4296.9696617001,51,5834.09310600109,False,"{""short_window"": 46.030888852678444, ""long_window"": 134.82779622596837, ""alpha_short"": 1e-06, ""alpha_long"": 0.15016515605402}","{""pop_size"": 100, ""max_iter"": 50, ""w_max"": 0.9, ""w_min"": 0.4, ""c1"": 2, ""c2"": 2}"
995,pso,ema_independent,5,random,-11840.3452459298,11840.3452459298,4296.9696617001,51,5836.82160900025,False,"{""short_window"": 45.629308992269024, ""long_window"": 130.89209005410993, ""alpha_short"": 1e-06, ""alpha_long"": 0.15013923086163564}","{""pop_size"": 100, ""max_iter"": 50, ""w_max"": 0.9, ""w_min"": 0.4, ""c1"": 2, ""c2"": 2}"
996,pso,ema_independent,6,random,-11840.3452459298,11840.3452459298,4296.9696617001,51,5764.5307799994,False,"{""short_window"": 45.668981612083, ""long_window"": 127.46518569768212, ""alpha_short"": 1e-06, ""alpha_long"": 0.149995264106484}","{""pop_size"": 100, ""max_iter"": 50, ""w_max"": 0.9, ""w_min"": 0.4, ""c1"": 2, ""c2"": 2}"
997,pso,ema_independent,7,random,-11840.3452459298,11840.3452459298,4296.9696617001,51,5729.09429799984,False,"{""short_window"": 46.337304511099596, ""long_window"": 103.05837977901552, ""alpha_short"": 1e-06, ""alpha_long"": 0.15020258836044076}","{""pop_size"": 100, ""max_iter"": 50, ""w_max"": 0.9, ""w_min"": 0.4, ""c1"": 2, ""c2"": 2}"
998,pso,ema_independent,11,random,-11840.3452459298,11840.3452459298,4296.9696617001,51,5695.73953899999,False,"{""short_window"": 46.340349733315314, ""long_window"": 71.39728281448532, ""alpha_short"": 1e-06, ""alpha_long"": 0.1503038272863221}","{""pop_size"": 100, ""max_iter"": 50, ""w_max"": 0.9, ""w_min"": 0.4, ""c1"": 2, ""c2"": 2}"
999,pso,ema_independent,9,random,-11075.5219776395,11075.5219776395,1345.77849260854,51,5800.975397,False,"{""short_window"": 27.826051417697304, ""long_window"": 92.46208778568558, ""alpha_short"": 1e-06, ""alpha_long"": 0.07601991050292037}","{""pop_size"": 100, ""max_iter"": 50, ""w_max"": 0.9, ""w_min"": 0.4, ""c1"": 2, ""c2"": 2}"
1000,pso,ema_independent,10,random,-13103.1797607754,13103.1797607754,1313.58740223195,51,5786.71388699877,False,"{""short_window"": 28.655098963129554, ""long_window"": 91.66215969399104, ""alpha_short"": 0.009709719602445904, ""alpha_long"": 0.07721581984222299}","{""pop_size"": 100, ""max_iter"": 50, ""w_max"": 0.9, ""w_min"": 0.4, ""c1"": 2, ""c2"": 2}"
1001,pso,ema_independent,12,random,-11840.3452459298,11840.3452459298,4296.9696617001,51,5779.88350600026,False,"{""short_window"": 45.7755995604445, ""long_window"": 116.89977866972343, ""alpha_short"": 1e-06, ""alpha_long"": 0.15039151885053698}","{""pop_size"": 100, ""max_iter"": 50, ""w_max"": 0.9, ""w_min"": 0.4, ""c1"": 2, ""c2"": 2}"
1002,pso,ema_independent,8,random,-13249.2387537511,13249.2387537511,1380.62434516669,51,5985.03407400131,False,"{""short_window"": 28.86117305713995, ""long_window"": 195.9571219922818, ""alpha_short"": 0.015554914521671452, ""alpha_long"": 0.08026883008802292}","{""pop_size"": 100, ""max_iter"": 50, ""w_max"": 0.9, ""w_min"": 0.4, ""c1"": 2, ""c2"": 2}"
1003,pso,ema_independent,13,random,-11840.3452459298,11840.3452459298,4296.9696617001,51,5808.81887599935,False,"{""short_window"": 45.885576941502286, ""long_window"": 134.51395893017047, ""alpha_short"": 1e-06, ""alpha_long"": 0.15027766779706367}","{""pop_size"": 100, ""max_iter"": 50, ""w_max"": 0.9, ""w_min"": 0.4, ""c1"": 2, ""c2"": 2}"
1004,pso,ema_independent,15,random,-11840.3452459298,11840.3452459298,4296.9696617001,51,5717.30620900053,False,"{""short_window"": 46.329510667707375, ""long_window"": 63.10235533940694, ""alpha_short"": 1e-06, ""alpha_long"": 0.15006213034403643}","{""pop_size"": 100, ""max_iter"": 50, ""w_max"": 0.9, ""w_min"": 0.4, ""c1"": 2, ""c2"": 2}"
1005,pso,ema_independent,14,random,-13213.6993257898,13213.6993257898,1313.58740223195,51,5887.92494799964,False,"{""short_window"": 28.763599581559678, ""long_window"": 136.3416231178741, ""alpha_short"": 0.01204373209438604, ""alpha_long"": 0.07811850036453247}","{""pop_size"": 100, ""max_iter"": 50, ""w_max"": 0.9, ""w_min"": 0.4, ""c1"": 2, ""c2"": 2}"
1006,pso,ema_independent,16,random,-14857.8050560387,14857.8050560387,1726.28152728716,51,5878.97302599959,False,"{""short_window"": 27.809235114676877, ""long_window"": 147.2872460881868, ""alpha_short"": 0.07415623127670921, ""alpha_long"": 0.10376578643425083}","{""pop_size"": 100, ""max_iter"": 50, ""w_max"": 0.9, ""w_min"": 0.4, ""c1"": 2, ""c2"": 2}"
1007,pso,ema_independent,17,random,-13212.532211848,13212.532211848,1295.31106984554,51,5915.77816500103,False,"{""short_window"": 29.020564922826523, ""long_window"": 152.4955655673252, ""alpha_short"": 0.011171245978815284, ""alpha_long"": 0.07771619999085341}","{""pop_size"": 100, ""max_iter"": 50, ""w_max"": 0.9, ""w_min"": 0.4, ""c1"": 2, ""c2"": 2}"
1008,pso,ema_independent,18,random,-11840.3452459298,11840.3452459298,4296.9696617001,51,5715.46193100039,False,"{""short_window"": 46.1711516780101, ""long_window"": 91.22162853472109, ""alpha_short"": 1e-06, ""alpha_long"": 0.15013435963289926}","{""pop_size"": 100, ""max_iter"": 50, ""w_max"": 0.9, ""w_min"": 0.4, ""c1"": 2, ""c2"": 2}"
1009,pso,ema_independent,19,random,-11075.5219776395,11075.5219776395,1300.24334216406,51,5749.50518200058,False,"{""short_window"": 27.956016591568908, ""long_window"": 80.75107363962826, ""alpha_short"": 1e-06, ""alpha_long"": 0.07554321096342989}","{""pop_size"": 100, ""max_iter"": 50, ""w_max"": 0.9, ""w_min"": 0.4, ""c1"": 2, ""c2"": 2}"
1010,pso,ema_independent,20,random,-11840.3452459298,11840.3452459298,4296.9696617001,51,5828.57443799912,False,"{""short_window"": 45.768959735405964, ""long_window"": 136.1381969737374, ""alpha_short"": 1e-06, ""alpha_long"": 0.15017580780896045}","{""pop_size"": 100, ""max_iter"": 50, ""w_max"": 0.9, ""w_min"": 0.4, ""c1"": 2, ""c2"": 2}"
1011,pso,ema_independent,21,random,-13249.2387537511,13249.2387537511,1380.62434516669,51,5869.99767099951,False,"{""short_window"": 28.576191270773574, ""long_window"": 116.58457048141736, ""alpha_short"": 0.01504733712561402, ""alpha_long"": 0.0800652683250501}","{""pop_size"": 100, ""max_iter"": 50, ""w_max"": 0.9, ""w_min"": 0.4, ""c1"": 2, ""c2"": 2}"
1012,pso,ema_independent,22,random,-11840.3452459298,11840.3452459298,4296.9696617001,51,5848.25256099975,False,"{""short_window"": 46.08199187277025, ""long_window"": 167.60392522638523, ""alpha_short"": 1e-06, ""alpha_long"": 0.1503603715462257}","{""pop_size"": 100, ""max_iter"": 50, ""w_max"": 0.9, ""w_min"": 0.4, ""c1"": 2, ""c2"": 2}"
1013,pso,ema_independent,23,random,-11840.3452459298,11840.3452459298,4296.9696617001,51,5892.71773100154,False,"{""short_window"": 46.42160722787187, ""long_window"": 193.14608891248878, ""alpha_short"": 1e-06, ""alpha_long"": 0.15033642901576746}","{""pop_size"": 100, ""max_iter"": 50, ""w_max"": 0.9, ""w_min"": 0.4, ""c1"": 2, ""c2"": 2}"
1014,pso,ema_independent,25,random,-11840.3452459298,11840.3452459298,4296.9696617001,51,5702.21039299941,False,"{""short_window"": 45.70131557258666, ""long_window"": 76.43964032762186, ""alpha_short"": 1e-06, ""alpha_long"": 0.15027555509601376}","{""pop_size"": 100, ""max_iter"": 50, ""w_max"": 0.9, ""w_min"": 0.4, ""c1"": 2, ""c2"": 2}"
1015,pso,ema_independent,24,random,-15303.7734989204,15303.7734989204,1367.4683015589,51,5948.73332700081,False,"{""short_window"": 27.52812018978502, ""long_window"": 152.29314838895402, ""alpha_short"": 0.07991834909644586, ""alpha_long"": 0.10727953015781498}","{""pop_size"": 100, ""max_iter"": 50, ""w_max"": 0.9, ""w_min"": 0.4, ""c1"": 2, ""c2"": 2}"
1016,pso,ema_independent,26,random,-11840.3452459298,11840.3452459298,4296.9696617001,51,5824.07938199867,False,"{""short_window"": 46.279350560996484, ""long_window"": 125.0163820045233, ""alpha_short"": 1e-06, ""alpha_long"": 0.15031501932862493}","{""pop_size"": 100, ""max_iter"": 50, ""w_max"": 0.9, ""w_min"": 0.4, ""c1"": 2, ""c2"": 2}"
1017,pso,ema_independent,27,random,-11840.3452459298,11840.3452459298,4296.9696617001,51,5813.82751300043,False,"{""short_window"": 45.96757420277903, ""long_window"": 112.872392574796, ""alpha_short"": 0.0018704976809650465, ""alpha_long"": 0.14574427717395572}","{""pop_size"": 100, ""max_iter"": 50, ""w_max"": 0.9, ""w_min"": 0.4, ""c1"": 2, ""c2"": 2}"
1018,pso,ema_independent,29,random,-11075.5219776395,11075.5219776395,1295.49480937482,51,5793.08931500054,False,"{""short_window"": 27.821051129440793, ""long_window"": 89.29306234740021, ""alpha_short"": 0.0006827575353880606, ""alpha_long"": 0.07613495366120629}","{""pop_size"": 100, ""max_iter"": 50, ""w_max"": 0.9, ""w_min"": 0.4, ""c1"": 2, ""c2"": 2}"
1019,pso,ema_independent,28,random,-11840.3452459298,11840.3452459298,4296.9696617001,51,5898.82819999912,False,"{""short_window"": 46.032448467095186, ""long_window"": 168.40950019867478, ""alpha_short"": 1e-06, ""alpha_long"": 0.15025153564624222}","{""pop_size"": 100, ""max_iter"": 50, ""w_max"": 0.9, ""w_min"": 0.4, ""c1"": 2, ""c2"": 2}"
1020,pso,weighted,1,random,-12395.223359105,12395.223359105,5197.44487843891,51,6543.12493799989,False,"{""high_w1"": 0.560938909624345, ""high_w2"": 0.9694383451736085, ""high_w3"": 0.5248921310844898, ""high_d1"": 43.89701273763294, ""high_d2"": 42.9888344169128, ""high_d3"": 20.576668016495418, ""high_alpha3"": 0.07472331281497614, ""low_w1"": 0.35477452806057924, ""low_w2"": 0.2556001722695691, ""low_w3"": 0.23623837536911227, ""low_d1"": 9.126628333936047, ""low_d2"": 23.731370718329874, ""low_d3"": 33.49278495055539, ""low_alpha3"": 0.06447658544475239}","{""pop_size"": 100, ""max_iter"": 50, ""w_max"": 0.9, ""w_min"": 0.4, ""c1"": 2, ""c2"": 2}"
1021,pso,weighted,0,random,-14519.9785103883,14519.9785103883,4969.94982178654,51,6627.91506899885,False,"{""high_w1"": 0.5384947731578581, ""high_w2"": 0.5505662535598275, ""high_w3"": 0.05, ""high_d1"": 45.05496349599174, ""high_d2"": 39.013208253213335, ""high_d3"": 44.891735649653484, ""high_alpha3"": 0.9603560017313848, ""low_w1"": 0.6118387122278324, ""low_w2"": 0.7949375404488535, ""low_w3"": 0.32526838301221567, ""low_d1"": 31.877556341580178, ""low_d2"": 18.3425236611736, ""low_d3"": 16.510323772889052, ""low_alpha3"": 0.2549270651565058}","{""pop_size"": 100, ""max_iter"": 50, ""w_max"": 0.9, ""w_min"": 0.4, ""c1"": 2, ""c2"": 2}"
1022,pso,weighted,2,random,-13526.2539746077,13526.2539746077,5279.13765564164,51,6571.64082000054,False,"{""high_w1"": 0.792471849847438, ""high_w2"": 0.18725133162889085, ""high_w3"": 0.44120151747629494, ""high_d1"": 45.42214890729485, ""high_d2"": 38.83456269920556, ""high_d3"": 21.95138067632485, ""high_alpha3"": 0.0820988121650448, ""low_w1"": 0.5952260439446218, ""low_w2"": 1.0, ""low_w3"": 0.4556044512590983, ""low_d1"": 10.766973820689211, ""low_d2"": 28.67298400221442, ""low_d3"": 37.283766227904536, ""low_alpha3"": 0.2421380380982525}","{""pop_size"": 100, ""max_iter"": 50, ""w_max"": 0.9, ""w_min"": 0.4, ""c1"": 2, ""c2"": 2}"
1023,pso,weighted,4,random,-12693.0610167342,12693.0610167342,4950.6252991127,51,6500.51892900046,False,"{""high_w1"": 1.0, ""high_w2"": 0.5374706303235909, ""high_w3"": 0.5226831682376709, ""high_d1"": 43.716669663962755, ""high_d2"": 17.7070731541717, ""high_d3"": 20.12941943531738, ""high_alpha3"": 0.4372840016726236, ""low_w1"": 0.738966526563054, ""low_w2"": 0.6500168951367254, ""low_w3"": 0.9514400654382813, ""low_d1"": 11.122028134237292, ""low_d2"": 27.168588597608366, ""low_d3"": 25.62897504543313, ""low_alpha3"": 0.3775087102360813}","{""pop_size"": 100, ""max_iter"": 50, ""w_max"": 0.9, ""w_min"": 0.4, ""c1"": 2, ""c2"": 2}"
1024,pso,weighted,6,random,-12531.4604952723,12531.4604952723,5566.33898263848,51,6464.83439199983,False,"{""high_w1"": 0.60953717562591, ""high_w2"": 0.13320668014338705, ""high_w3"": 0.4274332139715423, ""high_d1"": 44.13672176989681, ""high_d2"": 25.993774193894886, ""high_d3"": 25.003191314408074, ""high_alpha3"": 0.26628939043536787, ""low_w1"": 0.3810971384908496, ""low_w2"": 0.5129642636711812, ""low_w3"": 0.5591730289258878, ""low_d1"": 10.097617567807879, ""low_d2"": 28.161213775170765, ""low_d3"": 12.372392878478271, ""low_alpha3"": 0.3381746552163869}","{""pop_size"": 100, ""max_iter"": 50, ""w_max"": 0.9, ""w_min"": 0.4, ""c1"": 2, ""c2"": 2}"
1025,pso,weighted,3,random,-12893.9473594226,12893.9473594226,5291.69985786938,51,6568.86346900137,False,"{""high_w1"": 0.9173165788265893, ""high_w2"": 0.47549932545243967, ""high_w3"": 0.24406055164468046, ""high_d1"": 36.59513563371206, ""high_d2"": 26.391362932297746, ""high_d3"": 7.148656683499959, ""high_alpha3"": 0.36865755832936786, ""low_w1"": 0.503089731600937, ""low_w2"": 0.9807310363620526, ""low_w3"": 0.37770436977587485, ""low_d1"": 12.585833047181593, ""low_d2"": 25.86176455541547, ""low_d3"": 20.40042436104052, ""low_alpha3"": 0.3289295628699598}","{""pop_size"": 100, ""max_iter"": 50, ""w_max"": 0.9, ""w_min"": 0.4, ""c1"": 2, ""c2"": 2}"
1026,pso,weighted,5,random,-13120.8135000649,13120.8135000649,3634.54963317305,51,6607.09715499979,False,"{""high_w1"": 0.5990397231786788, ""high_w2"": 0.34021010535532303, ""high_w3"": 0.23904875751718346, ""high_d1"": 36.08847404749524, ""high_d2"": 15.32837952475998, ""high_d3"": 38.728446300229564, ""high_alpha3"": 0.38797436376923367, ""low_w1"": 0.18212301578658685, ""low_w2"": 0.6686977020833608, ""low_w3"": 0.8792754843846248, ""low_d1"": 25.80257916326749, ""low_d2"": 19.68968836168666, ""low_d3"": 13.119663884356513, ""low_alpha3"": 0.18851437907900057}","{""pop_size"": 100, ""max_iter"": 50, ""w_max"": 0.9, ""w_min"": 0.4, ""c1"": 2, ""c2"": 2}"
1027,pso,weighted,7,random,-11168.0262611106,11168.0262611106,4173.80850775661,51,6700.03025699953,False,"{""high_w1"": 0.11823907031578029, ""high_w2"": 0.4791553171052554, ""high_w3"": 0.19514930393107768, ""high_d1"": 42.60379576090527, ""high_d2"": 44.716653056875586, ""high_d3"": 34.57981611392327, ""high_alpha3"": 0.4788917074468068, ""low_w1"": 0.5032333358547817, ""low_w2"": 0.37466954529474056, ""low_w3"": 0.7961186377769978, ""low_d1"": 30.083482642218794, ""low_d2"": 17.246810430388496, ""low_d3"": 26.877191230649416, ""low_alpha3"": 0.21942990151974243}","{""pop_size"": 100, ""max_iter"": 50, ""w_max"": 0.9, ""w_min"": 0.4, ""c1"": 2, ""c2"": 2}"
1028,pso,weighted,8,random,-13874.7449458836,13874.7449458836,4172.4614204926,51,6727.47697900013,False,"{""high_w1"": 0.11433280048858385, ""high_w2"": 0.997869607493222, ""high_w3"": 0.87544991013028, ""high_d1"": 31.833880602003834, ""high_d2"": 46.342806993022364, ""high_d3"": 41.11737928209633, ""high_alpha3"": 0.3023425433197514, ""low_w1"": 0.1516580604557941, ""low_w2"": 0.60131958338707, ""low_w3"": 0.1507664710086439, ""low_d1"": 30.12443251037352, ""low_d2"": 15.615128729787996, ""low_d3"": 29.47902926552195, ""low_alpha3"": 0.6630702797785868}","{""pop_size"": 100, ""max_iter"": 50, ""w_max"": 0.9, ""w_min"": 0.4, ""c1"": 2, ""c2"": 2}"
1029,pso,weighted,9,random,-12071.6428142857,12071.6428142857,5349.0301999329,51,6659.77017299883,False,"{""high_w1"": 0.5096432256969092, ""high_w2"": 0.4890198583716293, ""high_w3"": 0.635294820928208, ""high_d1"": 43.140440031194274, ""high_d2"": 50.0, ""high_d3"": 31.04841011395106, ""high_alpha3"": 0.45813297643193346, ""low_w1"": 0.7313578034112609, ""low_w2"": 0.060039898859789144, ""low_w3"": 0.5794152146189779, ""low_d1"": 9.288195496653003, ""low_d2"": 26.57674418860012, ""low_d3"": 40.222164804674364, ""low_alpha3"": 0.3569927650994328}","{""pop_size"": 100, ""max_iter"": 50, ""w_max"": 0.9, ""w_min"": 0.4, ""c1"": 2, ""c2"": 2}"
1030,pso,weighted,11,random,-13697.5286722223,13697.5286722223,4929.0838755705,51,6670.04708499917,False,"{""high_w1"": 0.8597898931497564, ""high_w2"": 0.6319798317913191, ""high_w3"": 0.40496487143965293, ""high_d1"": 44.964470533676305, ""high_d2"": 37.88983975248668, ""high_d3"": 21.530012589124084, ""high_alpha3"": 0.41569224920961517, ""low_w1"": 0.4084744565709491, ""low_w2"": 0.49438291046196137, ""low_w3"": 0.7390875116572829, ""low_d1"": 31.539330305703515, ""low_d2"": 19.0779265327098, ""low_d3"": 41.044076042792284, ""low_alpha3"": 0.24952353003615027}","{""pop_size"": 100, ""max_iter"": 50, ""w_max"": 0.9, ""w_min"": 0.4, ""c1"": 2, ""c2"": 2}"
1031,pso,weighted,10,random,-17561.9577297387,17561.9577297387,1286.32483863783,51,6792.19386600016,False,"{""high_w1"": 0.2760333583262499, ""high_w2"": 0.5758979633034059, ""high_w3"": 0.1439922033680623, ""high_d1"": 28.289696903929485, ""high_d2"": 31.824268693968698, ""high_d3"": 37.60596345426012, ""high_alpha3"": 0.6032955654133499, ""low_w1"": 0.4550003447763349, ""low_w2"": 0.5956860383095282, ""low_w3"": 0.47331173440557933, ""low_d1"": 42.770404824815245, ""low_d2"": 20.41701920869772, ""low_d3"": 25.302483580517812, ""low_alpha3"": 0.37540405963702295}","{""pop_size"": 100, ""max_iter"": 50, ""w_max"": 0.9, ""w_min"": 0.4, ""c1"": 2, ""c2"": 2}"
1032,pso,weighted,12,random,-12488.7628573313,12488.7628573313,4837.54193986838,51,6545.23665300076,False,"{""high_w1"": 0.45922148687519776, ""high_w2"": 0.73378816872257, ""high_w3"": 0.40054127188147454, ""high_d1"": 50.0, ""high_d2"": 50.0, ""high_d3"": 19.48034228880244, ""high_alpha3"": 0.6689757092361566, ""low_w1"": 0.5073216097613296, ""low_w2"": 0.607829532552417, ""low_w3"": 0.5781193701343142, ""low_d1"": 17.909554493380217, ""low_d2"": 13.297727133965758, ""low_d3"": 33.78769667561226, ""low_alpha3"": 0.48323739829602946}","{""pop_size"": 100, ""max_iter"": 50, ""w_max"": 0.9, ""w_min"": 0.4, ""c1"": 2, ""c2"": 2}"
1033,pso,weighted,13,random,-12503.1986369668,12503.1986369668,4425.95565497516,51,6604.63859500123,False,"{""high_w1"": 0.7117881498293084, ""high_w2"": 0.5303435339805915, ""high_w3"": 0.4788410945982487, ""high_d1"": 48.864400422058424, ""high_d2"": 44.53499418587977, ""high_d3"": 44.800299260633885, ""high_alpha3"": 0.8874643164127849, ""low_w1"": 0.5826872029082973, ""low_w2"": 0.9396159973923398, ""low_w3"": 0.750754540860183, ""low_d1"": 17.67251840913473, ""low_d2"": 13.494991425004361, ""low_d3"": 16.04302038980117, ""low_alpha3"": 0.6481823932182234}","{""pop_size"": 100, ""max_iter"": 50, ""w_max"": 0.9, ""w_min"": 0.4, ""c1"": 2, ""c2"": 2}"
1034,pso,weighted,14,random,-11562.3542966651,11562.3542966651,5099.37627387709,51,6552.42760500005,False,"{""high_w1"": 0.795763390657893, ""high_w2"": 0.6872513808450987, ""high_w3"": 0.6110917240001661, ""high_d1"": 45.9751441625683, ""high_d2"": 17.739266305206478, ""high_d3"": 17.98642601089185, ""high_alpha3"": 0.6837818907308142, ""low_w1"": 0.6261526015897434, ""low_w2"": 0.3617029648045808, ""low_w3"": 0.607497291042915, ""low_d1"": 14.775752323107888, ""low_d2"": 18.157940660782437, ""low_d3"": 25.63104719862527, ""low_alpha3"": 0.5680355424815252}","{""pop_size"": 100, ""max_iter"": 50, ""w_max"": 0.9, ""w_min"": 0.4, ""c1"": 2, ""c2"": 2}"
1035,pso,weighted,15,random,-11878.7717155688,11878.7717155688,4383.47964299168,51,6602.73039200001,False,"{""high_w1"": 0.345962609320017, ""high_w2"": 0.4942633335727964, ""high_w3"": 0.11073940180663823, ""high_d1"": 49.04888734276064, ""high_d2"": 29.383404393258445, ""high_d3"": 38.41560940481651, ""high_alpha3"": 0.9366726970630759, ""low_w1"": 0.5038016954341189, ""low_w2"": 0.7367115096250252, ""low_w3"": 0.31698820027893115, ""low_d1"": 9.737895721189513, ""low_d2"": 18.474964210495962, ""low_d3"": 41.010365254892214, ""low_alpha3"": 0.6155850870160683}","{""pop_size"": 100, ""max_iter"": 50, ""w_max"": 0.9, ""w_min"": 0.4, ""c1"": 2, ""c2"": 2}"
1036,pso,weighted,16,random,-10773.0329648916,10773.0329648916,4128.26735939247,51,6598.26678700119,False,"{""high_w1"": 0.797809382987508, ""high_w2"": 0.5491283627367971, ""high_w3"": 0.5519792533366816, ""high_d1"": 50.0, ""high_d2"": 39.67560419463666, ""high_d3"": 14.46415357717988, ""high_alpha3"": 0.34238424333594336, ""low_w1"": 0.6599960127941058, ""low_w2"": 0.5742860059856169, ""low_w3"": 0.7816427128929616, ""low_d1"": 15.135354300555525, ""low_d2"": 15.758857934731148, ""low_d3"": 31.23473241047083, ""low_alpha3"": 0.38200333529270364}","{""pop_size"": 100, ""max_iter"": 50, ""w_max"": 0.9, ""w_min"": 0.4, ""c1"": 2, ""c2"": 2}"
1037,pso,weighted,17,random,-12717.6579768574,12717.6579768574,4378.81501799513,51,6615.14545499995,False,"{""high_w1"": 0.5648051487038965, ""high_w2"": 0.5336713846704814, ""high_w3"": 0.4846808795887249, ""high_d1"": 43.266815056700906, ""high_d2"": 27.317566277477006, ""high_d3"": 28.13722604688919, ""high_alpha3"": 0.4606556891766287, ""low_w1"": 0.5161646998028517, ""low_w2"": 0.4957823307104905, ""low_w3"": 0.6729492226302894, ""low_d1"": 8.784126469694492, ""low_d2"": 22.64424863706472, ""low_d3"": 36.222803975360264, ""low_alpha3"": 0.30087886416454285}","{""pop_size"": 100, ""max_iter"": 50, ""w_max"": 0.9, ""w_min"": 0.4, ""c1"": 2, ""c2"": 2}"
1038,pso,weighted,18,random,-13367.494958201,13367.494958201,4367.12655121513,51,6552.46598300073,False,"{""high_w1"": 0.510324520679695, ""high_w2"": 0.2533032201595278, ""high_w3"": 0.20928174972315178, ""high_d1"": 45.551309955030526, ""high_d2"": 12.797983512679291, ""high_d3"": 11.902102748810991, ""high_alpha3"": 0.3966614766047885, ""low_w1"": 0.07608371905655345, ""low_w2"": 0.473000093585741, ""low_w3"": 0.8722277828625773, ""low_d1"": 42.08464670862353, ""low_d2"": 15.548778471118199, ""low_d3"": 36.94389930438306, ""low_alpha3"": 0.2290765362199857}","{""pop_size"": 100, ""max_iter"": 50, ""w_max"": 0.9, ""w_min"": 0.4, ""c1"": 2, ""c2"": 2}"
1039,pso,weighted,19,random,-11984.2877160989,11984.2877160989,4856.44725328068,51,6690.99279199872,False,"{""high_w1"": 0.48811753778058925, ""high_w2"": 0.35260210409594467, ""high_w3"": 0.26550178295596544, ""high_d1"": 47.958099487493776, ""high_d2"": 33.28680721786179, ""high_d3"": 32.61846921042847, ""high_alpha3"": 0.4731642737367604, ""low_w1"": 0.20953631281361096, ""low_w2"": 0.636205269655808, ""low_w3"": 0.3613010404400172, ""low_d1"": 21.681345706318417, ""low_d2"": 16.587698489722495, ""low_d3"": 33.64321343403397, ""low_alpha3"": 0.4643056737722659}","{""pop_size"": 100, ""max_iter"": 50, ""w_max"": 0.9, ""w_min"": 0.4, ""c1"": 2, ""c2"": 2}"
1040,pso,weighted,20,random,-11682.6752053004,11682.6752053004,4593.96856546574,51,6619.09913699856,False,"{""high_w1"": 0.5857939161631005, ""high_w2"": 0.38817586378859964, ""high_w3"": 0.4518485653922464, ""high_d1"": 49.28876467904215, ""high_d2"": 40.0557238592419, ""high_d3"": 30.205969613589577, ""high_alpha3"": 0.4042429655556735, ""low_w1"": 0.7002397717829514, ""low_w2"": 0.719245942312294, ""low_w3"": 0.7034664503459728, ""low_d1"": 16.700841620774398, ""low_d2"": 10.744912340090378, ""low_d3"": 24.69056216643846, ""low_alpha3"": 0.4868003154342698}","{""pop_size"": 100, ""max_iter"": 50, ""w_max"": 0.9, ""w_min"": 0.4, ""c1"": 2, ""c2"": 2}"
1041,pso,weighted,21,random,-16951.4030367466,16951.4030367466,1969.05873612185,51,6850.32198800036,False,"{""high_w1"": 0.6409546531666355, ""high_w2"": 0.3192119895089743, ""high_w3"": 0.6032971220788809, ""high_d1"": 28.80086876102515, ""high_d2"": 39.503884896694565, ""high_d3"": 21.807310394599494, ""high_alpha3"": 0.08239432992507487, ""low_w1"": 0.5808557988045028, ""low_w2"": 0.6201407436459202, ""low_w3"": 0.5421526242483662, ""low_d1"": 40.02238180695667, ""low_d2"": 23.939710919352976, ""low_d3"": 39.98478807345683, ""low_alpha3"": 0.17047145416808082}","{""pop_size"": 100, ""max_iter"": 50, ""w_max"": 0.9, ""w_min"": 0.4, ""c1"": 2, ""c2"": 2}"
1042,pso,weighted,22,random,-12806.231018905,12806.231018905,4761.62417604054,51,6729.01525599991,False,"{""high_w1"": 0.9175399224022428, ""high_w2"": 0.6510582523322086, ""high_w3"": 0.2120664322836916, ""high_d1"": 46.66852414978076, ""high_d2"": 46.04940473558051, ""high_d3"": 33.24642196174171, ""high_alpha3"": 0.4720817678045429, ""low_w1"": 0.6947794692213195, ""low_w2"": 0.6248175349310278, ""low_w3"": 0.7364349794285807, ""low_d1"": 39.47858482245447, ""low_d2"": 18.288164350099265, ""low_d3"": 39.35132215808917, ""low_alpha3"": 0.1708648701583882}","{""pop_size"": 100, ""max_iter"": 50, ""w_max"": 0.9, ""w_min"": 0.4, ""c1"": 2, ""c2"": 2}"
1043,pso,weighted,23,random,-15524.0380053785,15524.0380053785,1547.4904932681,51,6734.31320700001,False,"{""high_w1"": 0.6036696828603303, ""high_w2"": 0.5584119251425059, ""high_w3"": 0.5554420628664601, ""high_d1"": 29.785413753679382, ""high_d2"": 33.766917952170985, ""high_d3"": 27.167024235245485, ""high_alpha3"": 0.05917801835531706, ""low_w1"": 0.6743366861455321, ""low_w2"": 0.3230983489991215, ""low_w3"": 0.6887668114626547, ""low_d1"": 42.53770613356551, ""low_d2"": 14.499266188277073, ""low_d3"": 15.89855768285517, ""low_alpha3"": 0.1805356896968487}","{""pop_size"": 100, ""max_iter"": 50, ""w_max"": 0.9, ""w_min"": 0.4, ""c1"": 2, ""c2"": 2}"
1044,abo,sma,0,random,-931.175318631482,931.175318631482,1153.51007806138,51,6030.25528499893,False,"{""short_window"": 46.773305564535164, ""long_window"": 200.0}","{""pop_size"": 100, ""max_iter"": 50, ""lp1"": 0.5, ""lp2"": 0.5, ""stagnation_limit"": 10}"
1045,pso,weighted,24,random,-12134.4205060616,12134.4205060616,4128.98464568884,51,6547.43084599977,False,"{""high_w1"": 0.4935253395492322, ""high_w2"": 0.2924985462083689, ""high_w3"": 0.5086005268877096, ""high_d1"": 44.90767255053798, ""high_d2"": 20.513567525549394, ""high_d3"": 21.391077826127802, ""high_alpha3"": 0.4957600691891294, ""low_w1"": 0.5386248368167885, ""low_w2"": 0.3686660479930156, ""low_w3"": 0.3915274838363344, ""low_d1"": 12.357678905285198, ""low_d2"": 16.647260932208678, ""low_d3"": 38.36565923305206, ""low_alpha3"": 0.6418396940290172}","{""pop_size"": 100, ""max_iter"": 50, ""w_max"": 0.9, ""w_min"": 0.4, ""c1"": 2, ""c2"": 2}"
1046,pso,weighted,26,random,-12899.2841596879,12899.2841596879,4631.70087058567,51,6566.0249370012,False,"{""high_w1"": 0.6684787474819074, ""high_w2"": 0.5237361093410975, ""high_w3"": 0.5579102230837784, ""high_d1"": 41.560706523489394, ""high_d2"": 29.353440419348253, ""high_d3"": 21.964637020356204, ""high_alpha3"": 0.5402204796226366, ""low_w1"": 0.6239071555125961, ""low_w2"": 0.3263526381173821, ""low_w3"": 0.40888656635412995, ""low_d1"": 15.3223560433425, ""low_d2"": 17.387027818187793, ""low_d3"": 22.61183093772557, ""low_alpha3"": 0.7841245664655314}","{""pop_size"": 100, ""max_iter"": 50, ""w_max"": 0.9, ""w_min"": 0.4, ""c1"": 2, ""c2"": 2}"
1047,pso,weighted,25,random,-11648.6798971405,11648.6798971405,4446.17740944597,51,6629.47622200045,False,"{""high_w1"": 0.5460043600365126, ""high_w2"": 0.518261008981294, ""high_w3"": 0.9194812406441412, ""high_d1"": 47.511711371884154, ""high_d2"": 31.39934267142555, ""high_d3"": 22.583603510236085, ""high_alpha3"": 0.6436949375995411, ""low_w1"": 0.271317463740925, ""low_w2"": 0.2642148652958318, ""low_w3"": 0.5149550551910289, ""low_d1"": 14.88631431756696, ""low_d2"": 22.22973980194083, ""low_d3"": 24.946604541914482, ""low_alpha3"": 0.559788317154023}","{""pop_size"": 100, ""max_iter"": 50, ""w_max"": 0.9, ""w_min"": 0.4, ""c1"": 2, ""c2"": 2}"
1048,pso,weighted,27,random,-11560.3184943264,11560.3184943264,5178.45205811793,51,6530.81517200008,False,"{""high_w1"": 0.7683073400141112, ""high_w2"": 0.16319087028412138, ""high_w3"": 0.330578139951483, ""high_d1"": 43.78121034082516, ""high_d2"": 24.92183569588704, ""high_d3"": 20.21528367022475, ""high_alpha3"": 0.29926598186539455, ""low_w1"": 0.40344922672647937, ""low_w2"": 0.15804513870772702, ""low_w3"": 0.535308870704317, ""low_d1"": 16.088781828377222, ""low_d2"": 14.439426302238287, ""low_d3"": 20.470204853162546, ""low_alpha3"": 0.2511743122003335}","{""pop_size"": 100, ""max_iter"": 50, ""w_max"": 0.9, ""w_min"": 0.4, ""c1"": 2, ""c2"": 2}"
1049,pso,weighted,28,random,-13408.4792204792,13408.4792204792,5965.43909129385,51,6550.07989600017,False,"{""high_w1"": 0.6730798381921744, ""high_w2"": 0.26881048121407725, ""high_w3"": 0.4413008575143602, ""high_d1"": 43.9707145590548, ""high_d2"": 23.659127106582737, ""high_d3"": 29.30578851152242, ""high_alpha3"": 0.7171563950092266, ""low_w1"": 0.5762380056471487, ""low_w2"": 0.5765834992648808, ""low_w3"": 0.8414431926268485, ""low_d1"": 11.931919826442861, ""low_d2"": 31.575610732695523, ""low_d3"": 17.704246482746484, ""low_alpha3"": 0.5753452525550007}","{""pop_size"": 100, ""max_iter"": 50, ""w_max"": 0.9, ""w_min"": 0.4, ""c1"": 2, ""c2"": 2}"
1050,abo,sma,1,random,-932.49722762536,932.49722762536,1180.27572148885,51,6083.5844079993,False,"{""short_window"": 48.73684851035135, ""long_window"": 196.9310787960478}","{""pop_size"": 100, ""max_iter"": 50, ""lp1"": 0.5, ""lp2"": 0.5, ""stagnation_limit"": 10}"
1051,abo,sma,2,random,-931.175318631482,931.175318631482,1153.51007806138,51,6180.34510899997,False,"{""short_window"": 46.53995077686403, ""long_window"": 200.0}","{""pop_size"": 100, ""max_iter"": 50, ""lp1"": 0.5, ""lp2"": 0.5, ""stagnation_limit"": 10}"
1052,pso,weighted,29,random,-11447.1267709098,11447.1267709098,5433.79727395629,51,6666.44285400071,False,"{""high_w1"": 1.0, ""high_w2"": 0.5981131177257505, ""high_w3"": 0.28975623905173065, ""high_d1"": 46.92186153568428, ""high_d2"": 30.171871422552808, ""high_d3"": 19.7834677312239, ""high_alpha3"": 0.5971754284438545, ""low_w1"": 0.7498436506350195, ""low_w2"": 0.8559835444693366, ""low_w3"": 0.3630956143702315, ""low_d1"": 17.20456958593452, ""low_d2"": 18.393086921192037, ""low_d3"": 40.93609142077372, ""low_alpha3"": 0.42565832706572126}","{""pop_size"": 100, ""max_iter"": 50, ""w_max"": 0.9, ""w_min"": 0.4, ""c1"": 2, ""c2"": 2}"
1053,abo,sma,3,random,-932.49722762536,932.49722762536,1180.27572148885,51,6081.17860399943,False,"{""short_window"": 48.791954690057096, ""long_window"": 197.12271994993966}","{""pop_size"": 100, ""max_iter"": 50, ""lp1"": 0.5, ""lp2"": 0.5, ""stagnation_limit"": 10}"
1054,abo,sma,4,random,-931.175318631482,931.175318631482,1153.51007806138,51,6112.31969000073,False,"{""short_window"": 46.58712090036903, ""long_window"": 200.0}","{""pop_size"": 100, ""max_iter"": 50, ""lp1"": 0.5, ""lp2"": 0.5, ""stagnation_limit"": 10}"
1055,abo,sma,5,random,-931.175318631482,931.175318631482,1153.51007806138,51,6180.49639200035,False,"{""short_window"": 46.903914578669344, ""long_window"": 200.0}","{""pop_size"": 100, ""max_iter"": 50, ""lp1"": 0.5, ""lp2"": 0.5, ""stagnation_limit"": 10}"
1056,abo,sma,6,random,-931.175318631482,931.175318631482,1153.51007806138,51,6100.14443399996,False,"{""short_window"": 47.203476320337245, ""long_window"": 200.0}","{""pop_size"": 100, ""max_iter"": 50, ""lp1"": 0.5, ""lp2"": 0.5, ""stagnation_limit"": 10}"
1057,abo,sma,7,random,-932.49722762536,932.49722762536,1180.27572148885,51,5935.66926399944,False,"{""short_window"": 49.03931125042003, ""long_window"": 197.44787780437696}","{""pop_size"": 100, ""max_iter"": 50, ""lp1"": 0.5, ""lp2"": 0.5, ""stagnation_limit"": 10}"
1058,abo,sma,9,random,-932.49722762536,932.49722762536,1180.27572148885,51,5919.43572700075,False,"{""short_window"": 48.83125772328417, ""long_window"": 197.0695714144768}","{""pop_size"": 100, ""max_iter"": 50, ""lp1"": 0.5, ""lp2"": 0.5, ""stagnation_limit"": 10}"
1059,abo,sma,10,random,-932.49722762536,932.49722762536,1180.27572148885,51,5934.14019800002,False,"{""short_window"": 49.13473612247701, ""long_window"": 197.49497462682484}","{""pop_size"": 100, ""max_iter"": 50, ""lp1"": 0.5, ""lp2"": 0.5, ""stagnation_limit"": 10}"
1060,abo,sma,8,random,-932.49722762536,932.49722762536,1180.27572148885,51,5996.04105899925,False,"{""short_window"": 48.99779194371109, ""long_window"": 196.9753217499956}","{""pop_size"": 100, ""max_iter"": 50, ""lp1"": 0.5, ""lp2"": 0.5, ""stagnation_limit"": 10}"
1061,abo,sma,11,random,-932.49722762536,932.49722762536,1180.27572148885,51,6091.98890900007,False,"{""short_window"": 49.326765940629905, ""long_window"": 197.48072731144316}","{""pop_size"": 100, ""max_iter"": 50, ""lp1"": 0.5, ""lp2"": 0.5, ""stagnation_limit"": 10}"
1062,abo,sma,12,random,-932.49722762536,932.49722762536,1180.27572148885,51,6121.49523799963,False,"{""short_window"": 48.82810968145013, ""long_window"": 197.3465588425887}","{""pop_size"": 100, ""max_iter"": 50, ""lp1"": 0.5, ""lp2"": 0.5, ""stagnation_limit"": 10}"
1063,abo,sma,13,random,-932.49722762536,932.49722762536,1180.27572148885,51,6118.23718499909,False,"{""short_window"": 49.36547063545176, ""long_window"": 197.3343082034724}","{""pop_size"": 100, ""max_iter"": 50, ""lp1"": 0.5, ""lp2"": 0.5, ""stagnation_limit"": 10}"
1064,abo,sma,14,random,-932.49722762536,932.49722762536,1180.27572148885,51,6114.44657599895,False,"{""short_window"": 49.02004328810464, ""long_window"": 197.3362579286017}","{""pop_size"": 100, ""max_iter"": 50, ""lp1"": 0.5, ""lp2"": 0.5, ""stagnation_limit"": 10}"
1065,abo,sma,15,random,-932.49722762536,932.49722762536,1180.27572148885,51,6106.66976399989,False,"{""short_window"": 48.803026660673105, ""long_window"": 196.88736259687406}","{""pop_size"": 100, ""max_iter"": 50, ""lp1"": 0.5, ""lp2"": 0.5, ""stagnation_limit"": 10}"
1066,abo,sma,16,random,-931.175318631482,931.175318631482,1153.51007806138,51,6124.6886659992,False,"{""short_window"": 47.23766234269792, ""long_window"": 200.0}","{""pop_size"": 100, ""max_iter"": 50, ""lp1"": 0.5, ""lp2"": 0.5, ""stagnation_limit"": 10}"
1067,abo,sma,17,random,-932.49722762536,932.49722762536,1180.27572148885,51,5988.39993699949,False,"{""short_window"": 48.78530900507134, ""long_window"": 196.80497744504598}","{""pop_size"": 100, ""max_iter"": 50, ""lp1"": 0.5, ""lp2"": 0.5, ""stagnation_limit"": 10}"
1068,abo,sma,19,random,-928.257250002846,928.257250002846,1126.93286508437,51,5952.40217399987,False,"{""short_window"": 48.30978756089333, ""long_window"": 198.2656662443465}","{""pop_size"": 100, ""max_iter"": 50, ""lp1"": 0.5, ""lp2"": 0.5, ""stagnation_limit"": 10}"
1069,abo,sma,18,random,-932.49722762536,932.49722762536,1180.27572148885,51,6098.8848220004,False,"{""short_window"": 48.88534964277986, ""long_window"": 196.96781556121124}","{""pop_size"": 100, ""max_iter"": 50, ""lp1"": 0.5, ""lp2"": 0.5, ""stagnation_limit"": 10}"
1070,abo,sma,20,random,-932.49722762536,932.49722762536,1180.27572148885,51,5981.87677600072,False,"{""short_window"": 48.87166939013072, ""long_window"": 197.09876089006767}","{""pop_size"": 100, ""max_iter"": 50, ""lp1"": 0.5, ""lp2"": 0.5, ""stagnation_limit"": 10}"
1071,abo,sma,22,random,-932.49722762536,932.49722762536,1180.27572148885,51,5992.55942800119,False,"{""short_window"": 48.524704088039094, ""long_window"": 196.8598493180593}","{""pop_size"": 100, ""max_iter"": 50, ""lp1"": 0.5, ""lp2"": 0.5, ""stagnation_limit"": 10}"
1072,abo,sma,21,random,-932.49722762536,932.49722762536,1180.27572148885,51,6109.16847199951,False,"{""short_window"": 49.0150270660594, ""long_window"": 197.4558821853137}","{""pop_size"": 100, ""max_iter"": 50, ""lp1"": 0.5, ""lp2"": 0.5, ""stagnation_limit"": 10}"
1073,abo,sma,24,random,-932.49722762536,932.49722762536,1180.27572148885,51,6018.90088899927,False,"{""short_window"": 48.708046318079646, ""long_window"": 196.80594171303835}","{""pop_size"": 100, ""max_iter"": 50, ""lp1"": 0.5, ""lp2"": 0.5, ""stagnation_limit"": 10}"
1074,abo,sma,23,random,-932.49722762536,932.49722762536,1180.27572148885,51,6092.64069799974,False,"{""short_window"": 48.6229500773816, ""long_window"": 197.46895942835596}","{""pop_size"": 100, ""max_iter"": 50, ""lp1"": 0.5, ""lp2"": 0.5, ""stagnation_limit"": 10}"
1075,abo,sma,26,random,-932.49722762536,932.49722762536,1180.27572148885,51,5955.82628400007,False,"{""short_window"": 49.17689096275505, ""long_window"": 197.19716691605507}","{""pop_size"": 100, ""max_iter"": 50, ""lp1"": 0.5, ""lp2"": 0.5, ""stagnation_limit"": 10}"
1076,abo,sma,25,random,-932.49722762536,932.49722762536,1180.27572148885,51,6030.85791500052,False,"{""short_window"": 48.84703240817681, ""long_window"": 197.06081639811612}","{""pop_size"": 100, ""max_iter"": 50, ""lp1"": 0.5, ""lp2"": 0.5, ""stagnation_limit"": 10}"
1077,abo,sma,27,random,-931.175318631482,931.175318631482,1153.51007806138,51,5944.53453300048,False,"{""short_window"": 47.02846441797357, ""long_window"": 200.0}","{""pop_size"": 100, ""max_iter"": 50, ""lp1"": 0.5, ""lp2"": 0.5, ""stagnation_limit"": 10}"
1078,abo,sma,29,random,-931.175318631482,931.175318631482,1153.51007806138,51,5998.79666099878,False,"{""short_window"": 46.73788966197692, ""long_window"": 200.0}","{""pop_size"": 100, ""max_iter"": 50, ""lp1"": 0.5, ""lp2"": 0.5, ""stagnation_limit"": 10}"
1079,abo,sma,28,random,-932.49722762536,932.49722762536,1180.27572148885,51,6136.42564000111,False,"{""short_window"": 48.51643348648667, ""long_window"": 197.16689118641668}","{""pop_size"": 100, ""max_iter"": 50, ""lp1"": 0.5, ""lp2"": 0.5, ""stagnation_limit"": 10}"
1080,abo,lma,0,random,-818.928633013523,818.928633013523,907.977723746608,51,5954.52610400025,False,"{""short_window"": 21.20307633652206, ""long_window"": 195.0828949249078}","{""pop_size"": 100, ""max_iter"": 50, ""lp1"": 0.5, ""lp2"": 0.5, ""stagnation_limit"": 10}"
1081,abo,lma,2,random,-800.109005668366,800.109005668366,487.740312063578,51,5898.76900899981,False,"{""short_window"": 35.263798707734836, ""long_window"": 55.99557574070313}","{""pop_size"": 100, ""max_iter"": 50, ""lp1"": 0.5, ""lp2"": 0.5, ""stagnation_limit"": 10}"
1082,abo,lma,3,random,-800.109005668366,800.109005668366,487.740312063578,51,5899.18597199903,False,"{""short_window"": 35.09832609949379, ""long_window"": 56.33488494896684}","{""pop_size"": 100, ""max_iter"": 50, ""lp1"": 0.5, ""lp2"": 0.5, ""stagnation_limit"": 10}"
1083,abo,lma,1,random,-818.928633013523,818.928633013523,907.977723746608,51,6068.06815299933,False,"{""short_window"": 20.954029420330635, ""long_window"": 194.52611673766606}","{""pop_size"": 100, ""max_iter"": 50, ""lp1"": 0.5, ""lp2"": 0.5, ""stagnation_limit"": 10}"
1084,abo,lma,4,random,-800.109005668366,800.109005668366,487.740312063578,51,5911.96423099973,False,"{""short_window"": 35.417646337264955, ""long_window"": 55.68562206424811}","{""pop_size"": 100, ""max_iter"": 50, ""lp1"": 0.5, ""lp2"": 0.5, ""stagnation_limit"": 10}"
1085,abo,lma,6,random,-818.928633013523,818.928633013523,907.977723746608,51,5980.51769199992,False,"{""short_window"": 20.569916762215698, ""long_window"": 194.61188152896943}","{""pop_size"": 100, ""max_iter"": 50, ""lp1"": 0.5, ""lp2"": 0.5, ""stagnation_limit"": 10}"
1086,abo,lma,5,random,-776.262974610292,776.262974610292,671.50931478053,51,6038.78292600166,False,"{""short_window"": 20.055711225249553, ""long_window"": 84.83502145328904}","{""pop_size"": 100, ""max_iter"": 50, ""lp1"": 0.5, ""lp2"": 0.5, ""stagnation_limit"": 10}"
1087,abo,lma,7,random,-800.109005668366,800.109005668366,487.740312063578,51,6034.32571299891,False,"{""short_window"": 34.55736583021216, ""long_window"": 56.105773286546594}","{""pop_size"": 100, ""max_iter"": 50, ""lp1"": 0.5, ""lp2"": 0.5, ""stagnation_limit"": 10}"
1088,abo,lma,9,random,-776.262974610292,776.262974610292,671.50931478053,51,6030.41445700001,False,"{""short_window"": 20.250217630298486, ""long_window"": 84.93168713018929}","{""pop_size"": 100, ""max_iter"": 50, ""lp1"": 0.5, ""lp2"": 0.5, ""stagnation_limit"": 10}"
1089,abo,lma,8,random,-818.928633013523,818.928633013523,907.977723746608,51,6130.811437999,False,"{""short_window"": 20.594790147384916, ""long_window"": 195.3362846112724}","{""pop_size"": 100, ""max_iter"": 50, ""lp1"": 0.5, ""lp2"": 0.5, ""stagnation_limit"": 10}"
1090,abo,lma,10,random,-818.928633013523,818.928633013523,907.977723746608,51,5836.935162999,False,"{""short_window"": 20.85778920982664, ""long_window"": 195.12050391016498}","{""pop_size"": 100, ""max_iter"": 50, ""lp1"": 0.5, ""lp2"": 0.5, ""stagnation_limit"": 10}"
1091,abo,lma,11,random,-800.109005668366,800.109005668366,487.740312063578,51,6043.49991900017,False,"{""short_window"": 35.48362524334587, ""long_window"": 56.49819810427311}","{""pop_size"": 100, ""max_iter"": 50, ""lp1"": 0.5, ""lp2"": 0.5, ""stagnation_limit"": 10}"
1092,abo,lma,13,random,-800.109005668366,800.109005668366,487.740312063578,51,6021.40302399857,False,"{""short_window"": 35.00350046823016, ""long_window"": 56.492109214528995}","{""pop_size"": 100, ""max_iter"": 50, ""lp1"": 0.5, ""lp2"": 0.5, ""stagnation_limit"": 10}"
1093,abo,lma,14,random,-818.928633013523,818.928633013523,907.977723746608,51,6000.36056099998,False,"{""short_window"": 20.87690483458924, ""long_window"": 195.47155820456106}","{""pop_size"": 100, ""max_iter"": 50, ""lp1"": 0.5, ""lp2"": 0.5, ""stagnation_limit"": 10}"
1094,abo,lma,12,random,-802.284901112691,802.284901112691,907.977723746608,51,6214.42956799911,False,"{""short_window"": 20.039738975334075, ""long_window"": 198.30555191109696}","{""pop_size"": 100, ""max_iter"": 50, ""lp1"": 0.5, ""lp2"": 0.5, ""stagnation_limit"": 10}"
1095,abo,lma,15,random,-818.928633013523,818.928633013523,907.977723746608,51,6056.0789780011,False,"{""short_window"": 21.15467009070619, ""long_window"": 194.9969583578664}","{""pop_size"": 100, ""max_iter"": 50, ""lp1"": 0.5, ""lp2"": 0.5, ""stagnation_limit"": 10}"
1096,abo,lma,16,random,-818.928633013523,818.928633013523,907.977723746608,51,5994.34615000064,False,"{""short_window"": 21.328046231889818, ""long_window"": 195.43403231718526}","{""pop_size"": 100, ""max_iter"": 50, ""lp1"": 0.5, ""lp2"": 0.5, ""stagnation_limit"": 10}"
1097,abo,lma,17,random,-776.262974610292,776.262974610292,671.50931478053,51,6026.08887400129,False,"{""short_window"": 19.95072137328593, ""long_window"": 84.99169598382304}","{""pop_size"": 100, ""max_iter"": 50, ""lp1"": 0.5, ""lp2"": 0.5, ""stagnation_limit"": 10}"
1098,abo,lma,18,random,-800.109005668366,800.109005668366,487.740312063578,51,6053.41198599854,False,"{""short_window"": 35.43899209935299, ""long_window"": 55.730935598304626}","{""pop_size"": 100, ""max_iter"": 50, ""lp1"": 0.5, ""lp2"": 0.5, ""stagnation_limit"": 10}"
1099,abo,lma,19,random,-776.262974610292,776.262974610292,671.50931478053,51,6043.78690700105,False,"{""short_window"": 20.431481265214025, ""long_window"": 84.60890678283532}","{""pop_size"": 100, ""max_iter"": 50, ""lp1"": 0.5, ""lp2"": 0.5, ""stagnation_limit"": 10}"
1100,abo,lma,20,random,-800.109005668366,800.109005668366,487.740312063578,51,5937.0294470009,False,"{""short_window"": 35.45188920609904, ""long_window"": 55.91556657246264}","{""pop_size"": 100, ""max_iter"": 50, ""lp1"": 0.5, ""lp2"": 0.5, ""stagnation_limit"": 10}"
1101,abo,lma,21,random,-818.928633013523,818.928633013523,907.977723746608,51,6048.11901699941,False,"{""short_window"": 21.009882813662855, ""long_window"": 195.18573162323472}","{""pop_size"": 100, ""max_iter"": 50, ""lp1"": 0.5, ""lp2"": 0.5, ""stagnation_limit"": 10}"
1102,abo,lma,22,random,-800.109005668366,800.109005668366,487.740312063578,51,6165.55617700033,False,"{""short_window"": 35.46671263769751, ""long_window"": 55.53758545767119}","{""pop_size"": 100, ""max_iter"": 50, ""lp1"": 0.5, ""lp2"": 0.5, ""stagnation_limit"": 10}"
1103,abo,lma,23,random,-776.262974610292,776.262974610292,671.50931478053,51,6049.23581599905,False,"{""short_window"": 19.79136457941422, ""long_window"": 84.87423186453321}","{""pop_size"": 100, ""max_iter"": 50, ""lp1"": 0.5, ""lp2"": 0.5, ""stagnation_limit"": 10}"
1104,abo,lma,24,random,-818.928633013523,818.928633013523,907.977723746608,51,5937.11810199966,False,"{""short_window"": 21.188629505543943, ""long_window"": 195.2723194045201}","{""pop_size"": 100, ""max_iter"": 50, ""lp1"": 0.5, ""lp2"": 0.5, ""stagnation_limit"": 10}"
1105,abo,lma,25,random,-818.928633013523,818.928633013523,907.977723746608,51,5994.76601899914,False,"{""short_window"": 20.592363971775917, ""long_window"": 195.38974084958147}","{""pop_size"": 100, ""max_iter"": 50, ""lp1"": 0.5, ""lp2"": 0.5, ""stagnation_limit"": 10}"
1106,abo,lma,26,random,-818.928633013523,818.928633013523,907.977723746608,51,6006.93747500009,False,"{""short_window"": 20.647532248993265, ""long_window"": 195.37087637917986}","{""pop_size"": 100, ""max_iter"": 50, ""lp1"": 0.5, ""lp2"": 0.5, ""stagnation_limit"": 10}"
1107,abo,lma,27,random,-818.928633013523,818.928633013523,907.977723746608,51,6005.99638499989,False,"{""short_window"": 20.62421864654811, ""long_window"": 195.1970353121297}","{""pop_size"": 100, ""max_iter"": 50, ""lp1"": 0.5, ""lp2"": 0.5, ""stagnation_limit"": 10}"
1108,abo,lma,28,random,-818.928633013523,818.928633013523,907.977723746608,51,6008.7099350003,False,"{""short_window"": 20.722429468526663, ""long_window"": 195.4412988353921}","{""pop_size"": 100, ""max_iter"": 50, ""lp1"": 0.5, ""lp2"": 0.5, ""stagnation_limit"": 10}"
1109,abo,lma,29,random,-818.928633013523,818.928633013523,907.977723746608,51,6108.85399900144,False,"{""short_window"": 21.23430557351554, ""long_window"": 195.33291098704208}","{""pop_size"": 100, ""max_iter"": 50, ""lp1"": 0.5, ""lp2"": 0.5, ""stagnation_limit"": 10}"
1110,abo,ema_shared,2,random,-44270.1194850148,44270.1194850148,4400.82075705884,51,6048.12767899966,False,"{""short_window"": 20.037548647556168, ""long_window"": 51.0, ""alpha"": 0.8807335509942198}","{""pop_size"": 100, ""max_iter"": 50, ""lp1"": 0.5, ""lp2"": 0.5, ""stagnation_limit"": 10}"
1111,abo,ema_shared,0,random,-73617.4291623232,73617.4291623232,1096.536201772,51,6256.17876899923,False,"{""short_window"": 27.504115746844914, ""long_window"": 130.7434892037255, ""alpha"": 0.7762484429183204}","{""pop_size"": 100, ""max_iter"": 50, ""lp1"": 0.5, ""lp2"": 0.5, ""stagnation_limit"": 10}"
1112,abo,ema_shared,1,random,-61222.0485064886,61222.0485064886,1577.71171534223,51,6273.16458799942,False,"{""short_window"": 43.273096079222306, ""long_window"": 163.51650919740555, ""alpha"": 0.7489753479441732}","{""pop_size"": 100, ""max_iter"": 50, ""lp1"": 0.5, ""lp2"": 0.5, ""stagnation_limit"": 10}"
1113,abo,ema_shared,3,random,-83105.883419465,83105.883419465,1000,51,6322.64576200032,False,"{""short_window"": 42.246448139922286, ""long_window"": 136.93289449710602, ""alpha"": 0.6339187252951402}","{""pop_size"": 100, ""max_iter"": 50, ""lp1"": 0.5, ""lp2"": 0.5, ""stagnation_limit"": 10}"
1114,abo,ema_shared,4,random,-103050.138117571,103050.138117571,5515.30237859966,51,6243.37767100042,False,"{""short_window"": 34.03446051346507, ""long_window"": 65.16738730338278, ""alpha"": 0.7472681724296815}","{""pop_size"": 100, ""max_iter"": 50, ""lp1"": 0.5, ""lp2"": 0.5, ""stagnation_limit"": 10}"
1115,abo,ema_shared,5,random,-78900.5497129775,78900.5497129775,1000,51,6295.48428199996,False,"{""short_window"": 49.12801116664835, ""long_window"": 106.4071490531253, ""alpha"": 0.7705173403407491}","{""pop_size"": 100, ""max_iter"": 50, ""lp1"": 0.5, ""lp2"": 0.5, ""stagnation_limit"": 10}"
1116,abo,ema_shared,7,random,-73396.5039451628,73396.5039451628,5193.5731717103,51,6111.47338000046,False,"{""short_window"": 38.16340898648256, ""long_window"": 141.44218732744764, ""alpha"": 0.6813429317304517}","{""pop_size"": 100, ""max_iter"": 50, ""lp1"": 0.5, ""lp2"": 0.5, ""stagnation_limit"": 10}"
1117,abo,ema_shared,9,random,-88261.8699271767,88261.8699271767,4361.89341763727,51,6030.84686800139,False,"{""short_window"": 26.66019020767608, ""long_window"": 75.94574842712166, ""alpha"": 0.8692869338234318}","{""pop_size"": 100, ""max_iter"": 50, ""lp1"": 0.5, ""lp2"": 0.5, ""stagnation_limit"": 10}"
1118,abo,ema_shared,6,random,-61669.5721820767,61669.5721820767,7795.07280148553,51,6388.55760499973,False,"{""short_window"": 46.08684784189054, ""long_window"": 188.82429319614468, ""alpha"": 0.6203809768501807}","{""pop_size"": 100, ""max_iter"": 50, ""lp1"": 0.5, ""lp2"": 0.5, ""stagnation_limit"": 10}"
1119,abo,ema_shared,10,random,-42715.7082923317,42715.7082923317,1000,51,6180.79669399958,False,"{""short_window"": 24.255817508990603, ""long_window"": 67.44311210053975, ""alpha"": 0.858394218265493}","{""pop_size"": 100, ""max_iter"": 50, ""lp1"": 0.5, ""lp2"": 0.5, ""stagnation_limit"": 10}"
1120,abo,ema_shared,8,random,-44292.3459432677,44292.3459432677,1000,51,6371.36949399974,False,"{""short_window"": 28.903277177115896, ""long_window"": 134.1141929770494, ""alpha"": 0.7662171184787911}","{""pop_size"": 100, ""max_iter"": 50, ""lp1"": 0.5, ""lp2"": 0.5, ""stagnation_limit"": 10}"
1121,abo,ema_shared,11,random,-73038.756172019,73038.756172019,3051.40534866516,51,6035.85727100108,False,"{""short_window"": 42.78116534541547, ""long_window"": 96.32818966055656, ""alpha"": 0.6510723155128162}","{""pop_size"": 100, ""max_iter"": 50, ""lp1"": 0.5, ""lp2"": 0.5, ""stagnation_limit"": 10}"
1122,abo,ema_shared,12,random,-90972.4045714547,90972.4045714547,1000,51,6168.8593279996,False,"{""short_window"": 41.983451583348085, ""long_window"": 64.78363945741634, ""alpha"": 0.7383617555158088}","{""pop_size"": 100, ""max_iter"": 50, ""lp1"": 0.5, ""lp2"": 0.5, ""stagnation_limit"": 10}"
1123,abo,ema_shared,13,random,-131595.069400178,131595.069400178,1000,51,6096.43363299983,False,"{""short_window"": 35.49239828722638, ""long_window"": 119.72744781248898, ""alpha"": 0.8514742900341941}","{""pop_size"": 100, ""max_iter"": 50, ""lp1"": 0.5, ""lp2"": 0.5, ""stagnation_limit"": 10}"
1124,abo,ema_shared,14,random,-76429.2695688303,76429.2695688303,5906.32581381793,51,6095.00940999897,False,"{""short_window"": 38.260686749764076, ""long_window"": 108.93587683144551, ""alpha"": 0.7367650056991264}","{""pop_size"": 100, ""max_iter"": 50, ""lp1"": 0.5, ""lp2"": 0.5, ""stagnation_limit"": 10}"
1125,abo,ema_shared,15,random,-61301.259064878,61301.259064878,860.468175171476,51,6110.90914300075,False,"{""short_window"": 42.661616364509825, ""long_window"": 112.26036128248477, ""alpha"": 0.5841865587297747}","{""pop_size"": 100, ""max_iter"": 50, ""lp1"": 0.5, ""lp2"": 0.5, ""stagnation_limit"": 10}"
1126,abo,ema_shared,16,random,-53064.232026875,53064.232026875,5290.9417029946,51,6249.12512300034,False,"{""short_window"": 35.55813853052766, ""long_window"": 51.0, ""alpha"": 0.7164105995573053}","{""pop_size"": 100, ""max_iter"": 50, ""lp1"": 0.5, ""lp2"": 0.5, ""stagnation_limit"": 10}"
1127,abo,ema_shared,17,random,-68369.9241610826,68369.9241610826,554.472702908502,51,6352.106362001,False,"{""short_window"": 36.34964132131241, ""long_window"": 114.1577269904989, ""alpha"": 0.6448759603109684}","{""pop_size"": 100, ""max_iter"": 50, ""lp1"": 0.5, ""lp2"": 0.5, ""stagnation_limit"": 10}"
1128,abo,ema_shared,19,random,-50755.3427700762,50755.3427700762,851.290297840014,51,6158.94342899992,False,"{""short_window"": 34.81254735397009, ""long_window"": 107.5237247972048, ""alpha"": 0.7536813159895965}","{""pop_size"": 100, ""max_iter"": 50, ""lp1"": 0.5, ""lp2"": 0.5, ""stagnation_limit"": 10}"
1129,abo,ema_shared,18,random,-61035.4751203242,61035.4751203242,1000,51,6426.24515100033,False,"{""short_window"": 17.95037172311958, ""long_window"": 177.48961614318463, ""alpha"": 0.9084527518444401}","{""pop_size"": 100, ""max_iter"": 50, ""lp1"": 0.5, ""lp2"": 0.5, ""stagnation_limit"": 10}"
1130,abo,ema_shared,22,random,-45269.7902216077,45269.7902216077,2514.26959560991,51,6217.96614800041,False,"{""short_window"": 39.51729065367604, ""long_window"": 74.61455819056502, ""alpha"": 0.6380185880235341}","{""pop_size"": 100, ""max_iter"": 50, ""lp1"": 0.5, ""lp2"": 0.5, ""stagnation_limit"": 10}"
1131,abo,ema_shared,20,random,-64166.051167195,64166.051167195,1004.65771063846,51,6361.97863699999,False,"{""short_window"": 39.718825897995224, ""long_window"": 180.281446835432, ""alpha"": 0.5713776306868377}","{""pop_size"": 100, ""max_iter"": 50, ""lp1"": 0.5, ""lp2"": 0.5, ""stagnation_limit"": 10}"
1132,abo,ema_shared,21,random,-60906.811302284,60906.811302284,4346.77106908668,51,6367.67449499894,False,"{""short_window"": 46.21836113174301, ""long_window"": 156.78229607942654, ""alpha"": 0.7495537386363491}","{""pop_size"": 100, ""max_iter"": 50, ""lp1"": 0.5, ""lp2"": 0.5, ""stagnation_limit"": 10}"
1133,abo,ema_shared,23,random,-48913.6787275458,48913.6787275458,1024.59291224029,51,6191.66630200016,False,"{""short_window"": 42.59467832474223, ""long_window"": 156.4951827490874, ""alpha"": 0.6038855806889627}","{""pop_size"": 100, ""max_iter"": 50, ""lp1"": 0.5, ""lp2"": 0.5, ""stagnation_limit"": 10}"
1134,abo,ema_shared,25,random,-87228.8403773195,87228.8403773195,2495.97838148189,51,6182.84670100002,False,"{""short_window"": 50.0, ""long_window"": 121.28736235479585, ""alpha"": 0.5658497249293457}","{""pop_size"": 100, ""max_iter"": 50, ""lp1"": 0.5, ""lp2"": 0.5, ""stagnation_limit"": 10}"
1135,abo,ema_shared,24,random,-101509.557018037,101509.557018037,815.004416461404,51,6344.99218099882,False,"{""short_window"": 35.20111576037352, ""long_window"": 116.01767979534588, ""alpha"": 0.7449189715808155}","{""pop_size"": 100, ""max_iter"": 50, ""lp1"": 0.5, ""lp2"": 0.5, ""stagnation_limit"": 10}"
1136,abo,ema_shared,26,random,-71904.0405727678,71904.0405727678,691.882090901986,51,6262.24256900059,False,"{""short_window"": 27.15374833318066, ""long_window"": 127.60496642274003, ""alpha"": 0.8041343686187976}","{""pop_size"": 100, ""max_iter"": 50, ""lp1"": 0.5, ""lp2"": 0.5, ""stagnation_limit"": 10}"
1137,abo,ema_shared,27,random,-78128.9068048448,78128.9068048448,698.019179697445,51,6348.08634900037,False,"{""short_window"": 36.180675142590175, ""long_window"": 194.939822476475, ""alpha"": 0.75978146827576}","{""pop_size"": 100, ""max_iter"": 50, ""lp1"": 0.5, ""lp2"": 0.5, ""stagnation_limit"": 10}"
1138,abo,ema_shared,28,random,-53012.119443962,53012.119443962,1193.72362424921,51,6251.51202800043,False,"{""short_window"": 44.25610962080359, ""long_window"": 150.74434388116458, ""alpha"": 0.5593703521089091}","{""pop_size"": 100, ""max_iter"": 50, ""lp1"": 0.5, ""lp2"": 0.5, ""stagnation_limit"": 10}"
1139,abo,ema_shared,29,random,-200371.415733053,200371.415733053,4004.76364802648,51,6116.06045799999,False,"{""short_window"": 34.84187566035425, ""long_window"": 200.0, ""alpha"": 0.7347344337430738}","{""pop_size"": 100, ""max_iter"": 50, ""lp1"": 0.5, ""lp2"": 0.5, ""stagnation_limit"": 10}"
1140,abo,ema_independent,1,random,-9581.79052848471,9581.79052848471,858.145810392754,51,5869.20009599999,False,"{""short_window"": 27.20936200680401, ""long_window"": 51.057272798165734, ""alpha_short"": 1e-06, ""alpha_long"": 0.08002239508575923}","{""pop_size"": 100, ""max_iter"": 50, ""lp1"": 0.5, ""lp2"": 0.5, ""stagnation_limit"": 10}"
1141,abo,ema_independent,2,random,-9581.79052848471,9581.79052848471,858.145810392754,51,5854.14205300003,False,"{""short_window"": 26.73483931847202, ""long_window"": 51.0, ""alpha_short"": 1e-06, ""alpha_long"": 0.08001986526840339}","{""pop_size"": 100, ""max_iter"": 50, ""lp1"": 0.5, ""lp2"": 0.5, ""stagnation_limit"": 10}"
1142,abo,ema_independent,0,random,-11075.5219776395,11075.5219776395,1300.24334216406,51,6234.60569099916,False,"{""short_window"": 28.460840318276574, ""long_window"": 84.16944742390174, ""alpha_short"": 1e-06, ""alpha_long"": 0.07567802710529287}","{""pop_size"": 100, ""max_iter"": 50, ""lp1"": 0.5, ""lp2"": 0.5, ""stagnation_limit"": 10}"
1143,abo,ema_independent,3,random,-8313.68195110739,8313.68195110739,1368.95011203599,51,5931.93264399997,False,"{""short_window"": 29.33159454554519, ""long_window"": 51.0, ""alpha_short"": 0.0074424929371213824, ""alpha_long"": 0.07236189936557516}","{""pop_size"": 100, ""max_iter"": 50, ""lp1"": 0.5, ""lp2"": 0.5, ""stagnation_limit"": 10}"
1144,abo,ema_independent,4,random,-9581.79052848471,9581.79052848471,858.145810392754,51,5973.66981300002,False,"{""short_window"": 26.816449883728524, ""long_window"": 51.0, ""alpha_short"": 1e-06, ""alpha_long"": 0.08001408371719645}","{""pop_size"": 100, ""max_iter"": 50, ""lp1"": 0.5, ""lp2"": 0.5, ""stagnation_limit"": 10}"
1145,abo,ema_independent,5,random,-9581.79052848471,9581.79052848471,858.145810392754,51,6076.01573799911,False,"{""short_window"": 27.170058303473354, ""long_window"": 51.0, ""alpha_short"": 1e-06, ""alpha_long"": 0.07999424892595643}","{""pop_size"": 100, ""max_iter"": 50, ""lp1"": 0.5, ""lp2"": 0.5, ""stagnation_limit"": 10}"
1146,abo,ema_independent,6,random,-13103.1797607754,13103.1797607754,1246.72853839676,51,6122.10985599995,False,"{""short_window"": 28.748098897718798, ""long_window"": 87.46753528492798, ""alpha_short"": 0.00994757487276861, ""alpha_long"": 0.07741383326048587}","{""pop_size"": 100, ""max_iter"": 50, ""lp1"": 0.5, ""lp2"": 0.5, ""stagnation_limit"": 10}"
1147,abo,ema_independent,7,random,-9581.79052848471,9581.79052848471,858.145810392754,51,6126.27344600151,False,"{""short_window"": 27.422858083078555, ""long_window"": 51.0, ""alpha_short"": 1e-06, ""alpha_long"": 0.08001146539060883}","{""pop_size"": 100, ""max_iter"": 50, ""lp1"": 0.5, ""lp2"": 0.5, ""stagnation_limit"": 10}"
1148,abo,ema_independent,9,random,-5967.63584005941,5967.63584005941,1067.6022062527,51,6009.45481800045,False,"{""short_window"": 26.03764694365347, ""long_window"": 51.0, ""alpha_short"": 1e-06, ""alpha_long"": 0.08679456250700235}","{""pop_size"": 100, ""max_iter"": 50, ""lp1"": 0.5, ""lp2"": 0.5, ""stagnation_limit"": 10}"
1149,abo,ema_independent,10,random,-12859.255677454,12859.255677454,1367.89901832341,51,5908.02664900002,False,"{""short_window"": 28.993932203002743, ""long_window"": 85.86842836329568, ""alpha_short"": 0.008517214602354075, ""alpha_long"": 0.07599466901702913}","{""pop_size"": 100, ""max_iter"": 50, ""lp1"": 0.5, ""lp2"": 0.5, ""stagnation_limit"": 10}"
1150,abo,ema_independent,8,random,-10767.1693771256,10767.1693771256,1163.22948986108,51,6334.24564900088,False,"{""short_window"": 27.886425428264246, ""long_window"": 113.99080557822927, ""alpha_short"": 1e-06, ""alpha_long"": 0.07626487360004508}","{""pop_size"": 100, ""max_iter"": 50, ""lp1"": 0.5, ""lp2"": 0.5, ""stagnation_limit"": 10}"
1151,abo,ema_independent,11,random,-9181.12517838385,9181.12517838385,1329.03639981612,51,6266.35076800085,False,"{""short_window"": 26.46284960936711, ""long_window"": 153.36063459422206, ""alpha_short"": 1e-06, ""alpha_long"": 0.09099982142560342}","{""pop_size"": 100, ""max_iter"": 50, ""lp1"": 0.5, ""lp2"": 0.5, ""stagnation_limit"": 10}"
1152,abo,ema_independent,14,random,-13126.2729751582,13126.2729751582,1313.58740223195,51,6037.51178700077,False,"{""short_window"": 28.627140315555096, ""long_window"": 120.6430063117177, ""alpha_short"": 0.012025901077487813, ""alpha_long"": 0.07810650435707547}","{""pop_size"": 100, ""max_iter"": 50, ""lp1"": 0.5, ""lp2"": 0.5, ""stagnation_limit"": 10}"
1153,abo,ema_independent,13,random,-11075.5219776395,11075.5219776395,1483.79779400068,51,6124.0344529997,False,"{""short_window"": 27.810573685490137, ""long_window"": 93.93828793563245, ""alpha_short"": 1e-06, ""alpha_long"": 0.07602469432017853}","{""pop_size"": 100, ""max_iter"": 50, ""lp1"": 0.5, ""lp2"": 0.5, ""stagnation_limit"": 10}"
1154,abo,ema_independent,12,random,-10783.9571075346,10783.9571075346,1253.63514067602,51,6226.99096299948,False,"{""short_window"": 27.81359439690793, ""long_window"": 76.66729757819508, ""alpha_short"": 1e-06, ""alpha_long"": 0.07696496399081607}","{""pop_size"": 100, ""max_iter"": 50, ""lp1"": 0.5, ""lp2"": 0.5, ""stagnation_limit"": 10}"
1155,abo,ema_independent,16,random,-9581.79052848471,9581.79052848471,858.145810392754,51,6064.08914199892,False,"{""short_window"": 27.12345617134258, ""long_window"": 51.0, ""alpha_short"": 1e-06, ""alpha_long"": 0.08000548729571691}","{""pop_size"": 100, ""max_iter"": 50, ""lp1"": 0.5, ""lp2"": 0.5, ""stagnation_limit"": 10}"
1156,abo,ema_independent,15,random,-11840.3452459298,11840.3452459298,4296.9696617001,51,6206.31597200008,False,"{""short_window"": 45.882096905410876, ""long_window"": 81.79387476029375, ""alpha_short"": 0.0007573130380916542, ""alpha_long"": 0.148073550337109}","{""pop_size"": 100, ""max_iter"": 50, ""lp1"": 0.5, ""lp2"": 0.5, ""stagnation_limit"": 10}"
1157,abo,ema_independent,17,random,-8480.10190564368,8480.10190564368,1890.8166856916,51,6081.48412499941,False,"{""short_window"": 28.648518436037165, ""long_window"": 132.80875094646564, ""alpha_short"": 0.07538236870440115, ""alpha_long"": 0.10618901832659541}","{""pop_size"": 100, ""max_iter"": 50, ""lp1"": 0.5, ""lp2"": 0.5, ""stagnation_limit"": 10}"
1158,abo,ema_independent,18,random,-13212.532211848,13212.532211848,1295.31106984554,51,6038.96826799974,False,"{""short_window"": 28.53203894499743, ""long_window"": 158.47396485366153, ""alpha_short"": 0.011546397436438056, ""alpha_long"": 0.07789065334552694}","{""pop_size"": 100, ""max_iter"": 50, ""lp1"": 0.5, ""lp2"": 0.5, ""stagnation_limit"": 10}"
1159,abo,ema_independent,19,random,-9581.79052848471,9581.79052848471,858.145810392754,51,6086.2163490001,False,"{""short_window"": 27.114744926200167, ""long_window"": 51.0, ""alpha_short"": 1e-06, ""alpha_long"": 0.080011906935728}","{""pop_size"": 100, ""max_iter"": 50, ""lp1"": 0.5, ""lp2"": 0.5, ""stagnation_limit"": 10}"
1160,abo,ema_independent,21,random,-12063.0660387378,12063.0660387378,1433.38935920121,51,5991.64086400015,False,"{""short_window"": 29.161115667615324, ""long_window"": 110.84822958271045, ""alpha_short"": 0.008562724698963613, ""alpha_long"": 0.07676794969019789}","{""pop_size"": 100, ""max_iter"": 50, ""lp1"": 0.5, ""lp2"": 0.5, ""stagnation_limit"": 10}"
1161,abo,ema_independent,22,random,-11840.3452459298,11840.3452459298,4296.9696617001,51,6059.51321900102,False,"{""short_window"": 46.112725791682365, ""long_window"": 135.67147219488373, ""alpha_short"": 1e-06, ""alpha_long"": 0.14982632618575054}","{""pop_size"": 100, ""max_iter"": 50, ""lp1"": 0.5, ""lp2"": 0.5, ""stagnation_limit"": 10}"
1162,abo,ema_independent,20,random,-11840.3452459298,11840.3452459298,4296.9696617001,51,6221.88680099862,False,"{""short_window"": 45.86101507803244, ""long_window"": 172.67872526627428, ""alpha_short"": 1e-06, ""alpha_long"": 0.1504809838585065}","{""pop_size"": 100, ""max_iter"": 50, ""lp1"": 0.5, ""lp2"": 0.5, ""stagnation_limit"": 10}"
1163,abo,ema_independent,23,random,-10480.0085697168,10480.0085697168,1362.32821802406,51,6272.37898699968,False,"{""short_window"": 28.410963893809395, ""long_window"": 128.90389854830897, ""alpha_short"": 0.0032750383710791367, ""alpha_long"": 0.07912514737283943}","{""pop_size"": 100, ""max_iter"": 50, ""lp1"": 0.5, ""lp2"": 0.5, ""stagnation_limit"": 10}"
1164,abo,ema_independent,25,random,-9581.79052848471,9581.79052848471,858.145810392754,51,5949.37598399883,False,"{""short_window"": 27.497380509959477, ""long_window"": 51.0, ""alpha_short"": 1e-06, ""alpha_long"": 0.08000042020400557}","{""pop_size"": 100, ""max_iter"": 50, ""lp1"": 0.5, ""lp2"": 0.5, ""stagnation_limit"": 10}"
1165,abo,ema_independent,24,random,-11840.3452459298,11840.3452459298,4296.9696617001,51,6164.86308899948,False,"{""short_window"": 46.05197632510074, ""long_window"": 98.66525935838638, ""alpha_short"": 0.0017276213462345115, ""alpha_long"": 0.14453024027455513}","{""pop_size"": 100, ""max_iter"": 50, ""lp1"": 0.5, ""lp2"": 0.5, ""stagnation_limit"": 10}"
1166,abo,ema_independent,26,random,-9581.79052848471,9581.79052848471,858.145810392754,51,6086.00711100007,False,"{""short_window"": 26.71240269564491, ""long_window"": 51.0, ""alpha_short"": 1e-06, ""alpha_long"": 0.08001808106864425}","{""pop_size"": 100, ""max_iter"": 50, ""lp1"": 0.5, ""lp2"": 0.5, ""stagnation_limit"": 10}"
1167,abo,ema_independent,27,random,-10767.1693771256,10767.1693771256,1163.22948986108,51,6015.70792500024,False,"{""short_window"": 28.191059138215373, ""long_window"": 126.14177042065225, ""alpha_short"": 0.00043475750164997896, ""alpha_long"": 0.07641175099280395}","{""pop_size"": 100, ""max_iter"": 50, ""lp1"": 0.5, ""lp2"": 0.5, ""stagnation_limit"": 10}"
1168,abo,ema_independent,28,random,-13103.1797607754,13103.1797607754,1337.31523255416,51,6092.27601000021,False,"{""short_window"": 28.743276203645635, ""long_window"": 90.22095628285035, ""alpha_short"": 0.009432977209859087, ""alpha_long"": 0.07703788032953919}","{""pop_size"": 100, ""max_iter"": 50, ""lp1"": 0.5, ""lp2"": 0.5, ""stagnation_limit"": 10}"
1169,abo,ema_independent,29,random,-9581.79052848471,9581.79052848471,858.145810392754,51,6075.19024599969,False,"{""short_window"": 27.238876228321715, ""long_window"": 51.0, ""alpha_short"": 1e-06, ""alpha_long"": 0.08001936954291763}","{""pop_size"": 100, ""max_iter"": 50, ""lp1"": 0.5, ""lp2"": 0.5, ""stagnation_limit"": 10}"
1170,abo,weighted,1,random,-11232.3096343481,11232.3096343481,4033.30085805437,51,6772.98122100001,False,"{""high_w1"": 0.19887360244064725, ""high_w2"": 0.6498220639294139, ""high_w3"": 0.0, ""high_d1"": 19.76514556388718, ""high_d2"": 40.485075472283796, ""high_d3"": 9.310324327400394, ""high_alpha3"": 0.21116456346863077, ""low_w1"": 0.06456049123340125, ""low_w2"": 0.0009535439147852208, ""low_w3"": 0.5343558321666042, ""low_d1"": 7.924278230418593, ""low_d2"": 11.4973107669257, ""low_d3"": 19.078765250596636, ""low_alpha3"": 0.02763283753936474}","{""pop_size"": 100, ""max_iter"": 50, ""lp1"": 0.5, ""lp2"": 0.5, ""stagnation_limit"": 10}"
1171,abo,weighted,0,random,-14081.5780055319,14081.5780055319,4863.26920567337,51,6938.90117600131,False,"{""high_w1"": 0.5780384820583252, ""high_w2"": 0.5540350008510521, ""high_w3"": 0.08996713017061361, ""high_d1"": 44.529652240977796, ""high_d2"": 32.47048653573691, ""high_d3"": 14.489555275971908, ""high_alpha3"": 0.7853708856386299, ""low_w1"": 0.47451540494456645, ""low_w2"": 0.9248499094683884, ""low_w3"": 0.1795645683459144, ""low_d1"": 30.24759831144855, ""low_d2"": 18.36784628521545, ""low_d3"": 18.149174382649694, ""low_alpha3"": 0.5411803085499716}","{""pop_size"": 100, ""max_iter"": 50, ""lp1"": 0.5, ""lp2"": 0.5, ""stagnation_limit"": 10}"
1172,abo,weighted,2,random,-11297.3718321803,11297.3718321803,4762.97134452844,51,6981.15047099964,False,"{""high_w1"": 0.5169363653000243, ""high_w2"": 0.2788377513201816, ""high_w3"": 0.9308779502708805, ""high_d1"": 44.12276600265774, ""high_d2"": 41.80507678257747, ""high_d3"": 47.96798492510109, ""high_alpha3"": 0.01, ""low_w1"": 0.45357169359323535, ""low_w2"": 0.9616572279906563, ""low_w3"": 0.052639725623152014, ""low_d1"": 7.395090975141054, ""low_d2"": 24.98540336999578, ""low_d3"": 35.16937162031209, ""low_alpha3"": 0.2642278755643286}","{""pop_size"": 100, ""max_iter"": 50, ""lp1"": 0.5, ""lp2"": 0.5, ""stagnation_limit"": 10}"
1173,abo,weighted,3,random,-12446.2124158249,12446.2124158249,3829.12996552589,51,6999.28255399937,False,"{""high_w1"": 0.8806213022404217, ""high_w2"": 0.1954938578019243, ""high_w3"": 0.6312357279641466, ""high_d1"": 36.48920739345584, ""high_d2"": 38.00562183038055, ""high_d3"": 20.76881438821282, ""high_alpha3"": 0.2691441039776784, ""low_w1"": 0.3918809486555275, ""low_w2"": 0.7490488583026077, ""low_w3"": 0.6769675660994923, ""low_d1"": 29.866724063733834, ""low_d2"": 19.839772057559188, ""low_d3"": 15.897168934272582, ""low_alpha3"": 0.2836713563184332}","{""pop_size"": 100, ""max_iter"": 50, ""lp1"": 0.5, ""lp2"": 0.5, ""stagnation_limit"": 10}"
1174,abo,weighted,4,random,-10825.187709876,10825.187709876,4851.66314836354,51,6951.87944800091,False,"{""high_w1"": 0.766052494119011, ""high_w2"": 0.36758772273288554, ""high_w3"": 0.49195232016589474, ""high_d1"": 46.82395882094636, ""high_d2"": 7.118298307506827, ""high_d3"": 17.83390783116824, ""high_alpha3"": 0.6313753839796088, ""low_w1"": 0.5853936256688699, ""low_w2"": 0.7219263935952376, ""low_w3"": 0.97153374054325, ""low_d1"": 10.614208034287593, ""low_d2"": 13.91042052163227, ""low_d3"": 42.47225654670626, ""low_alpha3"": 0.48290371636639773}","{""pop_size"": 100, ""max_iter"": 50, ""lp1"": 0.5, ""lp2"": 0.5, ""stagnation_limit"": 10}"
1175,abo,weighted,5,random,-13099.0895001865,13099.0895001865,5150.78283414722,51,7006.47753900012,False,"{""high_w1"": 0.6747415679446971, ""high_w2"": 0.38704343498797633, ""high_w3"": 0.5718042687509911, ""high_d1"": 44.86413980856982, ""high_d2"": 14.507958280492499, ""high_d3"": 42.99498405296967, ""high_alpha3"": 0.6344770119717462, ""low_w1"": 0.22015849833570367, ""low_w2"": 0.7887928786286259, ""low_w3"": 0.6366823153346545, ""low_d1"": 42.32693539055341, ""low_d2"": 15.829136204561951, ""low_d3"": 30.09513732859711, ""low_alpha3"": 0.5747253173944459}","{""pop_size"": 100, ""max_iter"": 50, ""lp1"": 0.5, ""lp2"": 0.5, ""stagnation_limit"": 10}"
1176,abo,weighted,6,random,-11421.6557849629,11421.6557849629,4170.21490260827,51,6915.4189819983,False,"{""high_w1"": 0.5739467795571055, ""high_w2"": 0.3193533399089762, ""high_w3"": 0.26794976447353736, ""high_d1"": 48.3138202782596, ""high_d2"": 30.487089009701492, ""high_d3"": 9.759316615572876, ""high_alpha3"": 0.5308453964821874, ""low_w1"": 0.2937283540979938, ""low_w2"": 0.0025281000493792933, ""low_w3"": 0.5717564191399442, ""low_d1"": 16.55270032014115, ""low_d2"": 33.475090339715805, ""low_d3"": 33.50255977540911, ""low_alpha3"": 0.2523316680771626}","{""pop_size"": 100, ""max_iter"": 50, ""lp1"": 0.5, ""lp2"": 0.5, ""stagnation_limit"": 10}"
1177,abo,weighted,10,random,-12313.5792635339,12313.5792635339,5184.20526604695,51,6690.74384899977,False,"{""high_w1"": 0.9142751288476891, ""high_w2"": 0.4353352634303486, ""high_w3"": 0.45544002847908455, ""high_d1"": 44.1990698105504, ""high_d2"": 38.67347364699407, ""high_d3"": 25.485589209391563, ""high_alpha3"": 0.43936535855309766, ""low_w1"": 0.42071001984618717, ""low_w2"": 0.759386872866266, ""low_w3"": 0.6002329905014342, ""low_d1"": 33.48090337151321, ""low_d2"": 18.42378675003784, ""low_d3"": 22.743206744878847, ""low_alpha3"": 0.3821042090309794}","{""pop_size"": 100, ""max_iter"": 50, ""lp1"": 0.5, ""lp2"": 0.5, ""stagnation_limit"": 10}"
1178,abo,weighted,7,random,-12534.6495836432,12534.6495836432,5071.7314647595,51,6855.06662400076,False,"{""high_w1"": 0.011309262501538315, ""high_w2"": 0.4586887387440148, ""high_w3"": 0.0, ""high_d1"": 26.451260071407095, ""high_d2"": 47.29217105489779, ""high_d3"": 19.24423091542066, ""high_alpha3"": 0.11163385309006314, ""low_w1"": 0.23184488263345782, ""low_w2"": 0.5821758989690949, ""low_w3"": 0.741148740402545, ""low_d1"": 21.591993460997806, ""low_d2"": 16.033010437619286, ""low_d3"": 31.989306287782945, ""low_alpha3"": 0.01}","{""pop_size"": 100, ""max_iter"": 50, ""lp1"": 0.5, ""lp2"": 0.5, ""stagnation_limit"": 10}"
1179,abo,weighted,9,random,-10015.6511042679,10015.6511042679,5853.48848979619,51,6925.73483999877,False,"{""high_w1"": 0.4928174224477014, ""high_w2"": 0.7856965707041235, ""high_w3"": 0.57701210459076, ""high_d1"": 41.7477522839945, ""high_d2"": 46.86542212692325, ""high_d3"": 8.66920493572351, ""high_alpha3"": 0.2324674933449457, ""low_w1"": 0.8733946235496246, ""low_w2"": 0.8331358392644603, ""low_w3"": 0.7342128659782621, ""low_d1"": 17.53509500347284, ""low_d2"": 25.262589204856624, ""low_d3"": 25.186361735638936, ""low_alpha3"": 0.4800062957875922}","{""pop_size"": 100, ""max_iter"": 50, ""lp1"": 0.5, ""lp2"": 0.5, ""stagnation_limit"": 10}"
1180,abo,weighted,8,random,-11084.7920351746,11084.7920351746,4199.93154022464,51,7048.72989899923,False,"{""high_w1"": 0.002992025374973988, ""high_w2"": 1.0, ""high_w3"": 0.8217570237175285, ""high_d1"": 31.24954039599996, ""high_d2"": 50.0, ""high_d3"": 48.15846027737474, ""high_alpha3"": 0.14655771917507518, ""low_w1"": 0.2050693400745354, ""low_w2"": 0.9948447292683403, ""low_w3"": 0.0, ""low_d1"": 29.52887428133762, ""low_d2"": 14.471316930915489, ""low_d3"": 33.714008545568944, ""low_alpha3"": 0.7975312387538276}","{""pop_size"": 100, ""max_iter"": 50, ""lp1"": 0.5, ""lp2"": 0.5, ""stagnation_limit"": 10}"
1181,abo,weighted,11,random,-12228.2161869152,12228.2161869152,4408.2613922984,51,7013.88472200051,False,"{""high_w1"": 0.9815624879101732, ""high_w2"": 0.5974523746797298, ""high_w3"": 0.6036285174362066, ""high_d1"": 36.46694989014037, ""high_d2"": 45.10488773442597, ""high_d3"": 44.49759203685403, ""high_alpha3"": 0.20426344316035588, ""low_w1"": 0.0, ""low_w2"": 0.19927139754437184, ""low_w3"": 0.35438392320010803, ""low_d1"": 10.600974024341053, ""low_d2"": 22.716974384256787, ""low_d3"": 44.96535424683658, ""low_alpha3"": 0.1364503601738761}","{""pop_size"": 100, ""max_iter"": 50, ""lp1"": 0.5, ""lp2"": 0.5, ""stagnation_limit"": 10}"
1182,abo,weighted,13,random,-12374.2828524473,12374.2828524473,4983.27827635468,51,6835.97188100066,False,"{""high_w1"": 0.8159184521671141, ""high_w2"": 0.40061633921560313, ""high_w3"": 0.4906821299744295, ""high_d1"": 47.61791505232438, ""high_d2"": 45.4690420940489, ""high_d3"": 34.985146838473, ""high_alpha3"": 0.7563140192660056, ""low_w1"": 0.5606799583118758, ""low_w2"": 0.7877520092532966, ""low_w3"": 0.7847716910462019, ""low_d1"": 17.302510228609044, ""low_d2"": 13.533017286812733, ""low_d3"": 8.98700280263115, ""low_alpha3"": 0.6223025392840781}","{""pop_size"": 100, ""max_iter"": 50, ""lp1"": 0.5, ""lp2"": 0.5, ""stagnation_limit"": 10}"
1183,abo,weighted,12,random,-9722.4117708102,9722.4117708102,4250.57717651703,51,7044.5096479998,False,"{""high_w1"": 0.9955597475488942, ""high_w2"": 0.9830668040318272, ""high_w3"": 0.20564377330275896, ""high_d1"": 49.023357762462624, ""high_d2"": 45.64642553623492, ""high_d3"": 11.943832526466167, ""high_alpha3"": 0.38854938959607294, ""low_w1"": 0.288549762422467, ""low_w2"": 0.1943581398492551, ""low_w3"": 0.7467758056754175, ""low_d1"": 23.356736927473605, ""low_d2"": 21.38062958331356, ""low_d3"": 31.39648818000315, ""low_alpha3"": 0.27546872735222}","{""pop_size"": 100, ""max_iter"": 50, ""lp1"": 0.5, ""lp2"": 0.5, ""stagnation_limit"": 10}"
1184,abo,weighted,14,random,-11969.2289281916,11969.2289281916,4845.48455465886,51,6690.58538200079,False,"{""high_w1"": 0.8499600018052615, ""high_w2"": 0.5168902515920673, ""high_w3"": 0.23162567559199695, ""high_d1"": 45.733000127842544, ""high_d2"": 19.703371102377822, ""high_d3"": 13.233016182162851, ""high_alpha3"": 0.5674310473245465, ""low_w1"": 0.5287975751537428, ""low_w2"": 0.26615934263786695, ""low_w3"": 0.6115687323156154, ""low_d1"": 14.301374826166011, ""low_d2"": 25.64335927383203, ""low_d3"": 24.702221405364803, ""low_alpha3"": 0.27398309456675174}","{""pop_size"": 100, ""max_iter"": 50, ""lp1"": 0.5, ""lp2"": 0.5, ""stagnation_limit"": 10}"
1185,abo,weighted,15,random,-10125.3933972284,10125.3933972284,3909.56028102779,51,6943.29698199908,False,"{""high_w1"": 0.7166421109754164, ""high_w2"": 0.6323934902846609, ""high_w3"": 0.6629041262779861, ""high_d1"": 47.67063117368049, ""high_d2"": 49.63660593735946, ""high_d3"": 33.383796189631596, ""high_alpha3"": 0.9608006403178004, ""low_w1"": 0.4719619828504379, ""low_w2"": 0.6836919848569336, ""low_w3"": 0.7490068287546927, ""low_d1"": 26.635660400065518, ""low_d2"": 13.038857256530527, ""low_d3"": 20.418268747998408, ""low_alpha3"": 0.7854428427327577}","{""pop_size"": 100, ""max_iter"": 50, ""lp1"": 0.5, ""lp2"": 0.5, ""stagnation_limit"": 10}"
1186,abo,weighted,16,random,-8589.71243552771,8589.71243552771,4283.35848958594,51,7053.32950299999,False,"{""high_w1"": 0.7730099171877418, ""high_w2"": 0.5659130253599463, ""high_w3"": 0.054474459446945095, ""high_d1"": 23.121207752545153, ""high_d2"": 41.517725880398224, ""high_d3"": 5.821049317944897, ""high_alpha3"": 0.46520399005815466, ""low_w1"": 0.4182299581183847, ""low_w2"": 0.24767615106484497, ""low_w3"": 0.0344383107060689, ""low_d1"": 22.971958363077857, ""low_d2"": 22.849142120453447, ""low_d3"": 40.55257615796298, ""low_alpha3"": 0.5405318666735976}","{""pop_size"": 100, ""max_iter"": 50, ""lp1"": 0.5, ""lp2"": 0.5, ""stagnation_limit"": 10}"
1187,abo,weighted,17,random,-10699.8425804046,10699.8425804046,5253.68925897263,51,6972.53162099878,False,"{""high_w1"": 0.21524302089812014, ""high_w2"": 0.4067818164871963, ""high_w3"": 0.43738143121146755, ""high_d1"": 42.504603441631005, ""high_d2"": 26.079368313718795, ""high_d3"": 16.403215058459757, ""high_alpha3"": 0.26652035750193964, ""low_w1"": 0.028752696703779636, ""low_w2"": 0.622389906545492, ""low_w3"": 0.3384636626926065, ""low_d1"": 2.0, ""low_d2"": 22.92846964262816, ""low_d3"": 29.325230649597373, ""low_alpha3"": 0.26478591465179424}","{""pop_size"": 100, ""max_iter"": 50, ""lp1"": 0.5, ""lp2"": 0.5, ""stagnation_limit"": 10}"
1188,abo,weighted,18,random,-11224.9156625135,11224.9156625135,4350.50301077578,51,6723.88999100076,False,"{""high_w1"": 0.8938301795789987, ""high_w2"": 0.21683871510287464, ""high_w3"": 0.1276255913463883, ""high_d1"": 45.90590355086013, ""high_d2"": 3.0248260404343696, ""high_d3"": 7.853909469084711, ""high_alpha3"": 0.4225299946148954, ""low_w1"": 0.1872201213636732, ""low_w2"": 0.3793722966974492, ""low_w3"": 0.6217393820227797, ""low_d1"": 36.79938844374521, ""low_d2"": 13.608658442144012, ""low_d3"": 16.44448253180145, ""low_alpha3"": 0.2602307191428299}","{""pop_size"": 100, ""max_iter"": 50, ""lp1"": 0.5, ""lp2"": 0.5, ""stagnation_limit"": 10}"
1189,abo,weighted,22,random,-11120.0708996571,11120.0708996571,4413.15062534067,51,6692.59508899995,False,"{""high_w1"": 0.5761509842001251, ""high_w2"": 0.13587094093067648, ""high_w3"": 0.16100553818907193, ""high_d1"": 35.56430508692141, ""high_d2"": 28.76635460919696, ""high_d3"": 21.53414021622912, ""high_alpha3"": 0.01, ""low_w1"": 0.479719013371005, ""low_w2"": 0.159557938074055, ""low_w3"": 0.6636244792702372, ""low_d1"": 20.515764772508653, ""low_d2"": 15.023826001081385, ""low_d3"": 17.925847836612686, ""low_alpha3"": 0.06330038231998551}","{""pop_size"": 100, ""max_iter"": 50, ""lp1"": 0.5, ""lp2"": 0.5, ""stagnation_limit"": 10}"
1190,abo,weighted,20,random,-11142.4559637559,11142.4559637559,4678.41049235526,51,6922.27742500108,False,"{""high_w1"": 1.0, ""high_w2"": 0.058400972925295294, ""high_w3"": 1.0, ""high_d1"": 45.556321734224824, ""high_d2"": 41.315295817542136, ""high_d3"": 32.85179807634145, ""high_alpha3"": 0.1265186014738991, ""low_w1"": 0.5626057914294607, ""low_w2"": 0.9756042940895403, ""low_w3"": 0.4421659308489675, ""low_d1"": 10.604018246528483, ""low_d2"": 13.217763270504136, ""low_d3"": 24.07870687726068, ""low_alpha3"": 0.1855559893944579}","{""pop_size"": 100, ""max_iter"": 50, ""lp1"": 0.5, ""lp2"": 0.5, ""stagnation_limit"": 10}"
1191,abo,weighted,21,random,-13214.0861868644,13214.0861868644,4003.22659772928,51,6845.11534900048,False,"{""high_w1"": 0.0, ""high_w2"": 0.0, ""high_w3"": 0.40823538175212015, ""high_d1"": 38.88246101383052, ""high_d2"": 32.48401949881398, ""high_d3"": 36.467195425466585, ""high_alpha3"": 0.01, ""low_w1"": 0.30019349666029527, ""low_w2"": 0.6968208513397716, ""low_w3"": 0.05120504660541148, ""low_d1"": 11.009486474764415, ""low_d2"": 27.098836286749258, ""low_d3"": 33.316183678438435, ""low_alpha3"": 0.06703799326884716}","{""pop_size"": 100, ""max_iter"": 50, ""lp1"": 0.5, ""lp2"": 0.5, ""stagnation_limit"": 10}"
1192,abo,weighted,19,random,-11714.8221838127,11714.8221838127,1604.31725892899,51,7040.88473000047,False,"{""high_w1"": 0.6833197378030623, ""high_w2"": 0.5955141370403799, ""high_w3"": 0.2165971804026959, ""high_d1"": 30.799586186567687, ""high_d2"": 40.85632715488747, ""high_d3"": 45.313874706130605, ""high_alpha3"": 0.5366993928692302, ""low_w1"": 0.11729340074607769, ""low_w2"": 0.849964870095094, ""low_w3"": 0.667613225141595, ""low_d1"": 23.37627406387423, ""low_d2"": 47.75917844247935, ""low_d3"": 34.893782019490175, ""low_alpha3"": 0.3166519798037869}","{""pop_size"": 100, ""max_iter"": 50, ""lp1"": 0.5, ""lp2"": 0.5, ""stagnation_limit"": 10}"
1193,abo,weighted,23,random,-10582.5721362769,10582.5721362769,5677.24279906405,51,6873.90255299943,False,"{""high_w1"": 0.5316954912924119, ""high_w2"": 0.12865324419770077, ""high_w3"": 0.6458333205185881, ""high_d1"": 45.08090051829026, ""high_d2"": 29.659432484865274, ""high_d3"": 28.626506341322553, ""high_alpha3"": 0.1342199630787005, ""low_w1"": 0.43049666003499043, ""low_w2"": 0.6048254121660719, ""low_w3"": 0.38431709388557633, ""low_d1"": 12.990520142059097, ""low_d2"": 25.694312130677837, ""low_d3"": 36.31014010544605, ""low_alpha3"": 0.23212237648721817}","{""pop_size"": 100, ""max_iter"": 50, ""lp1"": 0.5, ""lp2"": 0.5, ""stagnation_limit"": 10}"
1194,abo,weighted,24,random,-10757.0729941616,10757.0729941616,5767.02651810358,51,6850.64715200133,False,"{""high_w1"": 0.35760468899601106, ""high_w2"": 0.18483143169571653, ""high_w3"": 0.002044952953015844, ""high_d1"": 43.619420510908455, ""high_d2"": 11.438005009748865, ""high_d3"": 12.712545909167149, ""high_alpha3"": 0.7775003092123149, ""low_w1"": 0.3534569396684686, ""low_w2"": 0.033049989565661506, ""low_w3"": 0.003846110166672616, ""low_d1"": 12.333334112478333, ""low_d2"": 2.254926640971256, ""low_d3"": 2.0, ""low_alpha3"": 0.014352393768802344}","{""pop_size"": 100, ""max_iter"": 50, ""lp1"": 0.5, ""lp2"": 0.5, ""stagnation_limit"": 10}"
1195,abo,weighted,25,random,-7967.2923291777,7967.2923291777,2084.60270870591,51,6861.4331509998,False,"{""high_w1"": 0.40842455534770244, ""high_w2"": 0.36881886765373, ""high_w3"": 0.21765691734597475, ""high_d1"": 25.21178161407971, ""high_d2"": 25.774961464347875, ""high_d3"": 13.196764296567958, ""high_alpha3"": 0.31944149476871786, ""low_w1"": 0.23043674521221658, ""low_w2"": 0.273406741287165, ""low_w3"": 0.2858619027730206, ""low_d1"": 10.992795022608673, ""low_d2"": 14.239735555411158, ""low_d3"": 15.50355239044341, ""low_alpha3"": 0.4113448952177148}","{""pop_size"": 100, ""max_iter"": 50, ""lp1"": 0.5, ""lp2"": 0.5, ""stagnation_limit"": 10}"
1196,abo,weighted,26,random,-12503.7688952291,12503.7688952291,4446.95913687546,51,6908.43458000018,False,"{""high_w1"": 0.6499071793213486, ""high_w2"": 0.381449303198625, ""high_w3"": 0.6303223167487679, ""high_d1"": 47.996966197890714, ""high_d2"": 21.78783769769594, ""high_d3"": 21.383369890274658, ""high_alpha3"": 0.774142027180929, ""low_w1"": 0.7626801710597042, ""low_w2"": 0.9112545332539267, ""low_w3"": 0.6470370778734936, ""low_d1"": 16.863046292914014, ""low_d2"": 10.079345221213224, ""low_d3"": 21.39076822776821, ""low_alpha3"": 0.905881879052}","{""pop_size"": 100, ""max_iter"": 50, ""lp1"": 0.5, ""lp2"": 0.5, ""stagnation_limit"": 10}"
1197,abo,weighted,27,random,-9605.48559694205,9605.48559694205,2739.22451292586,51,6867.74701700051,False,"{""high_w1"": 0.0, ""high_w2"": 0.7143722852172103, ""high_w3"": 0.0, ""high_d1"": 13.959678856400535, ""high_d2"": 48.00788695112121, ""high_d3"": 28.805678269804968, ""high_alpha3"": 0.8452451391872462, ""low_w1"": 0.8532468790974587, ""low_w2"": 0.1733241391203613, ""low_w3"": 0.4440318789653848, ""low_d1"": 29.312459633375106, ""low_d2"": 20.879479751790743, ""low_d3"": 7.020592443688628, ""low_alpha3"": 0.01}","{""pop_size"": 100, ""max_iter"": 50, ""lp1"": 0.5, ""lp2"": 0.5, ""stagnation_limit"": 10}"
1198,abo,weighted,28,random,-11359.0244250631,11359.0244250631,5101.79409780835,51,6884.80430500022,False,"{""high_w1"": 0.5960083667519982, ""high_w2"": 0.5588596718403067, ""high_w3"": 0.056453941348703504, ""high_d1"": 44.359923624719, ""high_d2"": 8.47783526110678, ""high_d3"": 24.178819198665394, ""high_alpha3"": 0.13490633854964904, ""low_w1"": 0.782987112796105, ""low_w2"": 0.4134267631189919, ""low_w3"": 0.1338826818946525, ""low_d1"": 10.198839114777144, ""low_d2"": 16.372407983214337, ""low_d3"": 38.79356112102538, ""low_alpha3"": 0.7808010090009685}","{""pop_size"": 100, ""max_iter"": 50, ""lp1"": 0.5, ""lp2"": 0.5, ""stagnation_limit"": 10}"
1199,abo,weighted,29,random,-12200.8377727936,12200.8377727936,5349.0301999329,51,6640.40306700008,False,"{""high_w1"": 0.685406246113599, ""high_w2"": 0.24738870088442333, ""high_w3"": 0.4885678691993297, ""high_d1"": 44.442638388644184, ""high_d2"": 39.5587186005496, ""high_d3"": 36.43792600969323, ""high_alpha3"": 0.535515941819567, ""low_w1"": 0.7327787383939562, ""low_w2"": 0.09912791224078338, ""low_w3"": 0.903289193712266, ""low_d1"": 9.125677105210432, ""low_d2"": 2.09220174660547, ""low_d3"": 18.506201050395703, ""low_alpha3"": 0.24463879405358024}","{""pop_size"": 100, ""max_iter"": 50, ""lp1"": 0.5, ""lp2"": 0.5, ""stagnation_limit"": 10}"
1200,mrfo,sma,0,random,-932.49722762536,932.49722762536,1180.27572148885,50,17145.0607290008,False,"{""short_window"": 49.0, ""long_window"": 197.0}","{""pop_size"": 100, ""max_iter"": 50, ""somersault_range"": 2.0}"
1201,mrfo,sma,1,random,-932.49722762536,932.49722762536,1180.27572148885,50,17165.2068839994,False,"{""short_window"": 49.0, ""long_window"": 197.0}","{""pop_size"": 100, ""max_iter"": 50, ""somersault_range"": 2.0}"
1202,mrfo,sma,2,random,-932.49722762536,932.49722762536,1180.27572148885,50,17140.723221999,False,"{""short_window"": 49.0, ""long_window"": 197.0}","{""pop_size"": 100, ""max_iter"": 50, ""somersault_range"": 2.0}"
1203,mrfo,sma,3,random,-932.49722762536,932.49722762536,1180.27572148885,50,17157.0171849999,False,"{""short_window"": 49.0, ""long_window"": 197.0}","{""pop_size"": 100, ""max_iter"": 50, ""somersault_range"": 2.0}"
1204,mrfo,sma,4,random,-932.49722762536,932.49722762536,1180.27572148885,50,17132.6407349989,False,"{""short_window"": 49.0, ""long_window"": 197.0}","{""pop_size"": 100, ""max_iter"": 50, ""somersault_range"": 2.0}"
1205,mrfo,sma,5,random,-932.49722762536,932.49722762536,1180.27572148885,50,17128.0686579994,False,"{""short_window"": 49.0, ""long_window"": 197.0}","{""pop_size"": 100, ""max_iter"": 50, ""somersault_range"": 2.0}"
1206,mrfo,sma,6,random,-932.49722762536,932.49722762536,1180.27572148885,50,17230.6420130008,False,"{""short_window"": 49.0, ""long_window"": 197.0}","{""pop_size"": 100, ""max_iter"": 50, ""somersault_range"": 2.0}"
1207,mrfo,sma,7,random,-932.49722762536,932.49722762536,1180.27572148885,50,17222.8288159986,False,"{""short_window"": 49.0, ""long_window"": 197.0}","{""pop_size"": 100, ""max_iter"": 50, ""somersault_range"": 2.0}"
1208,mrfo,sma,8,random,-932.49722762536,932.49722762536,1180.27572148885,50,17254.4443079987,False,"{""short_window"": 49.0, ""long_window"": 197.0}","{""pop_size"": 100, ""max_iter"": 50, ""somersault_range"": 2.0}"
1209,mrfo,sma,9,random,-932.49722762536,932.49722762536,1180.27572148885,50,17217.3500680001,False,"{""short_window"": 49.0, ""long_window"": 197.0}","{""pop_size"": 100, ""max_iter"": 50, ""somersault_range"": 2.0}"
1210,mrfo,sma,10,random,-932.49722762536,932.49722762536,1180.27572148885,50,17243.8040599991,False,"{""short_window"": 49.0, ""long_window"": 197.0}","{""pop_size"": 100, ""max_iter"": 50, ""somersault_range"": 2.0}"
1211,mrfo,sma,11,random,-932.49722762536,932.49722762536,1180.27572148885,50,17222.7145090001,False,"{""short_window"": 49.0, ""long_window"": 197.0}","{""pop_size"": 100, ""max_iter"": 50, ""somersault_range"": 2.0}"
1212,mrfo,sma,12,random,-932.49722762536,932.49722762536,1180.27572148885,50,17109.3799870014,False,"{""short_window"": 49.0, ""long_window"": 197.0}","{""pop_size"": 100, ""max_iter"": 50, ""somersault_range"": 2.0}"
1213,mrfo,sma,14,random,-932.49722762536,932.49722762536,1180.27572148885,50,17113.7018170011,False,"{""short_window"": 49.0, ""long_window"": 197.0}","{""pop_size"": 100, ""max_iter"": 50, ""somersault_range"": 2.0}"
1214,mrfo,sma,13,random,-932.49722762536,932.49722762536,1180.27572148885,50,17124.359591,False,"{""short_window"": 49.0, ""long_window"": 197.0}","{""pop_size"": 100, ""max_iter"": 50, ""somersault_range"": 2.0}"
1215,mrfo,sma,15,random,-932.49722762536,932.49722762536,1180.27572148885,50,17130.7937189995,False,"{""short_window"": 49.0, ""long_window"": 197.0}","{""pop_size"": 100, ""max_iter"": 50, ""somersault_range"": 2.0}"
1216,mrfo,sma,16,random,-932.49722762536,932.49722762536,1180.27572148885,50,17116.7206099999,False,"{""short_window"": 49.0, ""long_window"": 197.0}","{""pop_size"": 100, ""max_iter"": 50, ""somersault_range"": 2.0}"
1217,mrfo,sma,17,random,-932.49722762536,932.49722762536,1180.27572148885,50,17102.6812170003,False,"{""short_window"": 49.0, ""long_window"": 197.0}","{""pop_size"": 100, ""max_iter"": 50, ""somersault_range"": 2.0}"
1218,mrfo,sma,18,random,-932.49722762536,932.49722762536,1180.27572148885,50,17230.2301170002,False,"{""short_window"": 49.0, ""long_window"": 197.0}","{""pop_size"": 100, ""max_iter"": 50, ""somersault_range"": 2.0}"
1219,mrfo,sma,19,random,-932.49722762536,932.49722762536,1180.27572148885,50,17214.5578309992,False,"{""short_window"": 49.0, ""long_window"": 197.0}","{""pop_size"": 100, ""max_iter"": 50, ""somersault_range"": 2.0}"
1220,mrfo,sma,20,random,-932.49722762536,932.49722762536,1180.27572148885,50,17231.0375770012,False,"{""short_window"": 49.0, ""long_window"": 197.0}","{""pop_size"": 100, ""max_iter"": 50, ""somersault_range"": 2.0}"
1221,mrfo,sma,21,random,-932.49722762536,932.49722762536,1180.27572148885,50,17226.0095199999,False,"{""short_window"": 49.0, ""long_window"": 197.0}","{""pop_size"": 100, ""max_iter"": 50, ""somersault_range"": 2.0}"
1222,mrfo,sma,22,random,-932.49722762536,932.49722762536,1180.27572148885,50,17238.1263980005,False,"{""short_window"": 49.0, ""long_window"": 197.0}","{""pop_size"": 100, ""max_iter"": 50, ""somersault_range"": 2.0}"
1223,mrfo,sma,23,random,-932.49722762536,932.49722762536,1180.27572148885,50,17221.7582500016,False,"{""short_window"": 49.0, ""long_window"": 197.0}","{""pop_size"": 100, ""max_iter"": 50, ""somersault_range"": 2.0}"
1224,mrfo,sma,24,random,-932.49722762536,932.49722762536,1180.27572148885,50,17213.5687729988,False,"{""short_window"": 49.0, ""long_window"": 197.0}","{""pop_size"": 100, ""max_iter"": 50, ""somersault_range"": 2.0}"
1225,mrfo,sma,25,random,-932.49722762536,932.49722762536,1180.27572148885,50,17209.2230119997,False,"{""short_window"": 49.0, ""long_window"": 197.0}","{""pop_size"": 100, ""max_iter"": 50, ""somersault_range"": 2.0}"
1226,mrfo,sma,26,random,-932.49722762536,932.49722762536,1180.27572148885,50,17227.4430739999,False,"{""short_window"": 49.0, ""long_window"": 197.0}","{""pop_size"": 100, ""max_iter"": 50, ""somersault_range"": 2.0}"
1227,mrfo,sma,27,random,-932.49722762536,932.49722762536,1180.27572148885,50,17233.8581439999,False,"{""short_window"": 49.0, ""long_window"": 197.0}","{""pop_size"": 100, ""max_iter"": 50, ""somersault_range"": 2.0}"
1228,mrfo,sma,28,random,-932.49722762536,932.49722762536,1180.27572148885,50,17201.9789229998,False,"{""short_window"": 49.0, ""long_window"": 197.0}","{""pop_size"": 100, ""max_iter"": 50, ""somersault_range"": 2.0}"
1229,mrfo,sma,29,random,-932.49722762536,932.49722762536,1180.27572148885,50,17205.3164179997,False,"{""short_window"": 49.0, ""long_window"": 197.0}","{""pop_size"": 100, ""max_iter"": 50, ""somersault_range"": 2.0}"
1230,mrfo,lma,1,random,-800.109005668366,800.109005668366,487.740312063578,50,17097.4239490006,False,"{""short_window"": 35.0, ""long_window"": 56.0}","{""pop_size"": 100, ""max_iter"": 50, ""somersault_range"": 2.0}"
1231,mrfo,lma,0,random,-818.928633013523,818.928633013523,907.977723746608,50,17352.2588350006,False,"{""short_window"": 21.0, ""long_window"": 195.0}","{""pop_size"": 100, ""max_iter"": 50, ""somersault_range"": 2.0}"
1232,mrfo,lma,3,random,-800.109005668366,800.109005668366,487.740312063578,50,17101.7745379995,False,"{""short_window"": 35.0, ""long_window"": 56.0}","{""pop_size"": 100, ""max_iter"": 50, ""somersault_range"": 2.0}"
1233,mrfo,lma,2,random,-818.928633013523,818.928633013523,907.977723746608,50,17376.5775579996,False,"{""short_window"": 21.0, ""long_window"": 195.0}","{""pop_size"": 100, ""max_iter"": 50, ""somersault_range"": 2.0}"
1234,mrfo,lma,4,random,-800.109005668366,800.109005668366,487.740312063578,50,17106.3900040008,False,"{""short_window"": 35.0, ""long_window"": 56.0}","{""pop_size"": 100, ""max_iter"": 50, ""somersault_range"": 2.0}"
1235,mrfo,lma,5,random,-818.928633013523,818.928633013523,907.977723746608,50,17328.224279001,False,"{""short_window"": 21.0, ""long_window"": 195.0}","{""pop_size"": 100, ""max_iter"": 50, ""somersault_range"": 2.0}"
1236,mrfo,lma,6,random,-818.928633013523,818.928633013523,907.977723746608,50,17246.9026130002,False,"{""short_window"": 21.0, ""long_window"": 195.0}","{""pop_size"": 100, ""max_iter"": 50, ""somersault_range"": 2.0}"
1237,mrfo,lma,7,random,-802.284901112691,802.284901112691,907.977723746608,50,17005.8722699996,False,"{""short_window"": 20.0, ""long_window"": 198.0}","{""pop_size"": 100, ""max_iter"": 50, ""somersault_range"": 2.0}"
1238,mrfo,lma,10,random,-800.109005668366,800.109005668366,487.740312063578,50,16999.3610869988,False,"{""short_window"": 35.0, ""long_window"": 56.0}","{""pop_size"": 100, ""max_iter"": 50, ""somersault_range"": 2.0}"
1239,mrfo,lma,8,random,-818.928633013523,818.928633013523,907.977723746608,50,17247.696153001,False,"{""short_window"": 21.0, ""long_window"": 195.0}","{""pop_size"": 100, ""max_iter"": 50, ""somersault_range"": 2.0}"
1240,mrfo,lma,9,random,-818.928633013523,818.928633013523,907.977723746608,50,17254.1148780001,False,"{""short_window"": 21.0, ""long_window"": 195.0}","{""pop_size"": 100, ""max_iter"": 50, ""somersault_range"": 2.0}"
1241,mrfo,lma,11,random,-818.928633013523,818.928633013523,907.977723746608,50,17235.2178060009,False,"{""short_window"": 21.0, ""long_window"": 195.0}","{""pop_size"": 100, ""max_iter"": 50, ""somersault_range"": 2.0}"
1242,mrfo,lma,13,random,-800.109005668366,800.109005668366,487.740312063578,50,17089.1287150007,False,"{""short_window"": 35.0, ""long_window"": 56.0}","{""pop_size"": 100, ""max_iter"": 50, ""somersault_range"": 2.0}"
1243,mrfo,lma,12,random,-818.928633013523,818.928633013523,907.977723746608,50,17348.1197149995,False,"{""short_window"": 21.0, ""long_window"": 195.0}","{""pop_size"": 100, ""max_iter"": 50, ""somersault_range"": 2.0}"
1244,mrfo,lma,15,random,-800.109005668366,800.109005668366,487.740312063578,50,17119.7794559994,False,"{""short_window"": 35.0, ""long_window"": 56.0}","{""pop_size"": 100, ""max_iter"": 50, ""somersault_range"": 2.0}"
1245,mrfo,lma,14,random,-818.928633013523,818.928633013523,907.977723746608,50,17367.3162880004,False,"{""short_window"": 21.0, ""long_window"": 195.0}","{""pop_size"": 100, ""max_iter"": 50, ""somersault_range"": 2.0}"
1246,mrfo,lma,16,random,-818.928633013523,818.928633013523,907.977723746608,50,17362.6299009993,False,"{""short_window"": 21.0, ""long_window"": 195.0}","{""pop_size"": 100, ""max_iter"": 50, ""somersault_range"": 2.0}"
1247,mrfo,lma,17,random,-818.928633013523,818.928633013523,907.977723746608,50,17314.2682010002,False,"{""short_window"": 21.0, ""long_window"": 195.0}","{""pop_size"": 100, ""max_iter"": 50, ""somersault_range"": 2.0}"
1248,mrfo,lma,18,random,-800.109005668366,800.109005668366,487.740312063578,50,17102.3800069997,False,"{""short_window"": 35.0, ""long_window"": 56.0}","{""pop_size"": 100, ""max_iter"": 50, ""somersault_range"": 2.0}"
1249,mrfo,lma,20,random,-800.109005668366,800.109005668366,487.740312063578,50,17113.7677879997,False,"{""short_window"": 35.0, ""long_window"": 56.0}","{""pop_size"": 100, ""max_iter"": 50, ""somersault_range"": 2.0}"
1250,mrfo,lma,19,random,-818.928633013523,818.928633013523,907.977723746608,50,17372.5744029998,False,"{""short_window"": 21.0, ""long_window"": 195.0}","{""pop_size"": 100, ""max_iter"": 50, ""somersault_range"": 2.0}"
1251,mrfo,lma,21,random,-776.262974610292,776.262974610292,671.50931478053,50,17157.6059960007,False,"{""short_window"": 20.0, ""long_window"": 85.0}","{""pop_size"": 100, ""max_iter"": 50, ""somersault_range"": 2.0}"
1252,mrfo,lma,22,random,-800.109005668366,800.109005668366,487.740312063578,50,17122.4385050009,True,"{""short_window"": 35.0, ""long_window"": 56.0}","{""pop_size"": 100, ""max_iter"": 50, ""somersault_range"": 2.0}"
1253,mrfo,lma,23,random,-818.928633013523,818.928633013523,907.977723746608,50,17355.9277439999,False,"{""short_window"": 21.0, ""long_window"": 195.0}","{""pop_size"": 100, ""max_iter"": 50, ""somersault_range"": 2.0}"
1254,mrfo,lma,24,random,-818.928633013523,818.928633013523,907.977723746608,50,17479.6620699999,False,"{""short_window"": 21.0, ""long_window"": 195.0}","{""pop_size"": 100, ""max_iter"": 50, ""somersault_range"": 2.0}"
1255,mrfo,lma,25,random,-818.928633013523,818.928633013523,907.977723746608,50,17479.1079389997,False,"{""short_window"": 21.0, ""long_window"": 195.0}","{""pop_size"": 100, ""max_iter"": 50, ""somersault_range"": 2.0}"
1256,mrfo,lma,26,random,-818.928633013523,818.928633013523,907.977723746608,50,17504.6232220011,False,"{""short_window"": 21.0, ""long_window"": 195.0}","{""pop_size"": 100, ""max_iter"": 50, ""somersault_range"": 2.0}"
1257,mrfo,lma,27,random,-818.928633013523,818.928633013523,907.977723746608,50,17485.6574400001,False,"{""short_window"": 21.0, ""long_window"": 195.0}","{""pop_size"": 100, ""max_iter"": 50, ""somersault_range"": 2.0}"
1258,mrfo,lma,28,random,-818.928633013523,818.928633013523,907.977723746608,50,17507.4525910004,False,"{""short_window"": 21.0, ""long_window"": 195.0}","{""pop_size"": 100, ""max_iter"": 50, ""somersault_range"": 2.0}"
1259,mrfo,lma,29,random,-818.928633013523,818.928633013523,907.977723746608,50,17470.981677001,False,"{""short_window"": 21.0, ""long_window"": 195.0}","{""pop_size"": 100, ""max_iter"": 50, ""somersault_range"": 2.0}"
1260,mrfo,ema_shared,0,random,-104501.86343043,104501.86343043,1000,50,17558.5928519995,False,"{""short_window"": 33.0, ""long_window"": 114.0, ""alpha"": 0.7848874423567672}","{""pop_size"": 100, ""max_iter"": 50, ""somersault_range"": 2.0}"
1261,mrfo,ema_shared,1,random,-49408.6118189357,49408.6118189357,5660.26318654683,50,17565.1021309986,False,"{""short_window"": 36.0, ""long_window"": 115.0, ""alpha"": 0.896649594817395}","{""pop_size"": 100, ""max_iter"": 50, ""somersault_range"": 2.0}"
1262,mrfo,ema_shared,2,random,-54825.6877274892,54825.6877274892,655.008420809983,50,17565.7567039998,False,"{""short_window"": 29.0, ""long_window"": 94.0, ""alpha"": 0.7116160570532399}","{""pop_size"": 100, ""max_iter"": 50, ""somersault_range"": 2.0}"
1263,mrfo,ema_shared,3,random,-52540.6671507976,52540.6671507976,835.443901957527,50,17528.9877059986,False,"{""short_window"": 35.0, ""long_window"": 100.0, ""alpha"": 0.6951856179335953}","{""pop_size"": 100, ""max_iter"": 50, ""somersault_range"": 2.0}"
1264,mrfo,ema_shared,4,random,-67394.8436041345,67394.8436041345,3291.96963649978,50,17603.178927,False,"{""short_window"": 28.0, ""long_window"": 99.0, ""alpha"": 0.7876771963791922}","{""pop_size"": 100, ""max_iter"": 50, ""somersault_range"": 2.0}"
1265,mrfo,ema_shared,5,random,-71689.9606030151,71689.9606030151,2343.34402817864,50,17525.09207,False,"{""short_window"": 40.0, ""long_window"": 91.0, ""alpha"": 0.8363379299574684}","{""pop_size"": 100, ""max_iter"": 50, ""somersault_range"": 2.0}"
1266,mrfo,ema_shared,6,random,-103878.629389579,103878.629389579,1201.21203262511,50,17746.7985580006,False,"{""short_window"": 22.0, ""long_window"": 86.0, ""alpha"": 0.7992827008082315}","{""pop_size"": 100, ""max_iter"": 50, ""somersault_range"": 2.0}"
1267,mrfo,ema_shared,7,random,-80356.8419982018,80356.8419982018,1000,50,17675.2687190001,False,"{""short_window"": 35.0, ""long_window"": 120.0, ""alpha"": 0.8023896057065307}","{""pop_size"": 100, ""max_iter"": 50, ""somersault_range"": 2.0}"
1268,mrfo,ema_shared,8,random,-73781.28755989,73781.28755989,889.661657853831,50,17648.5445689996,False,"{""short_window"": 34.0, ""long_window"": 105.0, ""alpha"": 0.6504534989178076}","{""pop_size"": 100, ""max_iter"": 50, ""somersault_range"": 2.0}"
1269,mrfo,ema_shared,9,random,-75420.0255410204,75420.0255410204,2460.33271976325,50,17692.1890319991,False,"{""short_window"": 37.0, ""long_window"": 120.0, ""alpha"": 0.9888945425840154}","{""pop_size"": 100, ""max_iter"": 50, ""somersault_range"": 2.0}"
1270,mrfo,ema_shared,10,random,-75835.7058279767,75835.7058279767,840.996003455555,50,17606.8105160011,False,"{""short_window"": 31.0, ""long_window"": 82.0, ""alpha"": 0.6866619711262657}","{""pop_size"": 100, ""max_iter"": 50, ""somersault_range"": 2.0}"
1271,mrfo,ema_shared,11,random,-67556.9587739246,67556.9587739246,1000,50,17564.6661110004,False,"{""short_window"": 26.0, ""long_window"": 41.0, ""alpha"": 0.7816915776430402}","{""pop_size"": 100, ""max_iter"": 50, ""somersault_range"": 2.0}"
1272,mrfo,ema_shared,12,random,-64665.7571699984,64665.7571699984,900.355997138615,50,17522.4508449992,False,"{""short_window"": 30.0, ""long_window"": 90.0, ""alpha"": 0.760387505700385}","{""pop_size"": 100, ""max_iter"": 50, ""somersault_range"": 2.0}"
1273,mrfo,ema_shared,13,random,-71088.2535558045,71088.2535558045,730.230536027275,50,17421.4427539991,False,"{""short_window"": 33.0, ""long_window"": 50.0, ""alpha"": 0.8259155720168468}","{""pop_size"": 100, ""max_iter"": 50, ""somersault_range"": 2.0}"
1274,mrfo,ema_shared,14,random,-55395.629556384,55395.629556384,1814.10013463551,50,17346.6686699994,False,"{""short_window"": 35.0, ""long_window"": 44.0, ""alpha"": 0.765785842537894}","{""pop_size"": 100, ""max_iter"": 50, ""somersault_range"": 2.0}"
1275,mrfo,ema_shared,16,random,-69139.7885495888,69139.7885495888,1285.95289639294,50,17487.1656729993,False,"{""short_window"": 34.0, ""long_window"": 89.0, ""alpha"": 0.7475263341896214}","{""pop_size"": 100, ""max_iter"": 50, ""somersault_range"": 2.0}"
1276,mrfo,ema_shared,15,random,-63613.3582167173,63613.3582167173,2301.2548236441,50,17572.6680539992,False,"{""short_window"": 40.0, ""long_window"": 83.0, ""alpha"": 0.7067573657213054}","{""pop_size"": 100, ""max_iter"": 50, ""somersault_range"": 2.0}"
1277,mrfo,ema_shared,17,random,-107523.986845257,107523.986845257,1506.32922133465,50,17498.1100550012,False,"{""short_window"": 30.0, ""long_window"": 85.0, ""alpha"": 0.7488323161572371}","{""pop_size"": 100, ""max_iter"": 50, ""somersault_range"": 2.0}"
1278,mrfo,ema_shared,19,random,-94671.4327017505,94671.4327017505,11973.2026784368,50,17529.0056099984,False,"{""short_window"": 33.0, ""long_window"": 74.0, ""alpha"": 0.6568009511013628}","{""pop_size"": 100, ""max_iter"": 50, ""somersault_range"": 2.0}"
1279,mrfo,ema_shared,18,random,-47075.8263907837,47075.8263907837,1000,50,17774.7702159995,False,"{""short_window"": 27.0, ""long_window"": 112.0, ""alpha"": 0.8188022233725469}","{""pop_size"": 100, ""max_iter"": 50, ""somersault_range"": 2.0}"
1280,mrfo,ema_shared,20,random,-64124.9329446224,64124.9329446224,3521.96068551547,50,17543.3241110004,False,"{""short_window"": 40.0, ""long_window"": 51.0, ""alpha"": 0.6939114324886136}","{""pop_size"": 100, ""max_iter"": 50, ""somersault_range"": 2.0}"
1281,mrfo,ema_shared,21,random,-49901.2725999728,49901.2725999728,1000,50,17680.4669190005,False,"{""short_window"": 30.0, ""long_window"": 117.0, ""alpha"": 0.830013097068173}","{""pop_size"": 100, ""max_iter"": 50, ""somersault_range"": 2.0}"
1282,mrfo,ema_shared,22,random,-86969.856864834,86969.856864834,1576.999021092,50,17501.7140520013,False,"{""short_window"": 35.0, ""long_window"": 48.0, ""alpha"": 0.7510213426866859}","{""pop_size"": 100, ""max_iter"": 50, ""somersault_range"": 2.0}"
1283,mrfo,ema_shared,23,random,-53975.120158479,53975.120158479,1391.46790632067,50,17672.7886650006,False,"{""short_window"": 33.0, ""long_window"": 120.0, ""alpha"": 0.705686578558572}","{""pop_size"": 100, ""max_iter"": 50, ""somersault_range"": 2.0}"
1284,mrfo,ema_shared,24,random,-130135.597000849,130135.597000849,1000,50,17579.994447,False,"{""short_window"": 36.0, ""long_window"": 99.0, ""alpha"": 0.849249238435351}","{""pop_size"": 100, ""max_iter"": 50, ""somersault_range"": 2.0}"
1285,mrfo,ema_shared,26,random,-89210.4784939501,89210.4784939501,3465.80449627791,50,17465.8743199998,False,"{""short_window"": 40.0, ""long_window"": 49.0, ""alpha"": 0.5963569132553832}","{""pop_size"": 100, ""max_iter"": 50, ""somersault_range"": 2.0}"
1286,mrfo,ema_shared,25,random,-82466.9197468015,82466.9197468015,950.530832518955,50,17573.6963430008,False,"{""short_window"": 29.0, ""long_window"": 92.0, ""alpha"": 0.7076362024415433}","{""pop_size"": 100, ""max_iter"": 50, ""somersault_range"": 2.0}"
1287,mrfo,ema_shared,28,random,-61118.1180169778,61118.1180169778,1000,50,17508.508072,False,"{""short_window"": 33.0, ""long_window"": 74.0, ""alpha"": 0.784290095202572}","{""pop_size"": 100, ""max_iter"": 50, ""somersault_range"": 2.0}"
1288,mrfo,ema_shared,27,random,-75544.6631305471,75544.6631305471,1122.56619831844,50,17521.7312540008,False,"{""short_window"": 32.0, ""long_window"": 67.0, ""alpha"": 0.7502994093522743}","{""pop_size"": 100, ""max_iter"": 50, ""somersault_range"": 2.0}"
1289,mrfo,ema_shared,29,random,-54653.1138269186,54653.1138269186,1000,50,17659.432679,False,"{""short_window"": 26.0, ""long_window"": 73.0, ""alpha"": 0.7713474796207723}","{""pop_size"": 100, ""max_iter"": 50, ""somersault_range"": 2.0}"
1290,mrfo,ema_independent,2,random,-1000,1000,1000,50,17082.6350269999,True,"{""short_window"": 20.0, ""long_window"": 43.0, ""alpha_short"": 1.0, ""alpha_long"": 1.0}","{""pop_size"": 100, ""max_iter"": 50, ""somersault_range"": 2.0}"
1291,mrfo,ema_independent,0,random,-1000,1000,1000,50,17288.0749219985,True,"{""short_window"": 24.0, ""long_window"": 97.0, ""alpha_short"": 1.0, ""alpha_long"": 1.0}","{""pop_size"": 100, ""max_iter"": 50, ""somersault_range"": 2.0}"
1292,mrfo,ema_independent,1,random,-1000,1000,1000,50,17255.729339,True,"{""short_window"": 20.0, ""long_window"": 98.0, ""alpha_short"": 1.0, ""alpha_long"": 1.0}","{""pop_size"": 100, ""max_iter"": 50, ""somersault_range"": 2.0}"
1293,mrfo,ema_independent,3,random,-1000,1000,1000,50,17288.7046899996,True,"{""short_window"": 24.0, ""long_window"": 97.0, ""alpha_short"": 1.0, ""alpha_long"": 1.0}","{""pop_size"": 100, ""max_iter"": 50, ""somersault_range"": 2.0}"
1294,mrfo,ema_independent,4,random,-1000,1000,1000,50,17283.9874140009,True,"{""short_window"": 39.0, ""long_window"": 84.0, ""alpha_short"": 1.0, ""alpha_long"": 1.0}","{""pop_size"": 100, ""max_iter"": 50, ""somersault_range"": 2.0}"
1295,mrfo,ema_independent,5,random,-1000,1000,1000,50,17224.5659729997,True,"{""short_window"": 13.0, ""long_window"": 110.0, ""alpha_short"": 1.0, ""alpha_long"": 1.0}","{""pop_size"": 100, ""max_iter"": 50, ""somersault_range"": 2.0}"
1296,mrfo,ema_independent,7,random,-1000,1000,1000,50,16977.3068119994,True,"{""short_window"": 8.0, ""long_window"": 103.0, ""alpha_short"": 1.0, ""alpha_long"": 1.0}","{""pop_size"": 100, ""max_iter"": 50, ""somersault_range"": 2.0}"
1297,mrfo,ema_independent,6,random,-1000,1000,1000,50,17103.1067929998,True,"{""short_window"": 36.0, ""long_window"": 67.0, ""alpha_short"": 1.0, ""alpha_long"": 1.0}","{""pop_size"": 100, ""max_iter"": 50, ""somersault_range"": 2.0}"
1298,mrfo,ema_independent,9,random,-1000,1000,1000,50,16853.8414690011,True,"{""short_window"": 5.0, ""long_window"": 81.0, ""alpha_short"": 1.0, ""alpha_long"": 1.0}","{""pop_size"": 100, ""max_iter"": 50, ""somersault_range"": 2.0}"
1299,mrfo,ema_independent,10,random,-1000,1000,1000,50,17001.645888,True,"{""short_window"": 32.0, ""long_window"": 43.0, ""alpha_short"": 1.0, ""alpha_long"": 1.0}","{""pop_size"": 100, ""max_iter"": 50, ""somersault_range"": 2.0}"
1300,mrfo,ema_independent,8,random,-1000,1000,1000,50,17291.6362750002,True,"{""short_window"": 36.0, ""long_window"": 118.0, ""alpha_short"": 1.0, ""alpha_long"": 1.0}","{""pop_size"": 100, ""max_iter"": 50, ""somersault_range"": 2.0}"
1301,mrfo,ema_independent,11,random,-1000,1000,1000,50,16803.6478329996,True,"{""short_window"": 11.0, ""long_window"": 43.0, ""alpha_short"": 1.0, ""alpha_long"": 1.0}","{""pop_size"": 100, ""max_iter"": 50, ""somersault_range"": 2.0}"
1302,mrfo,ema_independent,12,random,-1000,1000,1000,50,17118.5015799983,True,"{""short_window"": 10.0, ""long_window"": 99.0, ""alpha_short"": 1.0, ""alpha_long"": 1.0}","{""pop_size"": 100, ""max_iter"": 50, ""somersault_range"": 2.0}"
1303,mrfo,ema_independent,13,random,-1000,1000,1000,50,17167.6360490001,True,"{""short_window"": 32.0, ""long_window"": 60.0, ""alpha_short"": 1.0, ""alpha_long"": 1.0}","{""pop_size"": 100, ""max_iter"": 50, ""somersault_range"": 2.0}"
1304,mrfo,ema_independent,14,random,-1000,1000,1000,50,17275.8928460007,True,"{""short_window"": 23.0, ""long_window"": 102.0, ""alpha_short"": 1.0, ""alpha_long"": 1.0}","{""pop_size"": 100, ""max_iter"": 50, ""somersault_range"": 2.0}"
1305,mrfo,ema_independent,16,random,-1000,1000,1000,50,17120.3216579997,True,"{""short_window"": 13.0, ""long_window"": 82.0, ""alpha_short"": 1.0, ""alpha_long"": 1.0}","{""pop_size"": 100, ""max_iter"": 50, ""somersault_range"": 2.0}"
1306,mrfo,ema_independent,15,random,-1000,1000,1000,50,17149.0188769985,True,"{""short_window"": 35.0, ""long_window"": 55.0, ""alpha_short"": 1.0, ""alpha_long"": 1.0}","{""pop_size"": 100, ""max_iter"": 50, ""somersault_range"": 2.0}"
1307,mrfo,ema_independent,17,random,-1000,1000,1000,50,17165.6588330006,True,"{""short_window"": 15.0, ""long_window"": 83.0, ""alpha_short"": 1.0, ""alpha_long"": 1.0}","{""pop_size"": 100, ""max_iter"": 50, ""somersault_range"": 2.0}"
1308,mrfo,ema_independent,19,random,-1000,1000,1000,50,16963.168454,True,"{""short_window"": 8.0, ""long_window"": 101.0, ""alpha_short"": 1.0, ""alpha_long"": 1.0}","{""pop_size"": 100, ""max_iter"": 50, ""somersault_range"": 2.0}"
1309,mrfo,ema_independent,18,random,-1000,1000,1000,50,17107.5491650008,True,"{""short_window"": 28.0, ""long_window"": 81.0, ""alpha_short"": 1.0, ""alpha_long"": 1.0}","{""pop_size"": 100, ""max_iter"": 50, ""somersault_range"": 2.0}"
1310,mrfo,ema_independent,21,random,-1000,1000,1000,50,16815.5173750001,True,"{""short_window"": 7.0, ""long_window"": 64.0, ""alpha_short"": 1.0, ""alpha_long"": 1.0}","{""pop_size"": 100, ""max_iter"": 50, ""somersault_range"": 2.0}"
1311,mrfo,ema_independent,20,random,-1000,1000,1000,50,17147.330242,True,"{""short_window"": 26.0, ""long_window"": 112.0, ""alpha_short"": 1.0, ""alpha_long"": 1.0}","{""pop_size"": 100, ""max_iter"": 50, ""somersault_range"": 2.0}"
1312,mrfo,ema_independent,22,random,-1000,1000,1000,50,17101.4190990009,True,"{""short_window"": 12.0, ""long_window"": 79.0, ""alpha_short"": 1.0, ""alpha_long"": 1.0}","{""pop_size"": 100, ""max_iter"": 50, ""somersault_range"": 2.0}"
1313,mrfo,ema_independent,23,random,-1000,1000,1000,50,17112.8709029999,True,"{""short_window"": 23.0, ""long_window"": 116.0, ""alpha_short"": 1.0, ""alpha_long"": 1.0}","{""pop_size"": 100, ""max_iter"": 50, ""somersault_range"": 2.0}"
1314,mrfo,ema_independent,24,random,-1000,1000,1000,50,17247.9150710005,True,"{""short_window"": 39.0, ""long_window"": 96.0, ""alpha_short"": 1.0, ""alpha_long"": 1.0}","{""pop_size"": 100, ""max_iter"": 50, ""somersault_range"": 2.0}"
1315,mrfo,ema_independent,25,random,-1000,1000,1000,50,17209.0101230006,True,"{""short_window"": 35.0, ""long_window"": 87.0, ""alpha_short"": 1.0, ""alpha_long"": 1.0}","{""pop_size"": 100, ""max_iter"": 50, ""somersault_range"": 2.0}"
1316,mrfo,ema_independent,26,random,-1000,1000,1000,50,17126.1730349997,True,"{""short_window"": 16.0, ""long_window"": 82.0, ""alpha_short"": 1.0, ""alpha_long"": 1.0}","{""pop_size"": 100, ""max_iter"": 50, ""somersault_range"": 2.0}"
1317,mrfo,ema_independent,28,random,-1000,1000,1000,50,17077.5959059993,True,"{""short_window"": 31.0, ""long_window"": 85.0, ""alpha_short"": 1.0, ""alpha_long"": 1.0}","{""pop_size"": 100, ""max_iter"": 50, ""somersault_range"": 2.0}"
1318,mrfo,ema_independent,27,random,-1000,1000,1000,50,17177.1128750006,True,"{""short_window"": 20.0, ""long_window"": 105.0, ""alpha_short"": 1.0, ""alpha_long"": 1.0}","{""pop_size"": 100, ""max_iter"": 50, ""somersault_range"": 2.0}"
1319,mrfo,ema_independent,29,random,-1000,1000,1000,50,17159.8238899987,True,"{""short_window"": 35.0, ""long_window"": 64.0, ""alpha_short"": 1.0, ""alpha_long"": 1.0}","{""pop_size"": 100, ""max_iter"": 50, ""somersault_range"": 2.0}"
1320,mrfo,weighted,1,random,-12710.558035664,12710.558035664,4296.9696617001,50,19396.5455420002,False,"{""high_w1"": 0.1703316174476688, ""high_w2"": 0.8619466512390571, ""high_w3"": 0.13173930582262275, ""high_d1"": 44.25030597162474, ""high_d2"": 49.97960869309573, ""high_d3"": 5.326533327790187, ""high_alpha3"": 0.042034307858966585, ""low_w1"": 0.1284184525498355, ""low_w2"": 0.14677023160835376, ""low_w3"": 0.8695666711060402, ""low_d1"": 6.204744584134247, ""low_d2"": 5.994032452396639, ""low_d3"": 33.032031304170616, ""low_alpha3"": 0.06584515755172315}","{""pop_size"": 100, ""max_iter"": 50, ""somersault_range"": 2.0}"
1321,mrfo,weighted,2,random,-13735.5815910519,13735.5815910519,4862.21260866413,50,19972.0039240001,False,"{""high_w1"": 0.8435260831972418, ""high_w2"": 0.9431150537116255, ""high_w3"": 0.4892640405823416, ""high_d1"": 45.94004699962315, ""high_d2"": 47.28652096518891, ""high_d3"": 47.088070634000495, ""high_alpha3"": 0.1544273532849179, ""low_w1"": 0.6588026663344101, ""low_w2"": 0.9189528074750448, ""low_w3"": 0.3026781282423147, ""low_d1"": 9.88972411769278, ""low_d2"": 43.69217583766937, ""low_d3"": 15.461506658960152, ""low_alpha3"": 0.04887774443080527}","{""pop_size"": 100, ""max_iter"": 50, ""somersault_range"": 2.0}"
1322,mrfo,weighted,5,random,-12713.5766170675,12713.5766170675,4370.7415044888,50,19456.8060000001,False,"{""high_w1"": 0.43173832446676125, ""high_w2"": 0.09514583233621687, ""high_w3"": 0.21174830053627647, ""high_d1"": 45.85170167557519, ""high_d2"": 8.639646170293293, ""high_d3"": 50.0, ""high_alpha3"": 0.26681591354405876, ""low_w1"": 0.15585788185071153, ""low_w2"": 0.4306870400518979, ""low_w3"": 0.9900924101482212, ""low_d1"": 10.237297624885047, ""low_d2"": 6.112937450015298, ""low_d3"": 15.829982113685226, ""low_alpha3"": 0.11510532190083043}","{""pop_size"": 100, ""max_iter"": 50, ""somersault_range"": 2.0}"
1323,mrfo,weighted,4,random,-46500.2690578354,46500.2690578354,977.239979441827,50,20187.5556739997,False,"{""high_w1"": 1.0, ""high_w2"": 1.0, ""high_w3"": 1.0, ""high_d1"": 50.0, ""high_d2"": 50.0, ""high_d3"": 46.82844315721632, ""high_alpha3"": 0.99, ""low_w1"": 1.0, ""low_w2"": 1.0, ""low_w3"": 1.0, ""low_d1"": 50.0, ""low_d2"": 50.0, ""low_d3"": 50.0, ""low_alpha3"": 0.99}","{""pop_size"": 100, ""max_iter"": 50, ""somersault_range"": 2.0}"
1324,mrfo,weighted,0,random,-73973.1151178638,73973.1151178638,4955.27050390244,50,20682.9166299995,False,"{""high_w1"": 0.7062763040359193, ""high_w2"": 0.7062763040359193, ""high_w3"": 0.7062763040359193, ""high_d1"": 35.313590315358184, ""high_d2"": 35.313590315358184, ""high_d3"": 35.313590315358184, ""high_alpha3"": 0.6991715315370948, ""low_w1"": 0.7062763040359193, ""low_w2"": 0.7062763040359193, ""low_w3"": 0.7062763040359193, ""low_d1"": 35.313590315358184, ""low_d2"": 35.31333241824574, ""low_d3"": 34.34335070337999, ""low_alpha3"": 0.6991715315370948}","{""pop_size"": 100, ""max_iter"": 50, ""somersault_range"": 2.0}"
1325,mrfo,weighted,3,random,-90178.5079010732,90178.5079010732,1428.86833343684,50,20437.3245370007,False,"{""high_w1"": 0.9977372431216578, ""high_w2"": 0.9977372431216578, ""high_w3"": 0.9977372431216578, ""high_d1"": 49.886862156082884, ""high_d2"": 49.88681125607517, ""high_d3"": 47.23284358554445, ""high_alpha3"": 0.987759870690441, ""low_w1"": 0.9977372431216578, ""low_w2"": 0.9977372431216578, ""low_w3"": 0.9977372431216578, ""low_d1"": 49.886862156082884, ""low_d2"": 49.886862156082884, ""low_d3"": 49.886862156082884, ""low_alpha3"": 0.987759870690441}","{""pop_size"": 100, ""max_iter"": 50, ""somersault_range"": 2.0}"
1326,mrfo,weighted,9,random,-12220.2842478714,12220.2842478714,4877.63014292138,50,19577.4031460005,False,"{""high_w1"": 0.8406730665412361, ""high_w2"": 0.8871604368376286, ""high_w3"": 0.7161289678787476, ""high_d1"": 50.0, ""high_d2"": 49.45715848964371, ""high_d3"": 2.0, ""high_alpha3"": 0.432487828563779, ""low_w1"": 0.7193526979745212, ""low_w2"": 0.9836928654802388, ""low_w3"": 0.4475608209179628, ""low_d1"": 2.0, ""low_d2"": 18.557139825084697, ""low_d3"": 33.810874075397685, ""low_alpha3"": 0.15732013336772416}","{""pop_size"": 100, ""max_iter"": 50, ""somersault_range"": 2.0}"
1327,mrfo,weighted,6,random,-10959.6922460448,10959.6922460448,4753.66216049704,50,20088.9160999996,False,"{""high_w1"": 0.6546358688508287, ""high_w2"": 0.26593252951527524, ""high_w3"": 0.2270402501590375, ""high_d1"": 47.42290014705655, ""high_d2"": 35.746600687492815, ""high_d3"": 47.505452828701834, ""high_alpha3"": 0.2488565863887273, ""low_w1"": 0.6215966385131294, ""low_w2"": 0.9489064818798412, ""low_w3"": 0.5094951539546211, ""low_d1"": 10.026170285525149, ""low_d2"": 23.07694038150961, ""low_d3"": 18.216503745893938, ""low_alpha3"": 0.46711003978856824}","{""pop_size"": 100, ""max_iter"": 50, ""somersault_range"": 2.0}"
1328,mrfo,weighted,7,random,-11217.5648786423,11217.5648786423,5276.19312001015,50,20383.5609979997,False,"{""high_w1"": 0.5087775241448271, ""high_w2"": 0.8262227789244011, ""high_w3"": 0.16946239602170254, ""high_d1"": 47.02386692205823, ""high_d2"": 47.02386692205823, ""high_d3"": 46.71990763488012, ""high_alpha3"": 0.02630085182266723, ""low_w1"": 0.8331406845313797, ""low_w2"": 0.8351819468534649, ""low_w3"": 0.8481051035150994, ""low_d1"": 11.765123744214025, ""low_d2"": 35.68897622395585, ""low_d3"": 47.02386692205823, ""low_alpha3"": 0.06588705588054233}","{""pop_size"": 100, ""max_iter"": 50, ""somersault_range"": 2.0}"
1329,mrfo,weighted,8,random,-13566.0788104512,13566.0788104512,4242.38288690645,50,20698.3955569995,False,"{""high_w1"": 0.24714969606117163, ""high_w2"": 0.8004926966329475, ""high_w3"": 0.8815717098954212, ""high_d1"": 29.427093406710913, ""high_d2"": 49.27502033916495, ""high_d3"": 41.274015603420196, ""high_alpha3"": 0.2972600066843326, ""low_w1"": 0.27669309007618387, ""low_w2"": 0.9811200466616748, ""low_w3"": 0.28555884177346896, ""low_d1"": 28.60221764641676, ""low_d2"": 16.091547277094254, ""low_d3"": 30.298525130501297, ""low_alpha3"": 0.7631032384030727}","{""pop_size"": 100, ""max_iter"": 50, ""somersault_range"": 2.0}"
1330,mrfo,weighted,10,random,-68821.8812452813,68821.8812452813,3002.45636992527,50,20699.8947520005,False,"{""high_w1"": 1.0, ""high_w2"": 1.0, ""high_w3"": 1.0, ""high_d1"": 50.0, ""high_d2"": 50.0, ""high_d3"": 47.28564083467599, ""high_alpha3"": 0.99, ""low_w1"": 1.0, ""low_w2"": 1.0, ""low_w3"": 1.0, ""low_d1"": 50.0, ""low_d2"": 50.0, ""low_d3"": 26.675085796738777, ""low_alpha3"": 0.99}","{""pop_size"": 100, ""max_iter"": 50, ""somersault_range"": 2.0}"
1331,mrfo,weighted,11,random,-11407.2184902569,11407.2184902569,4829.79549792146,50,20317.5067359989,False,"{""high_w1"": 0.7509049884235475, ""high_w2"": 0.3934794271144079, ""high_w3"": 0.10353524473074281, ""high_d1"": 47.328987896213235, ""high_d2"": 50.0, ""high_d3"": 45.89280754971776, ""high_alpha3"": 0.8497315388461373, ""low_w1"": 0.12859733387850833, ""low_w2"": 0.07796098553772632, ""low_w3"": 0.9386539623217777, ""low_d1"": 3.1177584377166707, ""low_d2"": 50.0, ""low_d3"": 45.5968508254906, ""low_alpha3"": 0.11663340433755436}","{""pop_size"": 100, ""max_iter"": 50, ""somersault_range"": 2.0}"
1332,mrfo,weighted,13,random,-12543.7577761882,12543.7577761882,5008.40102158629,50,19655.1832749992,False,"{""high_w1"": 0.9437224645587354, ""high_w2"": 0.8356663365289969, ""high_w3"": 0.168610937324901, ""high_d1"": 49.47015654272505, ""high_d2"": 47.36045409197013, ""high_d3"": 48.363684246967324, ""high_alpha3"": 0.40792686775731546, ""low_w1"": 0.14557501487004404, ""low_w2"": 0.9822074470993071, ""low_w3"": 0.9912223868100325, ""low_d1"": 2.338886793427586, ""low_d2"": 17.43041263364936, ""low_d3"": 25.445401299019576, ""low_alpha3"": 0.1217586185438187}","{""pop_size"": 100, ""max_iter"": 50, ""somersault_range"": 2.0}"
1333,mrfo,weighted,14,random,-11877.0680174448,11877.0680174448,5670.18469428074,50,19654.8024570002,False,"{""high_w1"": 0.7279932145412819, ""high_w2"": 0.8756973141808612, ""high_w3"": 0.05588054391306734, ""high_d1"": 42.8605426802516, ""high_d2"": 5.66883466699988, ""high_d3"": 2.467411524581364, ""high_alpha3"": 0.8751011716138397, ""low_w1"": 0.4714274876484541, ""low_w2"": 0.05590876504563659, ""low_w3"": 0.8777779902077253, ""low_d1"": 13.867323755674004, ""low_d2"": 14.632648320894575, ""low_d3"": 42.023732046662616, ""low_alpha3"": 0.32050745680219755}","{""pop_size"": 100, ""max_iter"": 50, ""somersault_range"": 2.0}"
1334,mrfo,weighted,12,random,-72103.0069182953,72103.0069182953,3204.63837054794,50,20525.6887560008,False,"{""high_w1"": 0.7225728045657682, ""high_w2"": 0.7225728045657682, ""high_w3"": 0.7225728045657682, ""high_d1"": 35.998690768978065, ""high_d2"": 35.998690768978065, ""high_d3"": 27.839383476308587, ""high_alpha3"": 0.7050810692345932, ""low_w1"": 0.7225728045657682, ""low_w2"": 0.7225728045657682, ""low_w3"": 0.7225728045657682, ""low_d1"": 35.998690768978065, ""low_d2"": 35.998690768978065, ""low_d3"": 35.998690768978065, ""low_alpha3"": 0.7050810692345932}","{""pop_size"": 100, ""max_iter"": 50, ""somersault_range"": 2.0}"
1335,mrfo,weighted,17,random,-46500.2690578354,46500.2690578354,977.239979441827,50,19852.536458,False,"{""high_w1"": 1.0, ""high_w2"": 1.0, ""high_w3"": 1.0, ""high_d1"": 50.0, ""high_d2"": 50.0, ""high_d3"": 46.65567853302459, ""high_alpha3"": 0.99, ""low_w1"": 1.0, ""low_w2"": 1.0, ""low_w3"": 1.0, ""low_d1"": 50.0, ""low_d2"": 50.0, ""low_d3"": 50.0, ""low_alpha3"": 0.99}","{""pop_size"": 100, ""max_iter"": 50, ""somersault_range"": 2.0}"
1336,mrfo,weighted,15,random,-11923.0722488919,11923.0722488919,4712.54568769086,50,20301.3344659994,False,"{""high_w1"": 0.9109539705519751, ""high_w2"": 0.6503850582266184, ""high_w3"": 0.2790150123620617, ""high_d1"": 47.37596829863655, ""high_d2"": 32.19659197070887, ""high_d3"": 39.092957657204686, ""high_alpha3"": 0.8920313892340764, ""low_w1"": 0.5154221700848696, ""low_w2"": 0.3110182061339485, ""low_w3"": 0.29916647129294227, ""low_d1"": 16.23240883626356, ""low_d2"": 48.077187771221226, ""low_d3"": 45.034045757646076, ""low_alpha3"": 0.492290637722801}","{""pop_size"": 100, ""max_iter"": 50, ""somersault_range"": 2.0}"
1337,mrfo,weighted,16,random,-48834.8299172955,48834.8299172955,4076.2334630077,50,20212.9062210006,False,"{""high_w1"": 0.7160585877956125, ""high_w2"": 0.7160585877956125, ""high_w3"": 0.7160585877956125, ""high_d1"": 35.653486541252, ""high_d2"": 35.653486541252, ""high_d3"": 33.5814945773311, ""high_alpha3"": 0.697092016883895, ""low_w1"": 0.7160585877956125, ""low_w2"": 0.7160585877956125, ""low_w3"": 0.7160585877956125, ""low_d1"": 35.653486541252, ""low_d2"": 35.653486541252, ""low_d3"": 35.653486541252, ""low_alpha3"": 0.697092016883895}","{""pop_size"": 100, ""max_iter"": 50, ""somersault_range"": 2.0}"
1338,mrfo,weighted,18,random,-11782.8437174724,11782.8437174724,5528.54745864236,50,19445.6729630001,False,"{""high_w1"": 0.7929067467816836, ""high_w2"": 0.25385016178841485, ""high_w3"": 0.2350751556556018, ""high_d1"": 43.3039155157154, ""high_d2"": 5.563734468364991, ""high_d3"": 9.943403028803802, ""high_alpha3"": 0.3879425833259841, ""low_w1"": 0.22938227458385507, ""low_w2"": 0.3386039935301221, ""low_w3"": 0.5488472080564518, ""low_d1"": 32.32015710686607, ""low_d2"": 14.166648096870048, ""low_d3"": 16.543207754541584, ""low_alpha3"": 0.2794535898815252}","{""pop_size"": 100, ""max_iter"": 50, ""somersault_range"": 2.0}"
1339,mrfo,weighted,19,random,-12124.4415732722,12124.4415732722,4302.99959587743,50,20369.3602889998,False,"{""high_w1"": 0.8956713511126648, ""high_w2"": 0.8292694920072747, ""high_w3"": 0.12690896220403483, ""high_d1"": 47.38902753753608, ""high_d2"": 43.94081744780528, ""high_d3"": 47.957214703594396, ""high_alpha3"": 0.5568961286785916, ""low_w1"": 0.1141467356985497, ""low_w2"": 0.8512554148347444, ""low_w3"": 0.9117488361039011, ""low_d1"": 15.147110983345305, ""low_d2"": 46.87078187337631, ""low_d3"": 44.72264529660974, ""low_alpha3"": 0.1736953756565959}","{""pop_size"": 100, ""max_iter"": 50, ""somersault_range"": 2.0}"
1340,mrfo,weighted,20,random,-11545.3518612703,11545.3518612703,5680.52461788012,50,20088.925733,False,"{""high_w1"": 0.4626968645963381, ""high_w2"": 0.5518600422843968, ""high_w3"": 0.4404835462649031, ""high_d1"": 43.6348294839092, ""high_d2"": 46.908408566686596, ""high_d3"": 20.873711470827253, ""high_alpha3"": 0.36076995592458805, ""low_w1"": 0.25061780289306707, ""low_w2"": 0.582363722738957, ""low_w3"": 0.15874457761458965, ""low_d1"": 5.93686546579947, ""low_d2"": 16.274760246482106, ""low_d3"": 30.20213605376125, ""low_alpha3"": 0.011503078711200154}","{""pop_size"": 100, ""max_iter"": 50, ""somersault_range"": 2.0}"
1341,mrfo,weighted,21,random,-12460.6192328405,12460.6192328405,4780.10394847531,50,20069.1068430006,False,"{""high_w1"": 0.5626979054669003, ""high_w2"": 0.05, ""high_w3"": 0.4226854392647543, ""high_d1"": 48.21260705548916, ""high_d2"": 48.592281712274804, ""high_d3"": 48.70064387824696, ""high_alpha3"": 0.5223402925242351, ""low_w1"": 0.8281260772567912, ""low_w2"": 0.8267637783498245, ""low_w3"": 0.6469091644254918, ""low_d1"": 7.678194486899643, ""low_d2"": 20.5944202295871, ""low_d3"": 33.073679799040384, ""low_alpha3"": 0.8008034934163504}","{""pop_size"": 100, ""max_iter"": 50, ""somersault_range"": 2.0}"
1342,mrfo,weighted,22,random,-11757.4106850515,11757.4106850515,4964.16598024059,50,20123.7159100001,False,"{""high_w1"": 1.0, ""high_w2"": 1.0, ""high_w3"": 1.0, ""high_d1"": 50.0, ""high_d2"": 50.0, ""high_d3"": 50.0, ""high_alpha3"": 0.9718312298324443, ""low_w1"": 0.24347895569333955, ""low_w2"": 1.0, ""low_w3"": 0.7156101142635326, ""low_d1"": 50.0, ""low_d2"": 17.676589686741927, ""low_d3"": 6.112055264361686, ""low_alpha3"": 0.883901093289736}","{""pop_size"": 100, ""max_iter"": 50, ""somersault_range"": 2.0}"
1343,mrfo,weighted,23,random,-11703.7940219939,11703.7940219939,4772.08520540454,50,20681.1341979992,False,"{""high_w1"": 0.9109718480744127, ""high_w2"": 0.8959119983556217, ""high_w3"": 0.13276069287965564, ""high_d1"": 49.39634955598276, ""high_d2"": 48.73147356900015, ""high_d3"": 46.22373029328836, ""high_alpha3"": 0.04886975208971997, ""low_w1"": 0.9592474690994068, ""low_w2"": 0.060666545151266286, ""low_w3"": 0.9652940735689918, ""low_d1"": 48.80595555147422, ""low_d2"": 48.728245509595645, ""low_d3"": 40.895177780600456, ""low_alpha3"": 0.05839104815829417}","{""pop_size"": 100, ""max_iter"": 50, ""somersault_range"": 2.0}"
1344,mrfo,weighted,24,random,-11398.9525797341,11398.9525797341,4939.26512332607,50,19509.2996330004,False,"{""high_w1"": 0.5211823228600526, ""high_w2"": 1.0, ""high_w3"": 0.17632868042710806, ""high_d1"": 50.0, ""high_d2"": 50.0, ""high_d3"": 5.013817727822741, ""high_alpha3"": 0.99, ""low_w1"": 1.0, ""low_w2"": 0.1741661331676361, ""low_w3"": 1.0, ""low_d1"": 15.859906654337463, ""low_d2"": 20.530370948859957, ""low_d3"": 19.98292819730466, ""low_alpha3"": 0.27962291574518505}","{""pop_size"": 100, ""max_iter"": 50, ""somersault_range"": 2.0}"
1345,mrfo,weighted,25,random,-11966.4644620797,11966.4644620797,3814.94650422995,50,19551.954347,False,"{""high_w1"": 0.8533275950359427, ""high_w2"": 0.8115627840552923, ""high_w3"": 0.8004301845664642, ""high_d1"": 41.86646101750618, ""high_d2"": 44.90491409665882, ""high_d3"": 3.034674351333498, ""high_alpha3"": 0.41761822732247805, ""low_w1"": 0.8883844532035903, ""low_w2"": 0.06910199660905804, ""low_w3"": 0.4993360382759596, ""low_d1"": 14.201254016973614, ""low_d2"": 45.55195973349054, ""low_d3"": 4.083003074947647, ""low_alpha3"": 0.7372295721604135}","{""pop_size"": 100, ""max_iter"": 50, ""somersault_range"": 2.0}"
1346,mrfo,weighted,26,random,-13077.1024937432,13077.1024937432,4884.01932498722,50,19737.6684589999,False,"{""high_w1"": 0.9356355820982623, ""high_w2"": 0.9133662320425752, ""high_w3"": 0.8011041387129719, ""high_d1"": 47.18328289406988, ""high_d2"": 45.14683931256044, ""high_d3"": 39.02440853073143, ""high_alpha3"": 0.012307857111843382, ""low_w1"": 0.49001113542646535, ""low_w2"": 0.8952618894388056, ""low_w3"": 0.059870389056773346, ""low_d1"": 32.178676569430664, ""low_d2"": 17.135245743710268, ""low_d3"": 5.477796913088966, ""low_alpha3"": 0.019932219904393412}","{""pop_size"": 100, ""max_iter"": 50, ""somersault_range"": 2.0}"
1347,mrfo,weighted,27,random,-12103.9224233672,12103.9224233672,4358.00099968728,50,19712.4404240003,False,"{""high_w1"": 0.9135539096546288, ""high_w2"": 0.09388485004885716, ""high_w3"": 0.22824999770251542, ""high_d1"": 45.042008420211786, ""high_d2"": 9.883216535170767, ""high_d3"": 6.200119257040242, ""high_alpha3"": 0.47649470254443244, ""low_w1"": 0.5246583434509728, ""low_w2"": 0.15086220531340114, ""low_w3"": 0.8482929872447577, ""low_d1"": 43.006816419667246, ""low_d2"": 21.640660884049044, ""low_d3"": 36.74124240190154, ""low_alpha3"": 0.24033280995033868}","{""pop_size"": 100, ""max_iter"": 50, ""somersault_range"": 2.0}"
1348,mrfo,weighted,29,random,-10860.2516989136,10860.2516989136,4106.54942942497,50,19763.3276079996,False,"{""high_w1"": 0.7403607498600951, ""high_w2"": 0.4671631293785675, ""high_w3"": 0.2817415599430576, ""high_d1"": 40.97015092290318, ""high_d2"": 28.50686303511864, ""high_d3"": 24.935239766860263, ""high_alpha3"": 0.6938804604491265, ""low_w1"": 0.7531331681298012, ""low_w2"": 0.3204412519166025, ""low_w3"": 0.2439565864816147, ""low_d1"": 8.585152864441252, ""low_d2"": 25.568009997932304, ""low_d3"": 33.73860715336685, ""low_alpha3"": 0.7474314171918289}","{""pop_size"": 100, ""max_iter"": 50, ""somersault_range"": 2.0}"
1349,mrfo,weighted,28,random,-83863.5955177782,83863.5955177782,1090.5033356829,50,20516.8502699999,False,"{""high_w1"": 0.981144976006132, ""high_w2"": 0.981144976006132, ""high_w3"": 0.981144976006132, ""high_d1"": 49.0572488003066, ""high_d2"": 49.0572488003066, ""high_d3"": 49.0572488003066, ""high_alpha3"": 0.9713335262460707, ""low_w1"": 0.981144976006132, ""low_w2"": 0.981144976006132, ""low_w3"": 0.981144976006132, ""low_d1"": 49.0572488003066, ""low_d2"": 49.0572488003066, ""low_d3"": 30.601463412128624, ""low_alpha3"": 0.9713335262460707}","{""pop_size"": 100, ""max_iter"": 50, ""somersault_range"": 2.0}"
1350,sos,sma,0,random,-932.49722762536,932.49722762536,1180.27572148885,50,22636.2213650009,False,"{""short_window"": 48.66013165854043, ""long_window"": 196.5567915918901}","{""pop_size"": 100, ""max_iter"": 50}"
1351,sos,sma,1,random,-932.49722762536,932.49722762536,1180.27572148885,50,22872.3979339993,False,"{""short_window"": 48.94105733395624, ""long_window"": 197.41516076637464}","{""pop_size"": 100, ""max_iter"": 50}"
1352,sos,sma,2,random,-932.49722762536,932.49722762536,1180.27572148885,50,22858.3111450007,False,"{""short_window"": 49.07870034045353, ""long_window"": 196.80586750045575}","{""pop_size"": 100, ""max_iter"": 50}"
1353,sos,sma,3,random,-932.49722762536,932.49722762536,1180.27572148885,50,22859.4636440012,False,"{""short_window"": 49.4765592670027, ""long_window"": 197.2602634789529}","{""pop_size"": 100, ""max_iter"": 50}"
1354,sos,sma,4,random,-932.49722762536,932.49722762536,1180.27572148885,50,22879.7311520011,False,"{""short_window"": 49.10624594443175, ""long_window"": 197.32129645264752}","{""pop_size"": 100, ""max_iter"": 50}"
1355,sos,sma,5,random,-932.49722762536,932.49722762536,1180.27572148885,50,22836.0721579993,False,"{""short_window"": 49.39545357109485, ""long_window"": 196.85115951394982}","{""pop_size"": 100, ""max_iter"": 50}"
1356,sos,sma,6,random,-932.49722762536,932.49722762536,1180.27572148885,50,22598.2905319997,False,"{""short_window"": 48.77682845074177, ""long_window"": 196.96843852347163}","{""pop_size"": 100, ""max_iter"": 50}"
1357,sos,sma,7,random,-932.49722762536,932.49722762536,1180.27572148885,50,22575.0372450002,False,"{""short_window"": 49.14490873289658, ""long_window"": 196.96675776311687}","{""pop_size"": 100, ""max_iter"": 50}"
1358,sos,sma,8,random,-932.49722762536,932.49722762536,1180.27572148885,50,22606.0452419988,False,"{""short_window"": 48.50105170043164, ""long_window"": 197.32446310555713}","{""pop_size"": 100, ""max_iter"": 50}"
1359,sos,sma,9,random,-932.49722762536,932.49722762536,1180.27572148885,50,22565.8650430014,False,"{""short_window"": 48.97173438125235, ""long_window"": 197.13976771476572}","{""pop_size"": 100, ""max_iter"": 50}"
1360,sos,sma,10,random,-932.49722762536,932.49722762536,1180.27572148885,50,22590.856544999,False,"{""short_window"": 49.01396489962922, ""long_window"": 197.11682855947416}","{""pop_size"": 100, ""max_iter"": 50}"
1361,sos,sma,11,random,-932.49722762536,932.49722762536,1180.27572148885,50,22710.2207030002,False,"{""short_window"": 49.36468583111006, ""long_window"": 197.41381344335724}","{""pop_size"": 100, ""max_iter"": 50}"
1362,sos,sma,12,random,-932.49722762536,932.49722762536,1180.27572148885,50,22606.8693809993,False,"{""short_window"": 49.32697489853799, ""long_window"": 196.83437948411404}","{""pop_size"": 100, ""max_iter"": 50}"
1363,sos,sma,13,random,-932.49722762536,932.49722762536,1180.27572148885,50,22692.6621549992,False,"{""short_window"": 48.75654499919407, ""long_window"": 196.74481804030276}","{""pop_size"": 100, ""max_iter"": 50}"
1364,sos,sma,14,random,-932.49722762536,932.49722762536,1180.27572148885,50,22704.6457840006,False,"{""short_window"": 48.90743976587391, ""long_window"": 197.128416745391}","{""pop_size"": 100, ""max_iter"": 50}"
1365,sos,sma,15,random,-932.49722762536,932.49722762536,1180.27572148885,50,22658.9142350003,False,"{""short_window"": 49.1071738765778, ""long_window"": 197.46846674564588}","{""pop_size"": 100, ""max_iter"": 50}"
1366,sos,sma,16,random,-932.49722762536,932.49722762536,1180.27572148885,50,22673.6722429996,False,"{""short_window"": 49.24811589172873, ""long_window"": 197.48691428594088}","{""pop_size"": 100, ""max_iter"": 50}"
1367,sos,sma,17,random,-932.49722762536,932.49722762536,1180.27572148885,50,22642.1534000001,False,"{""short_window"": 48.990970127769316, ""long_window"": 196.7022632136382}","{""pop_size"": 100, ""max_iter"": 50}"
1368,sos,sma,18,random,-932.49722762536,932.49722762536,1180.27572148885,50,22570.1002859987,False,"{""short_window"": 49.16633560578538, ""long_window"": 197.1568976889459}","{""pop_size"": 100, ""max_iter"": 50}"
1369,sos,sma,19,random,-932.49722762536,932.49722762536,1180.27572148885,50,22591.847284999,False,"{""short_window"": 48.785163949330816, ""long_window"": 196.74802205758263}","{""pop_size"": 100, ""max_iter"": 50}"
1370,sos,sma,20,random,-932.49722762536,932.49722762536,1180.27572148885,50,22606.6184200008,False,"{""short_window"": 48.66191107720644, ""long_window"": 196.54172058150922}","{""pop_size"": 100, ""max_iter"": 50}"
1371,sos,sma,21,random,-932.49722762536,932.49722762536,1180.27572148885,50,22558.7945879997,False,"{""short_window"": 49.13577115914831, ""long_window"": 197.43801153656227}","{""pop_size"": 100, ""max_iter"": 50}"
1372,sos,sma,22,random,-932.49722762536,932.49722762536,1180.27572148885,50,22566.2216510009,False,"{""short_window"": 49.354134771939954, ""long_window"": 197.00508252100644}","{""pop_size"": 100, ""max_iter"": 50}"
1373,sos,sma,23,random,-932.49722762536,932.49722762536,1180.27572148885,50,22680.9900949993,False,"{""short_window"": 48.64431505705129, ""long_window"": 197.48344797906728}","{""pop_size"": 100, ""max_iter"": 50}"
1374,sos,sma,24,random,-932.49722762536,932.49722762536,1180.27572148885,50,22616.3171139997,False,"{""short_window"": 49.399054997181324, ""long_window"": 196.68332892054124}","{""pop_size"": 100, ""max_iter"": 50}"
1375,sos,sma,25,random,-932.49722762536,932.49722762536,1180.27572148885,50,22768.566701001,False,"{""short_window"": 48.88292904650417, ""long_window"": 197.2426000002796}","{""pop_size"": 100, ""max_iter"": 50}"
1376,sos,sma,26,random,-932.49722762536,932.49722762536,1180.27572148885,50,22785.3619830003,False,"{""short_window"": 48.579183081416154, ""long_window"": 197.01320060359438}","{""pop_size"": 100, ""max_iter"": 50}"
1377,sos,sma,27,random,-932.49722762536,932.49722762536,1180.27572148885,50,22736.5118799989,False,"{""short_window"": 48.56685524012275, ""long_window"": 196.7884102921631}","{""pop_size"": 100, ""max_iter"": 50}"
1378,sos,sma,28,random,-932.49722762536,932.49722762536,1180.27572148885,50,22775.8412470012,False,"{""short_window"": 48.94039213833234, ""long_window"": 197.28976975195727}","{""pop_size"": 100, ""max_iter"": 50}"
1379,sos,sma,29,random,-932.49722762536,932.49722762536,1180.27572148885,50,22764.1548560005,False,"{""short_window"": 48.81128128901143, ""long_window"": 196.97382529208042}","{""pop_size"": 100, ""max_iter"": 50}"
1380,sos,lma,0,random,-818.928633013523,818.928633013523,907.977723746608,50,22941.1185030003,False,"{""short_window"": 20.68412265430851, ""long_window"": 195.149332520813}","{""pop_size"": 100, ""max_iter"": 50}"
1381,sos,lma,1,random,-818.928633013523,818.928633013523,907.977723746608,50,22910.497806999,False,"{""short_window"": 21.488198703971783, ""long_window"": 194.76084249636864}","{""pop_size"": 100, ""max_iter"": 50}"
1382,sos,lma,2,random,-818.928633013523,818.928633013523,907.977723746608,50,22957.3769889994,False,"{""short_window"": 20.990213848851408, ""long_window"": 195.00303426204806}","{""pop_size"": 100, ""max_iter"": 50}"
1383,sos,lma,3,random,-818.928633013523,818.928633013523,907.977723746608,50,22975.7694,False,"{""short_window"": 20.84012676438668, ""long_window"": 195.26412868866066}","{""pop_size"": 100, ""max_iter"": 50}"
1384,sos,lma,4,random,-818.928633013523,818.928633013523,907.977723746608,50,23004.8725380002,False,"{""short_window"": 20.967417435371463, ""long_window"": 195.31568458410055}","{""pop_size"": 100, ""max_iter"": 50}"
1385,sos,lma,5,random,-818.928633013523,818.928633013523,907.977723746608,50,23116.4004319999,False,"{""short_window"": 20.52282498203507, ""long_window"": 194.62057072629}","{""pop_size"": 100, ""max_iter"": 50}"
1386,sos,lma,6,random,-818.928633013523,818.928633013523,907.977723746608,50,22999.4871840008,False,"{""short_window"": 20.689956962417394, ""long_window"": 195.01425751726975}","{""pop_size"": 100, ""max_iter"": 50}"
1387,sos,lma,7,random,-818.928633013523,818.928633013523,907.977723746608,50,23150.0670189998,False,"{""short_window"": 20.707978070854693, ""long_window"": 195.43624713808595}","{""pop_size"": 100, ""max_iter"": 50}"
1388,sos,lma,8,random,-818.928633013523,818.928633013523,907.977723746608,50,23120.3261619994,False,"{""short_window"": 21.441454353125934, ""long_window"": 194.64299887533016}","{""pop_size"": 100, ""max_iter"": 50}"
1389,sos,lma,9,random,-818.928633013523,818.928633013523,907.977723746608,50,23069.8470629995,False,"{""short_window"": 20.693192389011376, ""long_window"": 194.71123599948535}","{""pop_size"": 100, ""max_iter"": 50}"
1390,sos,lma,10,random,-818.928633013523,818.928633013523,907.977723746608,50,23086.9302209994,False,"{""short_window"": 21.417275945171816, ""long_window"": 194.61631840640317}","{""pop_size"": 100, ""max_iter"": 50}"
1391,sos,lma,11,random,-818.928633013523,818.928633013523,907.977723746608,50,22980.7772010008,False,"{""short_window"": 20.779572340300977, ""long_window"": 194.70648198849432}","{""pop_size"": 100, ""max_iter"": 50}"
1392,sos,lma,12,random,-818.928633013523,818.928633013523,907.977723746608,50,22879.5405239998,False,"{""short_window"": 21.311445430555096, ""long_window"": 194.78352803648775}","{""pop_size"": 100, ""max_iter"": 50}"
1393,sos,lma,13,random,-818.928633013523,818.928633013523,907.977723746608,50,22733.0860780003,False,"{""short_window"": 20.537835899884026, ""long_window"": 195.31446192460245}","{""pop_size"": 100, ""max_iter"": 50}"
1394,sos,lma,14,random,-818.928633013523,818.928633013523,907.977723746608,50,22882.8935199999,False,"{""short_window"": 21.15389416220879, ""long_window"": 195.38998710046263}","{""pop_size"": 100, ""max_iter"": 50}"
1395,sos,lma,15,random,-818.928633013523,818.928633013523,907.977723746608,50,22799.4796910007,False,"{""short_window"": 20.63303196651061, ""long_window"": 195.26015948987757}","{""pop_size"": 100, ""max_iter"": 50}"
1396,sos,lma,16,random,-818.928633013523,818.928633013523,907.977723746608,50,22862.3214340005,False,"{""short_window"": 20.558583369848346, ""long_window"": 195.4133215305838}","{""pop_size"": 100, ""max_iter"": 50}"
1397,sos,lma,17,random,-818.928633013523,818.928633013523,907.977723746608,50,22982.9707709996,False,"{""short_window"": 21.107618959972054, ""long_window"": 194.9613225662682}","{""pop_size"": 100, ""max_iter"": 50}"
1398,sos,lma,18,random,-818.928633013523,818.928633013523,907.977723746608,50,22859.5757549992,False,"{""short_window"": 20.57564741484471, ""long_window"": 194.5178043269723}","{""pop_size"": 100, ""max_iter"": 50}"
1399,sos,lma,20,random,-818.928633013523,818.928633013523,907.977723746608,50,23064.5168389983,False,"{""short_window"": 20.904585287588077, ""long_window"": 194.95013338032538}","{""pop_size"": 100, ""max_iter"": 50}"
1400,sos,lma,19,random,-818.928633013523,818.928633013523,907.977723746608,50,23128.9406200012,False,"{""short_window"": 21.181459569563437, ""long_window"": 194.50156184745154}","{""pop_size"": 100, ""max_iter"": 50}"
1401,sos,lma,21,random,-818.928633013523,818.928633013523,907.977723746608,50,22978.2285729998,False,"{""short_window"": 21.051552342809284, ""long_window"": 195.2365921075472}","{""pop_size"": 100, ""max_iter"": 50}"
1402,sos,lma,22,random,-818.928633013523,818.928633013523,907.977723746608,50,23024.9687609994,False,"{""short_window"": 20.89350546930718, ""long_window"": 194.53067438549556}","{""pop_size"": 100, ""max_iter"": 50}"
1403,sos,lma,23,random,-818.928633013523,818.928633013523,907.977723746608,50,23072.7920239988,False,"{""short_window"": 21.05321524871559, ""long_window"": 195.38023570339377}","{""pop_size"": 100, ""max_iter"": 50}"
1404,sos,lma,24,random,-818.928633013523,818.928633013523,907.977723746608,50,22913.9007989997,False,"{""short_window"": 20.979210233768157, ""long_window"": 194.6341643226818}","{""pop_size"": 100, ""max_iter"": 50}"
1405,sos,lma,25,random,-818.928633013523,818.928633013523,907.977723746608,50,22917.7531959995,False,"{""short_window"": 20.521457771005824, ""long_window"": 195.35394121183577}","{""pop_size"": 100, ""max_iter"": 50}"
1406,sos,lma,26,random,-818.928633013523,818.928633013523,907.977723746608,50,22949.1512579989,False,"{""short_window"": 20.694701085641938, ""long_window"": 194.91670519787468}","{""pop_size"": 100, ""max_iter"": 50}"
1407,sos,lma,27,random,-818.928633013523,818.928633013523,907.977723746608,50,22920.8209930002,False,"{""short_window"": 20.56355202547238, ""long_window"": 195.00299136768103}","{""pop_size"": 100, ""max_iter"": 50}"
1408,sos,lma,28,random,-818.928633013523,818.928633013523,907.977723746608,50,22920.5170330006,False,"{""short_window"": 20.690315891789318, ""long_window"": 194.66105149424254}","{""pop_size"": 100, ""max_iter"": 50}"
1409,sos,lma,29,random,-818.928633013523,818.928633013523,907.977723746608,50,23119.9825889998,False,"{""short_window"": 20.8077449638026, ""long_window"": 195.45282652418842}","{""pop_size"": 100, ""max_iter"": 50}"
1410,sos,ema_shared,0,random,-112516.961434376,112516.961434376,1261.946998936,50,23575.600193999,False,"{""short_window"": 35.28543564004026, ""long_window"": 128.41817813361385, ""alpha"": 0.7646419933869848}","{""pop_size"": 100, ""max_iter"": 50}"
1411,sos,ema_shared,2,random,-166099.708760139,166099.708760139,697.64981220817,50,23739.1724539993,False,"{""short_window"": 45.909053742176425, ""long_window"": 124.91467472711165, ""alpha"": 0.5804928708925715}","{""pop_size"": 100, ""max_iter"": 50}"
1412,sos,ema_shared,3,random,-120633.526792859,120633.526792859,6661.16941286426,50,23623.6241289989,False,"{""short_window"": 48.171518908105995, ""long_window"": 59.28784807019872, ""alpha"": 0.8195293352704262}","{""pop_size"": 100, ""max_iter"": 50}"
1413,sos,ema_shared,1,random,-105640.615598592,105640.615598592,5628.27115483302,50,23838.1378020003,False,"{""short_window"": 43.19906414859403, ""long_window"": 176.05717518092743, ""alpha"": 0.7317444455078236}","{""pop_size"": 100, ""max_iter"": 50}"
1414,sos,ema_shared,4,random,-126669.635374205,126669.635374205,643.934981061443,50,23743.4961180006,False,"{""short_window"": 26.97982859139225, ""long_window"": 180.24037062885932, ""alpha"": 0.8030298979532094}","{""pop_size"": 100, ""max_iter"": 50}"
1415,sos,ema_shared,5,random,-73423.0469987314,73423.0469987314,1000,50,23558.4547460003,False,"{""short_window"": 40.350903163979666, ""long_window"": 98.71346802288772, ""alpha"": 0.8068821082361357}","{""pop_size"": 100, ""max_iter"": 50}"
1416,sos,ema_shared,7,random,-127033.217960092,127033.217960092,890.087231716516,50,23299.9917529996,False,"{""short_window"": 50.0, ""long_window"": 92.7276262676595, ""alpha"": 0.4855412794856233}","{""pop_size"": 100, ""max_iter"": 50}"
1417,sos,ema_shared,6,random,-93834.9785932288,93834.9785932288,852.503201239022,50,23666.9632049998,False,"{""short_window"": 50.0, ""long_window"": 128.71677159781677, ""alpha"": 0.5487855801294046}","{""pop_size"": 100, ""max_iter"": 50}"
1418,sos,ema_shared,8,random,-82661.23533119,82661.23533119,951.848909301612,50,23634.3009289994,False,"{""short_window"": 45.0528789544446, ""long_window"": 102.33768682929119, ""alpha"": 0.5857748467624853}","{""pop_size"": 100, ""max_iter"": 50}"
1419,sos,ema_shared,9,random,-85085.1639141164,85085.1639141164,1000,50,23481.3587200006,False,"{""short_window"": 47.559595081869475, ""long_window"": 147.43899645540932, ""alpha"": 0.8339634337236956}","{""pop_size"": 100, ""max_iter"": 50}"
1420,sos,ema_shared,10,random,-102110.336699381,102110.336699381,2255.49577540448,50,23392.076393,False,"{""short_window"": 47.806069339036824, ""long_window"": 51.0, ""alpha"": 0.7926479703815366}","{""pop_size"": 100, ""max_iter"": 50}"
1421,sos,ema_shared,11,random,-100794.36932004,100794.36932004,1035.7257084333,50,23831.7702280001,False,"{""short_window"": 28.113512395668444, ""long_window"": 123.09090018254396, ""alpha"": 0.807595366642893}","{""pop_size"": 100, ""max_iter"": 50}"
1422,sos,ema_shared,12,random,-84726.9722032262,84726.9722032262,1000,50,23527.5369490009,False,"{""short_window"": 40.896733096146875, ""long_window"": 138.22061444266186, ""alpha"": 0.7161021269942325}","{""pop_size"": 100, ""max_iter"": 50}"
1423,sos,ema_shared,13,random,-108111.046481776,108111.046481776,1000,50,23592.4191260001,False,"{""short_window"": 45.37693243808803, ""long_window"": 158.32787025400827, ""alpha"": 0.7174636943369528}","{""pop_size"": 100, ""max_iter"": 50}"
1424,sos,ema_shared,14,random,-99739.4980223614,99739.4980223614,7860.38107777157,50,23603.2890879997,False,"{""short_window"": 42.119933717742306, ""long_window"": 64.60173152679744, ""alpha"": 0.6201494571494597}","{""pop_size"": 100, ""max_iter"": 50}"
1425,sos,ema_shared,15,random,-82949.9892792436,82949.9892792436,1157.9348197307,50,24039.116893,False,"{""short_window"": 18.42004982286294, ""long_window"": 65.42279383707067, ""alpha"": 0.8563612430046516}","{""pop_size"": 100, ""max_iter"": 50}"
1426,sos,ema_shared,16,random,-164607.054858162,164607.054858162,1915.59208431251,50,23601.713727001,False,"{""short_window"": 36.87482059914784, ""long_window"": 156.6530793570508, ""alpha"": 0.6161503992943703}","{""pop_size"": 100, ""max_iter"": 50}"
1427,sos,ema_shared,17,random,-98087.3345441728,98087.3345441728,1038.3005756324,50,23544.891735999,False,"{""short_window"": 50.0, ""long_window"": 136.3268551283727, ""alpha"": 0.5143237785899236}","{""pop_size"": 100, ""max_iter"": 50}"
1428,sos,ema_shared,18,random,-71495.0923960608,71495.0923960608,4757.2684331798,50,23524.1297639986,False,"{""short_window"": 39.90563896075178, ""long_window"": 130.70177152227456, ""alpha"": 0.8107176195273755}","{""pop_size"": 100, ""max_iter"": 50}"
1429,sos,ema_shared,19,random,-128819.971211915,128819.971211915,1028.41595059945,50,23425.1486659996,False,"{""short_window"": 47.50605064190826, ""long_window"": 155.03291849535, ""alpha"": 0.8044853884989984}","{""pop_size"": 100, ""max_iter"": 50}"
1430,sos,ema_shared,20,random,-88563.1761660751,88563.1761660751,2039.1598244631,50,23246.0370770004,False,"{""short_window"": 48.22985139892826, ""long_window"": 58.16953104124875, ""alpha"": 0.5297329108752522}","{""pop_size"": 100, ""max_iter"": 50}"
1431,sos,ema_shared,21,random,-91321.8257902416,91321.8257902416,1000,50,23600.3947160007,False,"{""short_window"": 33.322959676437684, ""long_window"": 146.2746341701593, ""alpha"": 0.8233772588936923}","{""pop_size"": 100, ""max_iter"": 50}"
1432,sos,ema_shared,22,random,-73462.9988101902,73462.9988101902,2995.72817280215,50,23336.4431620012,False,"{""short_window"": 38.0472665047298, ""long_window"": 68.6569762349479, ""alpha"": 0.7885441807016154}","{""pop_size"": 100, ""max_iter"": 50}"
1433,sos,ema_shared,23,random,-97935.6775025074,97935.6775025074,3163.8126664618,50,23579.3230349991,False,"{""short_window"": 49.66957607129744, ""long_window"": 185.1770817198429, ""alpha"": 0.6527467214429596}","{""pop_size"": 100, ""max_iter"": 50}"
1434,sos,ema_shared,24,random,-73199.8217993193,73199.8217993193,1000,50,23508.2033220006,False,"{""short_window"": 50.0, ""long_window"": 192.97347073244057, ""alpha"": 0.6186156858488294}","{""pop_size"": 100, ""max_iter"": 50}"
1435,sos,ema_shared,26,random,-68570.6230487195,68570.6230487195,601.447891946299,50,23540.5400660002,False,"{""short_window"": 49.02241971394648, ""long_window"": 113.83828793106548, ""alpha"": 0.6159801602729054}","{""pop_size"": 100, ""max_iter"": 50}"
1436,sos,ema_shared,25,random,-124464.049515856,124464.049515856,3982.96460849422,50,23885.047234,False,"{""short_window"": 48.051506981978875, ""long_window"": 82.91897122043841, ""alpha"": 0.7143774924033769}","{""pop_size"": 100, ""max_iter"": 50}"
1437,sos,ema_shared,27,random,-92388.39122953,92388.39122953,2318.18431251281,50,23788.3950230007,False,"{""short_window"": 27.78205363557156, ""long_window"": 154.64949747869798, ""alpha"": 0.7505748005059754}","{""pop_size"": 100, ""max_iter"": 50}"
1438,sos,ema_shared,28,random,-142132.341095216,142132.341095216,3630.42292301397,50,23618.6583449999,False,"{""short_window"": 44.8938373107574, ""long_window"": 134.214340817471, ""alpha"": 0.644775174456964}","{""pop_size"": 100, ""max_iter"": 50}"
1439,sos,ema_shared,29,random,-107549.935267778,107549.935267778,1000,50,23612.2863990004,False,"{""short_window"": 41.20527050261295, ""long_window"": 58.413571997720595, ""alpha"": 0.7091250345130679}","{""pop_size"": 100, ""max_iter"": 50}"
1440,sos,ema_independent,0,random,-11840.3452459298,11840.3452459298,4296.9696617001,50,23484.9202020014,False,"{""short_window"": 46.154191134537626, ""long_window"": 163.02837401396243, ""alpha_short"": 1e-06, ""alpha_long"": 0.15056224284285294}","{""pop_size"": 100, ""max_iter"": 50}"
1441,sos,ema_independent,1,random,-13252.3603697366,13252.3603697366,1295.31106984554,50,23529.1112169998,False,"{""short_window"": 28.746803745287966, ""long_window"": 102.60068752026409, ""alpha_short"": 0.01144322492389084, ""alpha_long"": 0.07772455230320659}","{""pop_size"": 100, ""max_iter"": 50}"
1442,sos,ema_independent,2,random,-13197.0714221487,13197.0714221487,4565.80075862048,50,23468.567472999,False,"{""short_window"": 49.91091639824834, ""long_window"": 177.1296424839308, ""alpha_short"": 0.03881368321977465, ""alpha_long"": 0.09141963134291856}","{""pop_size"": 100, ""max_iter"": 50}"
1443,sos,ema_independent,3,random,-13719.8382176185,13719.8382176185,4578.83402965223,50,23280.4024100005,False,"{""short_window"": 49.42296908877991, ""long_window"": 55.79486403498117, ""alpha_short"": 0.04417348213281533, ""alpha_long"": 0.08185069524638759}","{""pop_size"": 100, ""max_iter"": 50}"
1444,sos,ema_independent,4,random,-12880.1565589215,12880.1565589215,1206.80927942351,50,23416.7883539994,False,"{""short_window"": 29.180141195554658, ""long_window"": 103.35077216323559, ""alpha_short"": 0.012190491050890704, ""alpha_long"": 0.07861822926972545}","{""pop_size"": 100, ""max_iter"": 50}"
1445,sos,ema_independent,5,random,-12714.7470081845,12714.7470081845,5201.55574174429,50,23505.4926499997,False,"{""short_window"": 49.671657975675174, ""long_window"": 77.46428865362124, ""alpha_short"": 0.046201319789795914, ""alpha_long"": 0.08276285166400135}","{""pop_size"": 100, ""max_iter"": 50}"
1446,sos,ema_independent,6,random,-11840.3452459298,11840.3452459298,4296.9696617001,50,23458.6938009998,False,"{""short_window"": 46.28084392518547, ""long_window"": 153.94618475780885, ""alpha_short"": 1e-06, ""alpha_long"": 0.15045439743586417}","{""pop_size"": 100, ""max_iter"": 50}"
1447,sos,ema_independent,7,random,-11840.3452459298,11840.3452459298,4296.9696617001,50,23574.4264860004,False,"{""short_window"": 45.98268315639357, ""long_window"": 106.92586494965171, ""alpha_short"": 1e-06, ""alpha_long"": 0.15036684415042356}","{""pop_size"": 100, ""max_iter"": 50}"
1448,sos,ema_independent,8,random,-11986.2202222075,11986.2202222075,4296.9696617001,50,23669.537834001,False,"{""short_window"": 45.828332684488295, ""long_window"": 51.0, ""alpha_short"": 0.002800397914209889, ""alpha_long"": 0.14154077655952368}","{""pop_size"": 100, ""max_iter"": 50}"
1449,sos,ema_independent,9,random,-11840.3452459298,11840.3452459298,4296.9696617001,50,23533.9990020002,False,"{""short_window"": 46.15587034716243, ""long_window"": 70.62370108928982, ""alpha_short"": 4.408357986155286e-05, ""alpha_long"": 0.14986969348704263}","{""pop_size"": 100, ""max_iter"": 50}"
1450,sos,ema_independent,10,random,-11986.2202222075,11986.2202222075,4296.9696617001,50,23532.3575509992,False,"{""short_window"": 46.07602943113193, ""long_window"": 51.0, ""alpha_short"": 0.0029758496850888013, ""alpha_long"": 0.14103404888736146}","{""pop_size"": 100, ""max_iter"": 50}"
1451,sos,ema_independent,11,random,-11986.2202222075,11986.2202222075,4296.9696617001,50,23455.0246500003,False,"{""short_window"": 45.59799466385533, ""long_window"": 51.0, ""alpha_short"": 0.003112419342368114, ""alpha_long"": 0.14074340442549624}","{""pop_size"": 100, ""max_iter"": 50}"
1452,sos,ema_independent,12,random,-11840.3452459298,11840.3452459298,4296.9696617001,50,23447.3640430006,False,"{""short_window"": 46.40459141175972, ""long_window"": 200.0, ""alpha_short"": 1e-06, ""alpha_long"": 0.15057081783523513}","{""pop_size"": 100, ""max_iter"": 50}"
1453,sos,ema_independent,13,random,-13025.0714626643,13025.0714626643,4852.58875398074,50,23426.6999720003,False,"{""short_window"": 49.874773147329954, ""long_window"": 74.80171040358198, ""alpha_short"": 0.03871079573603195, ""alpha_long"": 0.09206974271210148}","{""pop_size"": 100, ""max_iter"": 50}"
1454,sos,ema_independent,14,random,-13126.2729751582,13126.2729751582,1313.58740223195,50,23467.9460970001,False,"{""short_window"": 29.212187587334146, ""long_window"": 117.653564803764, ""alpha_short"": 0.011485337798287445, ""alpha_long"": 0.07791854500416254}","{""pop_size"": 100, ""max_iter"": 50}"
1455,sos,ema_independent,15,random,-11840.3452459298,11840.3452459298,4296.9696617001,50,23271.5034070006,False,"{""short_window"": 46.04038859173081, ""long_window"": 68.36268231654478, ""alpha_short"": 1e-06, ""alpha_long"": 0.150156761542736}","{""pop_size"": 100, ""max_iter"": 50}"
1456,sos,ema_independent,16,random,-11840.3452459298,11840.3452459298,4296.9696617001,50,23338.6620029996,False,"{""short_window"": 45.5113902899269, ""long_window"": 123.30548841860218, ""alpha_short"": 0.001446636975190055, ""alpha_long"": 0.1456136816437771}","{""pop_size"": 100, ""max_iter"": 50}"
1457,sos,ema_independent,17,random,-12939.6908849588,12939.6908849588,4565.80075862048,50,23544.9535049993,False,"{""short_window"": 50.0, ""long_window"": 137.7302893994148, ""alpha_short"": 0.03863397104110248, ""alpha_long"": 0.09174061772395765}","{""pop_size"": 100, ""max_iter"": 50}"
1458,sos,ema_independent,18,random,-11986.2202222075,11986.2202222075,4296.9696617001,50,23335.2385590006,False,"{""short_window"": 45.757700906726924, ""long_window"": 56.817384521110014, ""alpha_short"": 0.002695124148654371, ""alpha_long"": 0.14171943672293674}","{""pop_size"": 100, ""max_iter"": 50}"
1459,sos,ema_independent,19,random,-13197.0714221487,13197.0714221487,4565.80075862048,50,23557.5281879992,False,"{""short_window"": 49.59031663719985, ""long_window"": 165.96172376768584, ""alpha_short"": 0.038781806577307974, ""alpha_long"": 0.09139508018020169}","{""pop_size"": 100, ""max_iter"": 50}"
1460,sos,ema_independent,20,random,-12996.0870347362,12996.0870347362,4249.49909392715,50,23503.6255110008,False,"{""short_window"": 48.784232141747, ""long_window"": 107.65834066488141, ""alpha_short"": 0.03343788480465911, ""alpha_long"": 0.09706744462902873}","{""pop_size"": 100, ""max_iter"": 50}"
1461,sos,ema_independent,21,random,-11840.3452459298,11840.3452459298,4296.9696617001,50,23510.3639219997,False,"{""short_window"": 46.06145204458859, ""long_window"": 118.51480884823634, ""alpha_short"": 7.987821196971505e-05, ""alpha_long"": 0.1496229907688758}","{""pop_size"": 100, ""max_iter"": 50}"
1462,sos,ema_independent,22,random,-11840.3452459298,11840.3452459298,4296.9696617001,50,23641.5500660005,False,"{""short_window"": 45.853990118903575, ""long_window"": 187.04346046851714, ""alpha_short"": 1e-06, ""alpha_long"": 0.1498591009277153}","{""pop_size"": 100, ""max_iter"": 50}"
1463,sos,ema_independent,23,random,-12100.6284696298,12100.6284696298,5127.88021641131,50,23407.2068829992,False,"{""short_window"": 45.58490307419843, ""long_window"": 60.61850026222673, ""alpha_short"": 0.030844773149999803, ""alpha_long"": 0.08649534696270628}","{""pop_size"": 100, ""max_iter"": 50}"
1464,sos,ema_independent,24,random,-13197.0714221487,13197.0714221487,4565.80075862048,50,23386.8282479998,False,"{""short_window"": 50.0, ""long_window"": 146.80919751330833, ""alpha_short"": 0.0394554730033804, ""alpha_long"": 0.09131681686022339}","{""pop_size"": 100, ""max_iter"": 50}"
1465,sos,ema_independent,25,random,-11840.3452459298,11840.3452459298,4296.9696617001,50,23364.142082999,False,"{""short_window"": 46.08730806083841, ""long_window"": 67.91332982887556, ""alpha_short"": 7.279722342662608e-05, ""alpha_long"": 0.1496088122476788}","{""pop_size"": 100, ""max_iter"": 50}"
1466,sos,ema_independent,26,random,-14974.9164993522,14974.9164993522,4786.76154025271,50,23287.2422620003,False,"{""short_window"": 49.88240649624437, ""long_window"": 55.455464960218684, ""alpha_short"": 0.05191374812830879, ""alpha_long"": 0.07630873032050073}","{""pop_size"": 100, ""max_iter"": 50}"
1467,sos,ema_independent,27,random,-13197.0714221487,13197.0714221487,4565.80075862048,50,23433.4286150006,False,"{""short_window"": 50.0, ""long_window"": 157.506108406291, ""alpha_short"": 0.03878780329316839, ""alpha_long"": 0.09142160853270737}","{""pop_size"": 100, ""max_iter"": 50}"
1468,sos,ema_independent,28,random,-11840.3452459298,11840.3452459298,4296.9696617001,50,23450.2890760014,False,"{""short_window"": 46.313755714970675, ""long_window"": 184.6806916570974, ""alpha_short"": 1e-06, ""alpha_long"": 0.15052719334955467}","{""pop_size"": 100, ""max_iter"": 50}"
1469,sos,ema_independent,29,random,-12939.6908849588,12939.6908849588,4565.80075862048,50,23776.8466540001,False,"{""short_window"": 49.99524474130942, ""long_window"": 105.64101351833146, ""alpha_short"": 0.03856547583742083, ""alpha_long"": 0.0916975794076546}","{""pop_size"": 100, ""max_iter"": 50}"
1470,sos,weighted,0,random,-21605.8875740782,21605.8875740782,4660.90053120652,50,24553.8043290017,False,"{""high_w1"": 0.0, ""high_w2"": 0.0, ""high_w3"": 0.0, ""high_d1"": 2.139338014842203, ""high_d2"": 9.833819059696804, ""high_d3"": 3.411020649793998, ""high_alpha3"": 0.0749551687874413, ""low_w1"": 0.038952779878927174, ""low_w2"": 0.0, ""low_w3"": 0.0, ""low_d1"": 41.168877824112954, ""low_d2"": 2.0, ""low_d3"": 12.865879759433081, ""low_alpha3"": 0.8493940137999043}","{""pop_size"": 100, ""max_iter"": 50}"
1471,sos,weighted,1,random,-21605.8875740782,21605.8875740782,4660.90053120652,50,24805.6491099997,False,"{""high_w1"": 0.0, ""high_w2"": 0.0, ""high_w3"": 0.0, ""high_d1"": 2.0, ""high_d2"": 9.700817621994837, ""high_d3"": 14.213934440068812, ""high_alpha3"": 0.1237226937417886, ""low_w1"": 0.596976432465927, ""low_w2"": 0.0, ""low_w3"": 0.0, ""low_d1"": 41.39160404065774, ""low_d2"": 10.804406281687275, ""low_d3"": 22.310514986040083, ""low_alpha3"": 0.9298514475781866}","{""pop_size"": 100, ""max_iter"": 50}"
1472,sos,weighted,5,random,-21605.8875740782,21605.8875740782,4694.26371655039,50,24410.2763840001,False,"{""high_w1"": 0.0, ""high_w2"": 0.0, ""high_w3"": 0.0, ""high_d1"": 2.0, ""high_d2"": 20.232649284382333, ""high_d3"": 3.2120333896671562, ""high_alpha3"": 0.7931923611805479, ""low_w1"": 0.0, ""low_w2"": 0.0, ""low_w3"": 0.9358281126887645, ""low_d1"": 6.407736595417444, ""low_d2"": 3.9437464425231967, ""low_d3"": 48.24002639448812, ""low_alpha3"": 0.01}","{""pop_size"": 100, ""max_iter"": 50}"
1473,sos,weighted,2,random,-21605.8875740782,21605.8875740782,4694.26371655039,50,25037.2024759999,False,"{""high_w1"": 0.0, ""high_w2"": 0.0, ""high_w3"": 0.0, ""high_d1"": 6.370253885158283, ""high_d2"": 25.19946283856222, ""high_d3"": 4.979375967005197, ""high_alpha3"": 0.3547898855856606, ""low_w1"": 0.0, ""low_w2"": 0.0, ""low_w3"": 0.9520209815835785, ""low_d1"": 21.548018943844337, ""low_d2"": 20.26279501767812, ""low_d3"": 48.3270173909453, ""low_alpha3"": 0.01}","{""pop_size"": 100, ""max_iter"": 50}"
1474,sos,weighted,4,random,-21605.8875740782,21605.8875740782,4694.26371655039,50,24777.2622880002,False,"{""high_w1"": 0.0, ""high_w2"": 0.0, ""high_w3"": 0.0, ""high_d1"": 6.290310312666652, ""high_d2"": 13.475815816231309, ""high_d3"": 9.047235720251665, ""high_alpha3"": 0.01, ""low_w1"": 0.33108051603359684, ""low_w2"": 0.0, ""low_w3"": 0.0, ""low_d1"": 42.390071828977, ""low_d2"": 12.303399534913684, ""low_d3"": 9.764773481404859, ""low_alpha3"": 0.0567068481647676}","{""pop_size"": 100, ""max_iter"": 50}"
1475,sos,weighted,3,random,-21605.8875740782,21605.8875740782,4660.90053120652,50,25144.6606590016,False,"{""high_w1"": 0.0, ""high_w2"": 0.0, ""high_w3"": 0.0, ""high_d1"": 2.0, ""high_d2"": 3.078730145048695, ""high_d3"": 45.97106504161308, ""high_alpha3"": 0.42381092168561074, ""low_w1"": 0.7903604323171336, ""low_w2"": 0.0, ""low_w3"": 0.44862135927720154, ""low_d1"": 50.0, ""low_d2"": 11.554263979693994, ""low_d3"": 32.82606612464214, ""low_alpha3"": 0.01}","{""pop_size"": 100, ""max_iter"": 50}"
1476,sos,weighted,7,random,-21605.8875740782,21605.8875740782,4694.26371655039,50,24158.2908769997,False,"{""high_w1"": 0.0, ""high_w2"": 0.0, ""high_w3"": 0.0, ""high_d1"": 2.0, ""high_d2"": 17.54750791447137, ""high_d3"": 12.26484458454943, ""high_alpha3"": 0.12315607110182862, ""low_w1"": 0.27039657295573694, ""low_w2"": 0.0, ""low_w3"": 0.0, ""low_d1"": 42.08750301928782, ""low_d2"": 6.662565075629608, ""low_d3"": 2.0, ""low_alpha3"": 0.01}","{""pop_size"": 100, ""max_iter"": 50}"
1477,sos,weighted,6,random,-21605.8875740782,21605.8875740782,4660.90053120652,50,24506.6757900004,False,"{""high_w1"": 0.0, ""high_w2"": 0.0, ""high_w3"": 0.0, ""high_d1"": 15.270206808645057, ""high_d2"": 12.483932987615646, ""high_d3"": 24.11367148776019, ""high_alpha3"": 0.2322208368715265, ""low_w1"": 0.017849852189585583, ""low_w2"": 0.0, ""low_w3"": 0.0, ""low_d1"": 40.87462658340367, ""low_d2"": 34.40129803421951, ""low_d3"": 2.0, ""low_alpha3"": 0.677919405281105}","{""pop_size"": 100, ""max_iter"": 50}"
1478,sos,weighted,8,random,-21605.8875740782,21605.8875740782,4660.90053120652,50,24861.9761709997,False,"{""high_w1"": 0.0, ""high_w2"": 0.0, ""high_w3"": 0.0, ""high_d1"": 15.375244901192005, ""high_d2"": 21.068416202792296, ""high_d3"": 28.68602261070454, ""high_alpha3"": 0.010742211952196754, ""low_w1"": 0.48936253230825777, ""low_w2"": 0.0, ""low_w3"": 0.0, ""low_d1"": 41.456909629855005, ""low_d2"": 46.592843084312804, ""low_d3"": 2.0, ""low_alpha3"": 0.7964239284777288}","{""pop_size"": 100, ""max_iter"": 50}"
1479,sos,weighted,10,random,-21605.8875740782,21605.8875740782,4694.26371655039,50,24328.8715560011,False,"{""high_w1"": 0.0, ""high_w2"": 0.0, ""high_w3"": 0.0, ""high_d1"": 2.0, ""high_d2"": 2.0, ""high_d3"": 2.0, ""high_alpha3"": 0.01, ""low_w1"": 0.0, ""low_w2"": 0.0, ""low_w3"": 0.4311978415453408, ""low_d1"": 2.293351832179626, ""low_d2"": 2.0, ""low_d3"": 48.42946817537156, ""low_alpha3"": 0.01}","{""pop_size"": 100, ""max_iter"": 50}"
1480,sos,weighted,9,random,-21605.8875740782,21605.8875740782,4660.90053120652,50,24867.7310809999,False,"{""high_w1"": 0.0, ""high_w2"": 0.0, ""high_w3"": 0.0, ""high_d1"": 41.5273358036406, ""high_d2"": 2.0, ""high_d3"": 42.52064039134547, ""high_alpha3"": 0.015373900552292336, ""low_w1"": 0.338266646957678, ""low_w2"": 0.0, ""low_w3"": 0.022563697106795764, ""low_d1"": 43.761284127370345, ""low_d2"": 33.71239324363036, ""low_d3"": 2.0, ""low_alpha3"": 0.0290678407213478}","{""pop_size"": 100, ""max_iter"": 50}"
1481,sos,weighted,11,random,-21605.8875740782,21605.8875740782,4694.26371655039,50,24584.3534819996,False,"{""high_w1"": 0.0, ""high_w2"": 0.0, ""high_w3"": 0.0, ""high_d1"": 23.596589524756997, ""high_d2"": 2.0, ""high_d3"": 2.0, ""high_alpha3"": 0.01, ""low_w1"": 0.1676758612701134, ""low_w2"": 0.0, ""low_w3"": 0.0, ""low_d1"": 42.35365512325159, ""low_d2"": 2.0, ""low_d3"": 2.0, ""low_alpha3"": 0.26089055597189004}","{""pop_size"": 100, ""max_iter"": 50}"
1482,sos,weighted,12,random,-21605.8875740782,21605.8875740782,4660.90053120652,50,24497.8730439998,False,"{""high_w1"": 0.0, ""high_w2"": 0.0, ""high_w3"": 0.0, ""high_d1"": 8.725446098726236, ""high_d2"": 4.892436593774851, ""high_d3"": 18.510377399059788, ""high_alpha3"": 0.24820595921725921, ""low_w1"": 0.5648503348038366, ""low_w2"": 0.12873065556276422, ""low_w3"": 0.003092795828455052, ""low_d1"": 45.74960743612242, ""low_d2"": 44.66174881757531, ""low_d3"": 2.0, ""low_alpha3"": 0.5388551177311651}","{""pop_size"": 100, ""max_iter"": 50}"
1483,sos,weighted,13,random,-21605.8875740782,21605.8875740782,4660.90053120652,50,24708.0031049991,False,"{""high_w1"": 0.0, ""high_w2"": 0.0, ""high_w3"": 0.0, ""high_d1"": 25.402850540076706, ""high_d2"": 8.2837909189236, ""high_d3"": 4.526279352169157, ""high_alpha3"": 0.01, ""low_w1"": 0.0, ""low_w2"": 0.0, ""low_w3"": 0.2559191258952198, ""low_d1"": 2.19122051221147, ""low_d2"": 13.777334463271286, ""low_d3"": 47.409299440392765, ""low_alpha3"": 0.01}","{""pop_size"": 100, ""max_iter"": 50}"
1484,sos,weighted,15,random,-21605.8875740782,21605.8875740782,4694.26371655039,50,24332.4799319998,False,"{""high_w1"": 0.0, ""high_w2"": 0.0, ""high_w3"": 0.0, ""high_d1"": 2.0, ""high_d2"": 2.0, ""high_d3"": 2.0, ""high_alpha3"": 0.01, ""low_w1"": 0.0, ""low_w2"": 0.018693866821155886, ""low_w3"": 0.5098548572555106, ""low_d1"": 2.0, ""low_d2"": 12.261083486364775, ""low_d3"": 50.0, ""low_alpha3"": 0.01}","{""pop_size"": 100, ""max_iter"": 50}"
1485,sos,weighted,14,random,-21605.8875740782,21605.8875740782,4660.90053120652,50,24461.385554001,False,"{""high_w1"": 0.0, ""high_w2"": 0.0, ""high_w3"": 0.0, ""high_d1"": 2.0, ""high_d2"": 7.295066618467299, ""high_d3"": 20.138438583312624, ""high_alpha3"": 0.01, ""low_w1"": 0.20217086893608824, ""low_w2"": 0.0, ""low_w3"": 0.0, ""low_d1"": 41.063172864247576, ""low_d2"": 2.0, ""low_d3"": 10.363322169223684, ""low_alpha3"": 0.07906175620822364}","{""pop_size"": 100, ""max_iter"": 50}"
1486,sos,weighted,16,random,-21605.8875740782,21605.8875740782,4660.90053120652,50,24665.7429759998,False,"{""high_w1"": 0.0, ""high_w2"": 0.0, ""high_w3"": 0.0, ""high_d1"": 2.0, ""high_d2"": 2.0, ""high_d3"": 22.188142885795305, ""high_alpha3"": 0.5448703758118421, ""low_w1"": 0.2347046245043843, ""low_w2"": 0.0, ""low_w3"": 0.0, ""low_d1"": 40.792792998127545, ""low_d2"": 3.501423514653491, ""low_d3"": 2.491786520036867, ""low_alpha3"": 0.2510908862426375}","{""pop_size"": 100, ""max_iter"": 50}"
1487,sos,weighted,17,random,-21605.8875740782,21605.8875740782,4694.26371655039,50,25172.3325600015,False,"{""high_w1"": 0.0, ""high_w2"": 0.0, ""high_w3"": 0.0, ""high_d1"": 44.9958206127228, ""high_d2"": 28.617880056252304, ""high_d3"": 2.0, ""high_alpha3"": 0.01, ""low_w1"": 0.3989915997977288, ""low_w2"": 0.0, ""low_w3"": 0.013381715196384926, ""low_d1"": 41.62421700079165, ""low_d2"": 50.0, ""low_d3"": 46.98283139503191, ""low_alpha3"": 0.01}","{""pop_size"": 100, ""max_iter"": 50}"
1488,sos,weighted,18,random,-21605.8875740782,21605.8875740782,4694.26371655039,50,24436.0397559994,False,"{""high_w1"": 0.0, ""high_w2"": 0.0, ""high_w3"": 0.0, ""high_d1"": 2.3040082887731, ""high_d2"": 21.144227577483115, ""high_d3"": 3.4629390446458754, ""high_alpha3"": 0.7288202787265458, ""low_w1"": 0.3264771145139982, ""low_w2"": 0.05098273431183743, ""low_w3"": 0.0, ""low_d1"": 46.603337765668776, ""low_d2"": 36.41480720568767, ""low_d3"": 2.0, ""low_alpha3"": 0.10421965764375646}","{""pop_size"": 100, ""max_iter"": 50}"
1489,sos,weighted,19,random,-21605.8875740782,21605.8875740782,4660.90053120652,50,24449.7792149996,False,"{""high_w1"": 0.0, ""high_w2"": 0.0, ""high_w3"": 0.0, ""high_d1"": 40.0189816558924, ""high_d2"": 3.1268119241972183, ""high_d3"": 5.8976719333268175, ""high_alpha3"": 0.3022040361424157, ""low_w1"": 0.35144220695784834, ""low_w2"": 0.0038786194709128315, ""low_w3"": 0.0, ""low_d1"": 41.747055897764305, ""low_d2"": 18.370421408840258, ""low_d3"": 2.0, ""low_alpha3"": 0.6201781650900745}","{""pop_size"": 100, ""max_iter"": 50}"
1490,sos,weighted,20,random,-21605.8875740782,21605.8875740782,4694.26371655039,50,24566.2088089994,False,"{""high_w1"": 0.0, ""high_w2"": 0.0, ""high_w3"": 0.0, ""high_d1"": 4.551614004766396, ""high_d2"": 16.953730129791882, ""high_d3"": 2.0, ""high_alpha3"": 0.09544583606827181, ""low_w1"": 0.00964861934995281, ""low_w2"": 0.0, ""low_w3"": 0.0, ""low_d1"": 41.88451578913644, ""low_d2"": 40.62463378297, ""low_d3"": 5.760161710763464, ""low_alpha3"": 0.07717026750362554}","{""pop_size"": 100, ""max_iter"": 50}"
1491,sos,weighted,21,random,-21605.8875740782,21605.8875740782,4660.90053120652,50,24589.6935550009,False,"{""high_w1"": 0.0, ""high_w2"": 0.0, ""high_w3"": 0.0, ""high_d1"": 2.0, ""high_d2"": 2.0, ""high_d3"": 23.9895668442243, ""high_alpha3"": 0.3503505797806305, ""low_w1"": 0.07643871508140926, ""low_w2"": 0.0, ""low_w3"": 0.0, ""low_d1"": 41.26758022659027, ""low_d2"": 21.362641323386867, ""low_d3"": 42.369798339085136, ""low_alpha3"": 0.7441815305199548}","{""pop_size"": 100, ""max_iter"": 50}"
1492,sos,weighted,22,random,-21605.8875740782,21605.8875740782,4660.90053120652,50,25012.5872059998,False,"{""high_w1"": 0.0, ""high_w2"": 0.0, ""high_w3"": 0.0, ""high_d1"": 44.01785980094011, ""high_d2"": 14.74199663211479, ""high_d3"": 30.828644371700186, ""high_alpha3"": 0.44311355686039566, ""low_w1"": 0.12396156719137669, ""low_w2"": 0.0, ""low_w3"": 0.0, ""low_d1"": 41.284925904903666, ""low_d2"": 5.593285576892939, ""low_d3"": 2.537344267638044, ""low_alpha3"": 0.26752990184026326}","{""pop_size"": 100, ""max_iter"": 50}"
1493,sos,weighted,23,random,-21605.8875740782,21605.8875740782,4660.90053120652,50,24813.4737500004,False,"{""high_w1"": 0.0, ""high_w2"": 0.0, ""high_w3"": 0.0, ""high_d1"": 2.0, ""high_d2"": 2.0, ""high_d3"": 6.645335448365472, ""high_alpha3"": 0.2588925120406813, ""low_w1"": 0.0, ""low_w2"": 0.0, ""low_w3"": 0.16937552584097124, ""low_d1"": 21.512646988948177, ""low_d2"": 16.993847634581535, ""low_d3"": 45.99887382394931, ""low_alpha3"": 0.01}","{""pop_size"": 100, ""max_iter"": 50}"
1494,aos,sma,0,random,-931.175318631482,931.175318631482,1153.51007806138,51,5752.43196699921,True,"{""short_window"": 46.97399458671317, ""long_window"": 200.0}","{""pop_size"": 100, ""max_iter"": 50, ""n_shells"": 5}"
1495,aos,sma,1,random,-932.49722762536,932.49722762536,1180.27572148885,51,5749.70536599903,False,"{""short_window"": 48.86431021040262, ""long_window"": 197.11125896234066}","{""pop_size"": 100, ""max_iter"": 50, ""n_shells"": 5}"
1496,aos,sma,2,random,-932.49722762536,932.49722762536,1180.27572148885,51,5752.21414800035,False,"{""short_window"": 48.95518732330306, ""long_window"": 197.44629112356014}","{""pop_size"": 100, ""max_iter"": 50, ""n_shells"": 5}"
1497,aos,sma,3,random,-931.175318631482,931.175318631482,1153.51007806138,51,5757.8870769994,False,"{""short_window"": 47.23784171116384, ""long_window"": 200.0}","{""pop_size"": 100, ""max_iter"": 50, ""n_shells"": 5}"
1498,sos,weighted,24,random,-21605.8875740782,21605.8875740782,4660.90053120652,50,24237.4533630009,False,"{""high_w1"": 0.0, ""high_w2"": 0.0, ""high_w3"": 0.0, ""high_d1"": 3.328602447051468, ""high_d2"": 3.0740855540776266, ""high_d3"": 8.295303516436345, ""high_alpha3"": 0.1509869226594841, ""low_w1"": 0.29884255697688994, ""low_w2"": 0.0, ""low_w3"": 0.0062568780692644444, ""low_d1"": 40.503818205866345, ""low_d2"": 2.0, ""low_d3"": 23.0774547880352, ""low_alpha3"": 0.01}","{""pop_size"": 100, ""max_iter"": 50}"
1499,aos,sma,4,random,-931.175318631482,931.175318631482,1153.51007806138,51,5755.85899500038,False,"{""short_window"": 47.4115855799685, ""long_window"": 200.0}","{""pop_size"": 100, ""max_iter"": 50, ""n_shells"": 5}"
1500,aos,sma,5,random,-932.49722762536,932.49722762536,1180.27572148885,51,5812.96706299872,False,"{""short_window"": 48.7490770846794, ""long_window"": 197.10242508812843}","{""pop_size"": 100, ""max_iter"": 50, ""n_shells"": 5}"
1501,sos,weighted,26,random,-21605.8875740782,21605.8875740782,4660.90053120652,50,24422.8007889997,False,"{""high_w1"": 0.0, ""high_w2"": 0.0, ""high_w3"": 0.0, ""high_d1"": 8.287694577212251, ""high_d2"": 6.604042298847624, ""high_d3"": 4.4421389810415075, ""high_alpha3"": 0.01, ""low_w1"": 0.2251173718629716, ""low_w2"": 0.0, ""low_w3"": 0.0, ""low_d1"": 40.85133025538969, ""low_d2"": 2.0, ""low_d3"": 2.0, ""low_alpha3"": 0.28332404576693837}","{""pop_size"": 100, ""max_iter"": 50}"
1502,sos,weighted,27,random,-21605.8875740782,21605.8875740782,4660.90053120652,50,24638.5566560002,False,"{""high_w1"": 0.0, ""high_w2"": 0.0, ""high_w3"": 0.0, ""high_d1"": 31.276879229822708, ""high_d2"": 2.7923586169095245, ""high_d3"": 3.2565178050521864, ""high_alpha3"": 0.0451478797543205, ""low_w1"": 0.0, ""low_w2"": 0.01676884363185476, ""low_w3"": 0.2870830539402184, ""low_d1"": 9.596050788421834, ""low_d2"": 8.703505119052327, ""low_d3"": 50.0, ""low_alpha3"": 0.01}","{""pop_size"": 100, ""max_iter"": 50}"
1503,sos,weighted,25,random,-21605.8875740782,21605.8875740782,4694.26371655039,50,25091.7100570005,False,"{""high_w1"": 0.0, ""high_w2"": 0.0, ""high_w3"": 0.0, ""high_d1"": 7.622720001878195, ""high_d2"": 26.59793069442979, ""high_d3"": 4.320893200896669, ""high_alpha3"": 0.5842731717860676, ""low_w1"": 0.40869039715774746, ""low_w2"": 0.0, ""low_w3"": 0.0, ""low_d1"": 41.55995680424454, ""low_d2"": 49.25439429815081, ""low_d3"": 32.881860728421486, ""low_alpha3"": 0.6806260457240368}","{""pop_size"": 100, ""max_iter"": 50}"
1504,sos,weighted,28,random,-21605.8875740782,21605.8875740782,4694.26371655039,50,25033.3346790012,False,"{""high_w1"": 0.0, ""high_w2"": 0.0, ""high_w3"": 0.0, ""high_d1"": 43.840855556779175, ""high_d2"": 2.0, ""high_d3"": 40.23407192834288, ""high_alpha3"": 0.011863850206878603, ""low_w1"": 0.44022881228203575, ""low_w2"": 0.0, ""low_w3"": 0.0, ""low_d1"": 42.125146751127325, ""low_d2"": 2.0, ""low_d3"": 35.07513055335426, ""low_alpha3"": 0.4407982585929801}","{""pop_size"": 100, ""max_iter"": 50}"
1505,aos,sma,6,random,-931.175318631482,931.175318631482,1153.51007806138,51,5774.39822000088,False,"{""short_window"": 46.90486003720811, ""long_window"": 200.0}","{""pop_size"": 100, ""max_iter"": 50, ""n_shells"": 5}"
1506,aos,sma,7,random,-931.175318631482,931.175318631482,1153.51007806138,51,5759.76320000154,False,"{""short_window"": 47.07226799196153, ""long_window"": 200.0}","{""pop_size"": 100, ""max_iter"": 50, ""n_shells"": 5}"
1507,sos,weighted,29,random,-21605.8875740782,21605.8875740782,4694.26371655039,50,24837.9087279991,False,"{""high_w1"": 0.0, ""high_w2"": 0.0, ""high_w3"": 0.0, ""high_d1"": 2.0, ""high_d2"": 5.855059858330456, ""high_d3"": 44.81466370726791, ""high_alpha3"": 0.32684323109444013, ""low_w1"": 0.883248189319829, ""low_w2"": 0.0, ""low_w3"": 0.0, ""low_d1"": 41.80079282336451, ""low_d2"": 34.05548612553366, ""low_d3"": 2.0, ""low_alpha3"": 0.16926655744393865}","{""pop_size"": 100, ""max_iter"": 50}"
1508,aos,sma,8,random,-931.175318631482,931.175318631482,1153.51007806138,51,5762.7550319994,False,"{""short_window"": 46.63608376399742, ""long_window"": 200.0}","{""pop_size"": 100, ""max_iter"": 50, ""n_shells"": 5}"
1509,aos,sma,9,random,-932.49722762536,932.49722762536,1180.27572148885,51,5771.89283100051,False,"{""short_window"": 48.943467822087094, ""long_window"": 197.1058577289913}","{""pop_size"": 100, ""max_iter"": 50, ""n_shells"": 5}"
1510,aos,sma,10,random,-931.175318631482,931.175318631482,1153.51007806138,51,5750.05447200056,False,"{""short_window"": 47.31385691593838, ""long_window"": 200.0}","{""pop_size"": 100, ""max_iter"": 50, ""n_shells"": 5}"
1511,aos,sma,11,random,-932.49722762536,932.49722762536,1180.27572148885,51,5767.25259900013,False,"{""short_window"": 48.66981575527868, ""long_window"": 197.36650334918136}","{""pop_size"": 100, ""max_iter"": 50, ""n_shells"": 5}"
1512,aos,sma,12,random,-932.49722762536,932.49722762536,1180.27572148885,51,5794.62320899984,False,"{""short_window"": 49.00113265587839, ""long_window"": 196.9329255052507}","{""pop_size"": 100, ""max_iter"": 50, ""n_shells"": 5}"
1513,aos,sma,13,random,-931.175318631482,931.175318631482,1153.51007806138,51,5789.13924600056,True,"{""short_window"": 46.7695102346766, ""long_window"": 200.0}","{""pop_size"": 100, ""max_iter"": 50, ""n_shells"": 5}"
1514,aos,sma,14,random,-932.49722762536,932.49722762536,1180.27572148885,51,5785.92876199946,False,"{""short_window"": 48.955112064848564, ""long_window"": 196.5625445745015}","{""pop_size"": 100, ""max_iter"": 50, ""n_shells"": 5}"
1515,aos,sma,15,random,-932.49722762536,932.49722762536,1180.27572148885,51,5787.68666100041,False,"{""short_window"": 49.00513061064165, ""long_window"": 197.05293013179343}","{""pop_size"": 100, ""max_iter"": 50, ""n_shells"": 5}"
1516,aos,sma,17,random,-931.175318631482,931.175318631482,1153.51007806138,51,5770.04214800036,False,"{""short_window"": 47.18540465994856, ""long_window"": 200.0}","{""pop_size"": 100, ""max_iter"": 50, ""n_shells"": 5}"
1517,aos,sma,16,random,-932.49722762536,932.49722762536,1180.27572148885,51,5804.41894499927,False,"{""short_window"": 48.51378682907129, ""long_window"": 197.22484787176353}","{""pop_size"": 100, ""max_iter"": 50, ""n_shells"": 5}"
1518,aos,sma,18,random,-932.49722762536,932.49722762536,1180.27572148885,51,5777.03753400056,False,"{""short_window"": 48.973336239186324, ""long_window"": 196.71006907571504}","{""pop_size"": 100, ""max_iter"": 50, ""n_shells"": 5}"
1519,aos,sma,19,random,-932.49722762536,932.49722762536,1180.27572148885,51,5793.77281000052,False,"{""short_window"": 49.230992112163435, ""long_window"": 196.51083784296196}","{""pop_size"": 100, ""max_iter"": 50, ""n_shells"": 5}"
1520,aos,sma,20,random,-932.49722762536,932.49722762536,1180.27572148885,51,5771.78682399972,False,"{""short_window"": 49.02201288482944, ""long_window"": 197.11901469050218}","{""pop_size"": 100, ""max_iter"": 50, ""n_shells"": 5}"
1521,aos,sma,21,random,-931.175318631482,931.175318631482,1153.51007806138,51,5773.99207300005,False,"{""short_window"": 46.56064793421796, ""long_window"": 200.0}","{""pop_size"": 100, ""max_iter"": 50, ""n_shells"": 5}"
1522,aos,sma,22,random,-932.49722762536,932.49722762536,1180.27572148885,51,5762.47497099939,False,"{""short_window"": 48.94432102060861, ""long_window"": 197.07436147155732}","{""pop_size"": 100, ""max_iter"": 50, ""n_shells"": 5}"
1523,aos,sma,23,random,-932.49722762536,932.49722762536,1180.27572148885,51,5765.40385599947,False,"{""short_window"": 49.40536650635216, ""long_window"": 196.5613677838335}","{""pop_size"": 100, ""max_iter"": 50, ""n_shells"": 5}"
1524,aos,sma,24,random,-932.49722762536,932.49722762536,1180.27572148885,51,5801.24702499961,False,"{""short_window"": 48.58092924090703, ""long_window"": 197.37816190208818}","{""pop_size"": 100, ""max_iter"": 50, ""n_shells"": 5}"
1525,aos,sma,25,random,-932.49722762536,932.49722762536,1180.27572148885,51,5798.28619399996,False,"{""short_window"": 49.256614131098836, ""long_window"": 197.37214867452548}","{""pop_size"": 100, ""max_iter"": 50, ""n_shells"": 5}"
1526,aos,sma,26,random,-931.175318631482,931.175318631482,1153.51007806138,51,5791.55040099977,False,"{""short_window"": 47.38463114483022, ""long_window"": 200.0}","{""pop_size"": 100, ""max_iter"": 50, ""n_shells"": 5}"
1527,aos,sma,27,random,-932.49722762536,932.49722762536,1180.27572148885,51,5801.40037399906,False,"{""short_window"": 49.22117429510555, ""long_window"": 196.62412737706518}","{""pop_size"": 100, ""max_iter"": 50, ""n_shells"": 5}"
1528,aos,sma,28,random,-931.175318631482,931.175318631482,1153.51007806138,51,5776.47141499983,False,"{""short_window"": 46.76170830368992, ""long_window"": 200.0}","{""pop_size"": 100, ""max_iter"": 50, ""n_shells"": 5}"
1529,aos,sma,29,random,-932.49722762536,932.49722762536,1180.27572148885,51,5810.11930300156,False,"{""short_window"": 49.44969808975125, ""long_window"": 197.47463560239729}","{""pop_size"": 100, ""max_iter"": 50, ""n_shells"": 5}"
1530,aos,lma,0,random,-817.548559038867,817.548559038867,907.977723746608,51,5775.43235800113,False,"{""short_window"": 21.254842999251004, ""long_window"": 195.6818327008164}","{""pop_size"": 100, ""max_iter"": 50, ""n_shells"": 5}"
1531,aos,lma,1,random,-818.928633013523,818.928633013523,907.977723746608,51,5820.37630900049,False,"{""short_window"": 20.535082356312497, ""long_window"": 194.90363936891515}","{""pop_size"": 100, ""max_iter"": 50, ""n_shells"": 5}"
1532,aos,lma,2,random,-817.548559038867,817.548559038867,907.977723746608,51,5792.84692100009,False,"{""short_window"": 21.42843795292349, ""long_window"": 196.06074252562797}","{""pop_size"": 100, ""max_iter"": 50, ""n_shells"": 5}"
1533,aos,lma,3,random,-800.109005668366,800.109005668366,487.740312063578,51,5750.18364099924,False,"{""short_window"": 34.67033071670698, ""long_window"": 55.87489069002413}","{""pop_size"": 100, ""max_iter"": 50, ""n_shells"": 5}"
1534,aos,lma,4,random,-778.556922756959,778.556922756959,485.405550105509,51,5756.98874199952,False,"{""short_window"": 32.5211655093978, ""long_window"": 56.740825066876226}","{""pop_size"": 100, ""max_iter"": 50, ""n_shells"": 5}"
1535,aos,lma,5,random,-818.928633013523,818.928633013523,907.977723746608,51,5785.15337699901,False,"{""short_window"": 20.55397071676685, ""long_window"": 194.94101381644143}","{""pop_size"": 100, ""max_iter"": 50, ""n_shells"": 5}"
1536,aos,lma,6,random,-817.548559038867,817.548559038867,907.977723746608,51,5830.43078199989,False,"{""short_window"": 20.54926712452424, ""long_window"": 195.54408320705562}","{""pop_size"": 100, ""max_iter"": 50, ""n_shells"": 5}"
1537,aos,lma,7,random,-775.807310890824,775.807310890824,867.203996776939,51,5812.75860700043,False,"{""short_window"": 19.462481840364873, ""long_window"": 196.23000346426045}","{""pop_size"": 100, ""max_iter"": 50, ""n_shells"": 5}"
1538,aos,lma,8,random,-796.330213764874,796.330213764874,846.344567989416,51,5820.11175600019,False,"{""short_window"": 20.483679159598697, ""long_window"": 195.0749992259708}","{""pop_size"": 100, ""max_iter"": 50, ""n_shells"": 5}"
1539,aos,lma,9,random,-818.928633013523,818.928633013523,907.977723746608,51,5819.19977400139,False,"{""short_window"": 21.12152637788416, ""long_window"": 194.59753724932216}","{""pop_size"": 100, ""max_iter"": 50, ""n_shells"": 5}"
1540,aos,lma,10,random,-817.548559038867,817.548559038867,907.977723746608,51,5805.32901799961,False,"{""short_window"": 20.77519663863479, ""long_window"": 195.67321879276486}","{""pop_size"": 100, ""max_iter"": 50, ""n_shells"": 5}"
1541,aos,lma,11,random,-818.928633013523,818.928633013523,907.977723746608,51,5816.91671299996,False,"{""short_window"": 20.610820811370143, ""long_window"": 195.28304189784615}","{""pop_size"": 100, ""max_iter"": 50, ""n_shells"": 5}"
1542,aos,lma,12,random,-818.928633013523,818.928633013523,907.977723746608,51,5778.33460700094,False,"{""short_window"": 21.001411400722777, ""long_window"": 194.97601062849287}","{""pop_size"": 100, ""max_iter"": 50, ""n_shells"": 5}"
1543,aos,lma,13,random,-800.109005668366,800.109005668366,487.740312063578,51,5773.61912199922,False,"{""short_window"": 34.691712505380764, ""long_window"": 56.087655770255154}","{""pop_size"": 100, ""max_iter"": 50, ""n_shells"": 5}"
1544,aos,lma,14,random,-802.284901112691,802.284901112691,907.977723746608,51,5789.00023300048,False,"{""short_window"": 19.615961523089858, ""long_window"": 198.35628712852505}","{""pop_size"": 100, ""max_iter"": 50, ""n_shells"": 5}"
1545,aos,lma,15,random,-817.548559038867,817.548559038867,907.977723746608,51,5795.44787899977,False,"{""short_window"": 21.026158553409825, ""long_window"": 195.67965819106072}","{""pop_size"": 100, ""max_iter"": 50, ""n_shells"": 5}"
1546,aos,lma,16,random,-818.928633013523,818.928633013523,907.977723746608,51,5787.12661699865,False,"{""short_window"": 21.264687822040347, ""long_window"": 195.3508571233603}","{""pop_size"": 100, ""max_iter"": 50, ""n_shells"": 5}"
1547,aos,lma,17,random,-818.928633013523,818.928633013523,907.977723746608,51,5798.34370299977,False,"{""short_window"": 20.705384167813385, ""long_window"": 194.63514284133615}","{""pop_size"": 100, ""max_iter"": 50, ""n_shells"": 5}"
1548,aos,lma,18,random,-818.928633013523,818.928633013523,907.977723746608,51,5798.37407699961,False,"{""short_window"": 21.429012415745948, ""long_window"": 194.73277216213324}","{""pop_size"": 100, ""max_iter"": 50, ""n_shells"": 5}"
1549,aos,lma,19,random,-818.928633013523,818.928633013523,907.977723746608,51,5823.21624500037,False,"{""short_window"": 20.609818905848822, ""long_window"": 195.36977924566477}","{""pop_size"": 100, ""max_iter"": 50, ""n_shells"": 5}"
1550,aos,lma,20,random,-800.109005668366,800.109005668366,487.740312063578,51,5764.26938099939,False,"{""short_window"": 35.48875154340574, ""long_window"": 56.22243302698554}","{""pop_size"": 100, ""max_iter"": 50, ""n_shells"": 5}"
1551,aos,lma,21,random,-818.928633013523,818.928633013523,907.977723746608,51,5817.95232500008,False,"{""short_window"": 20.790871965481323, ""long_window"": 194.59546241308598}","{""pop_size"": 100, ""max_iter"": 50, ""n_shells"": 5}"
1552,aos,lma,22,random,-818.928633013523,818.928633013523,907.977723746608,51,5790.2049480017,False,"{""short_window"": 20.543500500354767, ""long_window"": 194.73342286162918}","{""pop_size"": 100, ""max_iter"": 50, ""n_shells"": 5}"
1553,aos,lma,24,random,-802.284901112691,802.284901112691,907.977723746608,51,5775.35899699979,False,"{""short_window"": 20.34458483923357, ""long_window"": 198.32088234222246}","{""pop_size"": 100, ""max_iter"": 50, ""n_shells"": 5}"
1554,aos,lma,23,random,-818.928633013523,818.928633013523,907.977723746608,51,5810.41864299914,False,"{""short_window"": 21.387377258012478, ""long_window"": 195.43172491300137}","{""pop_size"": 100, ""max_iter"": 50, ""n_shells"": 5}"
1555,aos,lma,25,random,-800.109005668366,800.109005668366,487.740312063578,51,5785.55814599895,False,"{""short_window"": 35.32132922617621, ""long_window"": 56.07961771512518}","{""pop_size"": 100, ""max_iter"": 50, ""n_shells"": 5}"
1556,aos,lma,26,random,-800.109005668366,800.109005668366,487.740312063578,51,5747.92509299914,False,"{""short_window"": 35.255653185967205, ""long_window"": 55.614600322328556}","{""pop_size"": 100, ""max_iter"": 50, ""n_shells"": 5}"
1557,aos,lma,28,random,-800.109005668366,800.109005668366,487.740312063578,51,5766.19206199939,False,"{""short_window"": 35.45442805203088, ""long_window"": 55.62216561307682}","{""pop_size"": 100, ""max_iter"": 50, ""n_shells"": 5}"
1558,aos,lma,27,random,-818.928633013523,818.928633013523,907.977723746608,51,5793.66818500057,False,"{""short_window"": 20.671399975503437, ""long_window"": 195.07482060660013}","{""pop_size"": 100, ""max_iter"": 50, ""n_shells"": 5}"
1559,aos,lma,29,random,-794.988223072468,794.988223072468,846.344567989416,50,5673.53356000058,True,"{""short_window"": 19.73539567262184, ""long_window"": 195.77809179575993}","{""pop_size"": 100, ""max_iter"": 50, ""n_shells"": 5}"
1560,aos,ema_shared,0,random,-41634.0118765432,41634.0118765432,1000,51,6005.99046800016,False,"{""short_window"": 40.03885402373171, ""long_window"": 171.31587213684108, ""alpha"": 0.9413961429278577}","{""pop_size"": 100, ""max_iter"": 50, ""n_shells"": 5}"
1561,aos,ema_shared,1,random,-68531.5591297415,68531.5591297415,5465.93415171481,51,5968.96464599922,False,"{""short_window"": 37.85428616269941, ""long_window"": 52.286516685736245, ""alpha"": 0.6128577785769496}","{""pop_size"": 100, ""max_iter"": 50, ""n_shells"": 5}"
1562,aos,ema_shared,2,random,-50098.7507317516,50098.7507317516,1037.02445531978,51,5899.44801400088,False,"{""short_window"": 44.311436421661256, ""long_window"": 51.0, ""alpha"": 0.8397700329360115}","{""pop_size"": 100, ""max_iter"": 50, ""n_shells"": 5}"
1563,aos,ema_shared,3,random,-71691.8201046664,71691.8201046664,1037.47344623017,51,5940.78073899982,False,"{""short_window"": 43.863395458436855, ""long_window"": 106.74274218931983, ""alpha"": 0.8314107019885426}","{""pop_size"": 100, ""max_iter"": 50, ""n_shells"": 5}"
1564,aos,ema_shared,4,random,-43759.8635110422,43759.8635110422,1504.08136975387,51,5853.033667001,True,"{""short_window"": 50.0, ""long_window"": 69.3384435739154, ""alpha"": 0.5233581003794979}","{""pop_size"": 100, ""max_iter"": 50, ""n_shells"": 5}"
1565,aos,ema_shared,5,random,-60365.6569332763,60365.6569332763,1000,51,5951.2316119999,False,"{""short_window"": 50.0, ""long_window"": 184.6616273846534, ""alpha"": 0.821343319925029}","{""pop_size"": 100, ""max_iter"": 50, ""n_shells"": 5}"
1566,aos,ema_shared,6,random,-51701.7490465786,51701.7490465786,1000,51,5974.37031399932,False,"{""short_window"": 33.84621942845485, ""long_window"": 136.7236057296011, ""alpha"": 0.8092794602074889}","{""pop_size"": 100, ""max_iter"": 50, ""n_shells"": 5}"
1567,aos,ema_shared,7,random,-47382.333899582,47382.333899582,4012.71733643104,51,5995.7354979997,False,"{""short_window"": 50.0, ""long_window"": 188.5583142479389, ""alpha"": 0.48454454526152513}","{""pop_size"": 100, ""max_iter"": 50, ""n_shells"": 5}"
1568,aos,ema_shared,8,random,-43646.9007506687,43646.9007506687,3101.7785948044,51,5905.75501800049,False,"{""short_window"": 50.0, ""long_window"": 130.547225556953, ""alpha"": 0.9998985545230246}","{""pop_size"": 100, ""max_iter"": 50, ""n_shells"": 5}"
1569,aos,ema_shared,9,random,-32799.0755588547,32799.0755588547,3988.09000156909,51,5952.62495799943,False,"{""short_window"": 35.2092020198487, ""long_window"": 200.0, ""alpha"": 0.8303948337836019}","{""pop_size"": 100, ""max_iter"": 50, ""n_shells"": 5}"
1570,aos,ema_shared,10,random,-46988.6365721857,46988.6365721857,1913.41259302924,51,5960.64497600128,False,"{""short_window"": 17.223548487259592, ""long_window"": 143.12328089261214, ""alpha"": 0.9987266691283248}","{""pop_size"": 100, ""max_iter"": 50, ""n_shells"": 5}"
1571,aos,ema_shared,11,random,-34442.798674087,34442.798674087,6144.02491632127,51,5965.25118499994,False,"{""short_window"": 50.0, ""long_window"": 200.0, ""alpha"": 0.5048854802718056}","{""pop_size"": 100, ""max_iter"": 50, ""n_shells"": 5}"
1572,aos,ema_shared,12,random,-58121.5018716942,58121.5018716942,2893.82042980775,51,5900.53366400025,False,"{""short_window"": 49.27678714722756, ""long_window"": 95.93813974905655, ""alpha"": 0.5800284449795936}","{""pop_size"": 100, ""max_iter"": 50, ""n_shells"": 5}"
1573,aos,ema_shared,13,random,-132228.769992555,132228.769992555,4604.09067991923,51,5898.89766099986,False,"{""short_window"": 39.71858498614494, ""long_window"": 74.53627385528415, ""alpha"": 0.9238485381150935}","{""pop_size"": 100, ""max_iter"": 50, ""n_shells"": 5}"
1574,aos,ema_shared,14,random,-60487.6516489166,60487.6516489166,1000,51,5989.5104649986,False,"{""short_window"": 38.35190879046538, ""long_window"": 172.81151590641656, ""alpha"": 0.8076283503143403}","{""pop_size"": 100, ""max_iter"": 50, ""n_shells"": 5}"
1575,aos,ema_shared,15,random,-48306.873432722,48306.873432722,1154.87394072922,51,6002.26117199964,False,"{""short_window"": 50.0, ""long_window"": 191.91010985772087, ""alpha"": 0.9998682466246064}","{""pop_size"": 100, ""max_iter"": 50, ""n_shells"": 5}"
1576,aos,ema_shared,16,random,-72895.6494959857,72895.6494959857,673.02901401522,51,5858.69184399962,False,"{""short_window"": 50.0, ""long_window"": 68.10280961369598, ""alpha"": 0.5194979709926739}","{""pop_size"": 100, ""max_iter"": 50, ""n_shells"": 5}"
1577,aos,ema_shared,17,random,-34298.5659613937,34298.5659613937,1253.59319176344,51,5913.44028999993,False,"{""short_window"": 50.0, ""long_window"": 175.71136752947325, ""alpha"": 0.6583160300555966}","{""pop_size"": 100, ""max_iter"": 50, ""n_shells"": 5}"
1578,aos,ema_shared,18,random,-55863.7283854752,55863.7283854752,2807.15752682413,51,5980.30101899894,False,"{""short_window"": 32.07753180592811, ""long_window"": 51.0, ""alpha"": 0.7381491889452056}","{""pop_size"": 100, ""max_iter"": 50, ""n_shells"": 5}"
1579,aos,ema_shared,19,random,-79542.727395829,79542.727395829,1000,51,6006.95952500064,False,"{""short_window"": 34.14771051962233, ""long_window"": 160.87302222966355, ""alpha"": 0.7187406665616833}","{""pop_size"": 100, ""max_iter"": 50, ""n_shells"": 5}"
1580,aos,ema_shared,20,random,-48506.6463156144,48506.6463156144,4771.80224223217,51,5872.34052500025,False,"{""short_window"": 43.04493818533855, ""long_window"": 87.9085176798498, ""alpha"": 0.799152324325055}","{""pop_size"": 100, ""max_iter"": 50, ""n_shells"": 5}"
1581,aos,ema_shared,22,random,-75700.4612710909,75700.4612710909,4389.38271910608,51,5915.16527299973,False,"{""short_window"": 50.0, ""long_window"": 81.20757013357158, ""alpha"": 0.5879423920229412}","{""pop_size"": 100, ""max_iter"": 50, ""n_shells"": 5}"
1582,aos,ema_shared,21,random,-38920.8211716255,38920.8211716255,3612.07334224935,51,5949.44454899996,False,"{""short_window"": 47.709034205905056, ""long_window"": 114.55558528112257, ""alpha"": 0.8364236486749788}","{""pop_size"": 100, ""max_iter"": 50, ""n_shells"": 5}"
1583,aos,ema_shared,23,random,-60560.6494477861,60560.6494477861,676.856040840688,51,5982.57605899926,False,"{""short_window"": 27.07600502595001, ""long_window"": 147.55545298695677, ""alpha"": 0.8579459488353991}","{""pop_size"": 100, ""max_iter"": 50, ""n_shells"": 5}"
1584,aos,ema_shared,24,random,-36296.9122619768,36296.9122619768,772.223209226485,51,5951.30007599983,False,"{""short_window"": 50.0, ""long_window"": 92.05940905825167, ""alpha"": 0.4875029188531073}","{""pop_size"": 100, ""max_iter"": 50, ""n_shells"": 5}"
1585,aos,ema_shared,25,random,-53162.0665362753,53162.0665362753,7860.38107777157,51,6021.59539000058,False,"{""short_window"": 27.781048930957528, ""long_window"": 150.67525738581034, ""alpha"": 0.9987455804132298}","{""pop_size"": 100, ""max_iter"": 50, ""n_shells"": 5}"
1586,aos,ema_shared,26,random,-57587.2836923214,57587.2836923214,2977.25057569296,51,6015.50068200049,False,"{""short_window"": 41.904592786663, ""long_window"": 129.29579870982104, ""alpha"": 0.6787468316934299}","{""pop_size"": 100, ""max_iter"": 50, ""n_shells"": 5}"
1587,aos,ema_shared,27,random,-35599.8617000434,35599.8617000434,3514.41094684994,51,5999.971276,True,"{""short_window"": 48.272698083621286, ""long_window"": 156.57983371400903, ""alpha"": 0.5309317931775194}","{""pop_size"": 100, ""max_iter"": 50, ""n_shells"": 5}"
1588,aos,ema_shared,28,random,-42243.5728147928,42243.5728147928,620.26101001269,51,5982.11603599884,False,"{""short_window"": 37.38320096834258, ""long_window"": 198.29872747075737, ""alpha"": 0.7880924904504818}","{""pop_size"": 100, ""max_iter"": 50, ""n_shells"": 5}"
1589,aos,ema_shared,29,random,-52841.9701227178,52841.9701227178,1000,51,5946.25810999969,False,"{""short_window"": 43.16879283572635, ""long_window"": 191.54937885549612, ""alpha"": 0.8459753394584227}","{""pop_size"": 100, ""max_iter"": 50, ""n_shells"": 5}"
1590,aos,ema_independent,0,random,-7413.40594817822,7413.40594817822,4436.6200903308,51,7050.59518999951,False,"{""short_window"": 47.16818987844443, ""long_window"": 127.70469441663901, ""alpha_short"": 1e-06, ""alpha_long"": 0.09930410975291015}","{""pop_size"": 100, ""max_iter"": 50, ""n_shells"": 5}"
1591,aos,ema_independent,1,random,-7387.99192102109,7387.99192102109,7041.99365353354,51,6911.75645600015,False,"{""short_window"": 42.64771705464644, ""long_window"": 55.28791786354757, ""alpha_short"": 1e-06, ""alpha_long"": 0.06788572783845907}","{""pop_size"": 100, ""max_iter"": 50, ""n_shells"": 5}"
1592,aos,ema_independent,2,random,-7926.04708260191,7926.04708260191,4140.9396678547,51,7007.06106600046,False,"{""short_window"": 46.91813866631157, ""long_window"": 80.47801269090354, ""alpha_short"": 1e-06, ""alpha_long"": 0.18895475448253898}","{""pop_size"": 100, ""max_iter"": 50, ""n_shells"": 5}"
1593,aos,ema_independent,4,random,-8964.51080008181,8964.51080008181,4067.65008345194,51,6900.48834300069,False,"{""short_window"": 47.40324441751507, ""long_window"": 78.05300114186151, ""alpha_short"": 1e-06, ""alpha_long"": 0.13947752345109884}","{""pop_size"": 100, ""max_iter"": 50, ""n_shells"": 5}"
1594,aos,ema_independent,3,random,-5775.18719017725,5775.18719017725,5232.25896622984,51,7017.33995299946,False,"{""short_window"": 33.83540282165709, ""long_window"": 98.76949040602457, ""alpha_short"": 1e-06, ""alpha_long"": 0.11936833722080492}","{""pop_size"": 100, ""max_iter"": 50, ""n_shells"": 5}"
1595,aos,ema_independent,5,random,-7783.7471814049,7783.7471814049,4131.12668106545,51,6980.00788600075,False,"{""short_window"": 50.0, ""long_window"": 197.50340839447355, ""alpha_short"": 0.03906563401094923, ""alpha_long"": 0.06083423069900805}","{""pop_size"": 100, ""max_iter"": 50, ""n_shells"": 5}"
1596,aos,ema_independent,6,random,-9476.59657903653,9476.59657903653,4228.37563852344,51,7037.64368600059,False,"{""short_window"": 47.75492030376547, ""long_window"": 161.8540623300788, ""alpha_short"": 1e-06, ""alpha_long"": 0.12530018350143957}","{""pop_size"": 100, ""max_iter"": 50, ""n_shells"": 5}"
1597,aos,ema_independent,7,random,-6239.99040381994,6239.99040381994,3886.86492644265,51,7052.04754999977,False,"{""short_window"": 50.0, ""long_window"": 129.8362484383128, ""alpha_short"": 1e-06, ""alpha_long"": 0.15284767335197375}","{""pop_size"": 100, ""max_iter"": 50, ""n_shells"": 5}"
1598,aos,ema_independent,8,random,-8156.41353526567,8156.41353526567,4526.98018595414,51,6954.3546670011,False,"{""short_window"": 48.491597363569014, ""long_window"": 51.0, ""alpha_short"": 1e-06, ""alpha_long"": 0.1515874808669962}","{""pop_size"": 100, ""max_iter"": 50, ""n_shells"": 5}"
1599,aos,ema_independent,9,random,-6032.49154649414,6032.49154649414,4106.1649680049,51,7018.49389900053,False,"{""short_window"": 45.72499187395209, ""long_window"": 165.39399848036484, ""alpha_short"": 1e-06, ""alpha_long"": 0.2568911221758392}","{""pop_size"": 100, ""max_iter"": 50, ""n_shells"": 5}"
1600,aos,ema_independent,10,random,-6923.07179208342,6923.07179208342,3873.80428971261,51,6973.84198500004,False,"{""short_window"": 48.20681903464248, ""long_window"": 121.23700534887573, ""alpha_short"": 1e-06, ""alpha_long"": 0.10880190347268259}","{""pop_size"": 100, ""max_iter"": 50, ""n_shells"": 5}"
1601,aos,ema_independent,11,random,-6328.70998934855,6328.70998934855,5000.28352159683,51,7060.06918000094,False,"{""short_window"": 39.26110708431794, ""long_window"": 200.0, ""alpha_short"": 1e-06, ""alpha_long"": 0.18630249361556483}","{""pop_size"": 100, ""max_iter"": 50, ""n_shells"": 5}"
1602,aos,ema_independent,12,random,-5789.51206794341,5789.51206794341,4635.41091244128,51,7005.20006399893,False,"{""short_window"": 50.0, ""long_window"": 79.33105455651146, ""alpha_short"": 0.07986913536068463, ""alpha_long"": 0.11581202121518372}","{""pop_size"": 100, ""max_iter"": 50, ""n_shells"": 5}"
1603,aos,ema_independent,13,random,-6842.18468199252,6842.18468199252,5138.80529008026,51,6987.03605899937,True,"{""short_window"": 39.73510031053026, ""long_window"": 107.94056312244567, ""alpha_short"": 0.023293607880559813, ""alpha_long"": 0.12660379108091527}","{""pop_size"": 100, ""max_iter"": 50, ""n_shells"": 5}"
1604,aos,ema_independent,14,random,-8838.7021738484,8838.7021738484,4385.70317813298,51,7090.01187100148,False,"{""short_window"": 45.716444943819994, ""long_window"": 160.1499574509833, ""alpha_short"": 1e-06, ""alpha_long"": 0.15853107730077431}","{""pop_size"": 100, ""max_iter"": 50, ""n_shells"": 5}"
1605,aos,ema_independent,15,random,-9041.5581669749,9041.5581669749,5579.9145880237,51,6982.99569100163,False,"{""short_window"": 43.82645913777421, ""long_window"": 185.7406548785771, ""alpha_short"": 1e-06, ""alpha_long"": 0.13799685871569836}","{""pop_size"": 100, ""max_iter"": 50, ""n_shells"": 5}"
1606,aos,ema_independent,16,random,-6667.41832300231,6667.41832300231,1692.70175733709,51,7001.11763399946,False,"{""short_window"": 42.46926095847447, ""long_window"": 109.25687275680102, ""alpha_short"": 0.10134573216628107, ""alpha_long"": 0.11219108060166849}","{""pop_size"": 100, ""max_iter"": 50, ""n_shells"": 5}"
1607,aos,ema_independent,17,random,-7854.08975087723,7854.08975087723,5640.06429225321,51,7029.22185599891,False,"{""short_window"": 43.96487528119614, ""long_window"": 126.73750425361118, ""alpha_short"": 1e-06, ""alpha_long"": 0.15815321657818948}","{""pop_size"": 100, ""max_iter"": 50, ""n_shells"": 5}"
1608,aos,ema_independent,18,random,-10023.1618651649,10023.1618651649,5046.30932597455,51,7053.83554499895,False,"{""short_window"": 50.0, ""long_window"": 118.90666403913984, ""alpha_short"": 0.04337708485493347, ""alpha_long"": 0.08419836720872409}","{""pop_size"": 100, ""max_iter"": 50, ""n_shells"": 5}"
1609,aos,ema_independent,19,random,-7745.03144983274,7745.03144983274,5459.54392260311,51,7010.06978300029,False,"{""short_window"": 42.87933508798689, ""long_window"": 74.24185219656307, ""alpha_short"": 0.0221927393678919, ""alpha_long"": 0.08420721795490523}","{""pop_size"": 100, ""max_iter"": 50, ""n_shells"": 5}"
1610,aos,ema_independent,20,random,-8641.48239935737,8641.48239935737,4385.70317813298,51,7026.53153599931,False,"{""short_window"": 45.956168709473154, ""long_window"": 64.44489310189206, ""alpha_short"": 1e-06, ""alpha_long"": 0.16173316410534333}","{""pop_size"": 100, ""max_iter"": 50, ""n_shells"": 5}"
1611,aos,ema_independent,21,random,-6239.99040381994,6239.99040381994,3886.86492644265,51,7059.46496099932,False,"{""short_window"": 50.0, ""long_window"": 146.72670539284422, ""alpha_short"": 1e-06, ""alpha_long"": 0.15115714623530457}","{""pop_size"": 100, ""max_iter"": 50, ""n_shells"": 5}"
1612,aos,ema_independent,22,random,-6825.80741890964,6825.80741890964,4090.89010507997,51,6969.77963900099,False,"{""short_window"": 36.77160458958005, ""long_window"": 131.82981786260893, ""alpha_short"": 1e-06, ""alpha_long"": 0.12098161034254168}","{""pop_size"": 100, ""max_iter"": 50, ""n_shells"": 5}"
1613,aos,ema_independent,23,random,-8551.22796572634,8551.22796572634,4371.68744931775,51,6970.42860500005,False,"{""short_window"": 48.12281429695739, ""long_window"": 51.36501497561258, ""alpha_short"": 1e-06, ""alpha_long"": 0.13109325792153653}","{""pop_size"": 100, ""max_iter"": 50, ""n_shells"": 5}"
1614,aos,ema_independent,24,random,-8378.54137041695,8378.54137041695,4533.54754472662,51,7092.15666300042,False,"{""short_window"": 45.327496294057156, ""long_window"": 200.0, ""alpha_short"": 1e-06, ""alpha_long"": 0.14884359491136812}","{""pop_size"": 100, ""max_iter"": 50, ""n_shells"": 5}"
1615,aos,ema_independent,25,random,-6581.17404978342,6581.17404978342,2842.42964859735,51,7042.51314899921,False,"{""short_window"": 32.92344156956081, ""long_window"": 51.0, ""alpha_short"": 1e-06, ""alpha_long"": 0.09472035729352318}","{""pop_size"": 100, ""max_iter"": 50, ""n_shells"": 5}"
1616,aos,ema_independent,26,random,-9129.01082890828,9129.01082890828,4512.39370341788,51,6935.53957100085,False,"{""short_window"": 46.76393980647465, ""long_window"": 51.0, ""alpha_short"": 1e-06, ""alpha_long"": 0.11880856107763677}","{""pop_size"": 100, ""max_iter"": 50, ""n_shells"": 5}"
1617,aos,ema_independent,27,random,-6683.38781628852,6683.38781628852,4496.25945112685,51,6990.72613300086,False,"{""short_window"": 37.17819869914053, ""long_window"": 138.65806688501576, ""alpha_short"": 1e-06, ""alpha_long"": 0.13252245173159619}","{""pop_size"": 100, ""max_iter"": 50, ""n_shells"": 5}"
1618,aos,ema_independent,28,random,-8867.55836320514,8867.55836320514,4340.92173487205,51,7055.09690299914,False,"{""short_window"": 45.70676587143792, ""long_window"": 194.07122680747855, ""alpha_short"": 1e-06, ""alpha_long"": 0.09592640953447124}","{""pop_size"": 100, ""max_iter"": 50, ""n_shells"": 5}"
1619,aos,ema_independent,29,random,-6806.47172920244,6806.47172920244,4188.56942867187,51,6906.65451399946,True,"{""short_window"": 50.0, ""long_window"": 55.0995785036946, ""alpha_short"": 0.04267511758596249, ""alpha_long"": 0.15037706396605774}","{""pop_size"": 100, ""max_iter"": 50, ""n_shells"": 5}"
1620,aos,weighted,0,random,-10577.2481998358,10577.2481998358,4483.68029157614,51,6857.73861899907,False,"{""high_w1"": 1.0, ""high_w2"": 1.0, ""high_w3"": 1.0, ""high_d1"": 50.0, ""high_d2"": 13.38911056081734, ""high_d3"": 37.02205843584728, ""high_alpha3"": 0.99, ""low_w1"": 1.0, ""low_w2"": 1.0, ""low_w3"": 1.0, ""low_d1"": 50.0, ""low_d2"": 13.321094187426347, ""low_d3"": 26.57898744901677, ""low_alpha3"": 0.99}","{""pop_size"": 100, ""max_iter"": 50, ""n_shells"": 5}"
1621,aos,weighted,1,random,-10690.6427562997,10690.6427562997,5036.36838871647,51,6934.35090000094,False,"{""high_w1"": 1.0, ""high_w2"": 1.0, ""high_w3"": 1.0, ""high_d1"": 50.0, ""high_d2"": 50.0, ""high_d3"": 42.936862134368084, ""high_alpha3"": 0.99, ""low_w1"": 1.0, ""low_w2"": 1.0, ""low_w3"": 0.9998715003099217, ""low_d1"": 17.164560929346877, ""low_d2"": 9.891108237978976, ""low_d3"": 49.58230394837285, ""low_alpha3"": 0.99}","{""pop_size"": 100, ""max_iter"": 50, ""n_shells"": 5}"
1622,aos,weighted,2,random,-47446.832013755,47446.832013755,743.953620298842,51,6943.34748700021,False,"{""high_w1"": 1.0, ""high_w2"": 1.0, ""high_w3"": 1.0, ""high_d1"": 3.2105446242299225, ""high_d2"": 50.0, ""high_d3"": 50.0, ""high_alpha3"": 0.99, ""low_w1"": 1.0, ""low_w2"": 1.0, ""low_w3"": 1.0, ""low_d1"": 2.848655220297156, ""low_d2"": 50.0, ""low_d3"": 43.62193862364663, ""low_alpha3"": 0.99}","{""pop_size"": 100, ""max_iter"": 50, ""n_shells"": 5}"
1623,aos,weighted,3,random,-32462.9601283208,32462.9601283208,3585.82666662432,51,6886.06535100007,False,"{""high_w1"": 1.0, ""high_w2"": 1.0, ""high_w3"": 1.0, ""high_d1"": 50.0, ""high_d2"": 50.0, ""high_d3"": 22.863824403523374, ""high_alpha3"": 0.99, ""low_w1"": 1.0, ""low_w2"": 1.0, ""low_w3"": 1.0, ""low_d1"": 50.0, ""low_d2"": 50.0, ""low_d3"": 50.0, ""low_alpha3"": 0.99}","{""pop_size"": 100, ""max_iter"": 50, ""n_shells"": 5}"
1624,aos,weighted,4,random,-9881.42619648268,9881.42619648268,5428.61772814008,51,6829.98469199993,False,"{""high_w1"": 1.0, ""high_w2"": 1.0, ""high_w3"": 1.0, ""high_d1"": 43.88966636839767, ""high_d2"": 32.06891040652607, ""high_d3"": 50.0, ""high_alpha3"": 0.99, ""low_w1"": 1.0, ""low_w2"": 1.0, ""low_w3"": 1.0, ""low_d1"": 8.79772410175349, ""low_d2"": 23.603344637141316, ""low_d3"": 41.75081846533255, ""low_alpha3"": 0.99}","{""pop_size"": 100, ""max_iter"": 50, ""n_shells"": 5}"
1625,aos,weighted,5,random,-9754.59840236857,9754.59840236857,4387.36751610499,51,6834.10480500061,False,"{""high_w1"": 0.80066388224438, ""high_w2"": 1.0, ""high_w3"": 1.0, ""high_d1"": 50.0, ""high_d2"": 36.89166236516361, ""high_d3"": 2.0, ""high_alpha3"": 0.99, ""low_w1"": 0.8316208127924372, ""low_w2"": 1.0, ""low_w3"": 0.9606232358387717, ""low_d1"": 9.030876614058053, ""low_d2"": 19.479033510061473, ""low_d3"": 50.0, ""low_alpha3"": 0.99}","{""pop_size"": 100, ""max_iter"": 50, ""n_shells"": 5}"
1626,aos,weighted,6,random,-11633.6091935818,11633.6091935818,5737.97224107408,51,6907.39494599984,False,"{""high_w1"": 1.0, ""high_w2"": 0.9072327111159474, ""high_w3"": 1.0, ""high_d1"": 41.457293680608586, ""high_d2"": 49.11252719581488, ""high_d3"": 2.0, ""high_alpha3"": 0.99, ""low_w1"": 0.9205037047321791, ""low_w2"": 1.0, ""low_w3"": 0.9944165164827993, ""low_d1"": 31.55580882888972, ""low_d2"": 14.689807720766243, ""low_d3"": 50.0, ""low_alpha3"": 0.99}","{""pop_size"": 100, ""max_iter"": 50, ""n_shells"": 5}"
1627,aos,weighted,7,random,-9948.16540183544,9948.16540183544,5008.6195274518,51,6890.61815600144,False,"{""high_w1"": 1.0, ""high_w2"": 1.0, ""high_w3"": 1.0, ""high_d1"": 49.40954568512736, ""high_d2"": 29.31914773898272, ""high_d3"": 23.238847112533275, ""high_alpha3"": 0.99, ""low_w1"": 1.0, ""low_w2"": 1.0, ""low_w3"": 1.0, ""low_d1"": 17.044035473536248, ""low_d2"": 17.84061997157053, ""low_d3"": 31.58520933913293, ""low_alpha3"": 0.99}","{""pop_size"": 100, ""max_iter"": 50, ""n_shells"": 5}"
1628,aos,weighted,8,random,-10918.4385231234,10918.4385231234,4629.58498185887,51,6842.39452899965,False,"{""high_w1"": 1.0, ""high_w2"": 0.9977148752635013, ""high_w3"": 1.0, ""high_d1"": 50.0, ""high_d2"": 39.690958738202866, ""high_d3"": 41.45762070773367, ""high_alpha3"": 0.8888384274477388, ""low_w1"": 1.0, ""low_w2"": 1.0, ""low_w3"": 1.0, ""low_d1"": 9.036792761520893, ""low_d2"": 15.893021223757518, ""low_d3"": 10.840044519095008, ""low_alpha3"": 0.99}","{""pop_size"": 100, ""max_iter"": 50, ""n_shells"": 5}"
1629,aos,weighted,9,random,-23775.0627530521,23775.0627530521,1000,51,6879.39457999892,False,"{""high_w1"": 1.0, ""high_w2"": 1.0, ""high_w3"": 1.0, ""high_d1"": 50.0, ""high_d2"": 49.865941906001524, ""high_d3"": 50.0, ""high_alpha3"": 0.99, ""low_w1"": 1.0, ""low_w2"": 1.0, ""low_w3"": 1.0, ""low_d1"": 50.0, ""low_d2"": 50.0, ""low_d3"": 8.956655325810399, ""low_alpha3"": 0.99}","{""pop_size"": 100, ""max_iter"": 50, ""n_shells"": 5}"
1630,aos,weighted,10,random,-10566.8413863238,10566.8413863238,1263.83523081648,51,6827.35827299985,False,"{""high_w1"": 1.0, ""high_w2"": 0.33598068460932484, ""high_w3"": 0.7645824989180933, ""high_d1"": 29.786824585710942, ""high_d2"": 39.23621516998243, ""high_d3"": 20.461544851671285, ""high_alpha3"": 0.5860249763692331, ""low_w1"": 1.0, ""low_w2"": 1.0, ""low_w3"": 0.9443609861943489, ""low_d1"": 43.457525553539845, ""low_d2"": 6.318020626966856, ""low_d3"": 19.331296730006837, ""low_alpha3"": 0.4701080894497941}","{""pop_size"": 100, ""max_iter"": 50, ""n_shells"": 5}"
1631,aos,weighted,11,random,-10921.1333684164,10921.1333684164,5002.97548318015,51,6895.37145500071,False,"{""high_w1"": 1.0, ""high_w2"": 1.0, ""high_w3"": 1.0, ""high_d1"": 41.08527594596811, ""high_d2"": 36.820860000374026, ""high_d3"": 42.73460919962242, ""high_alpha3"": 0.99, ""low_w1"": 1.0, ""low_w2"": 1.0, ""low_w3"": 1.0, ""low_d1"": 34.73207499132444, ""low_d2"": 19.901906757876098, ""low_d3"": 11.97054708143708, ""low_alpha3"": 0.99}","{""pop_size"": 100, ""max_iter"": 50, ""n_shells"": 5}"
1632,aos,weighted,12,random,-10672.950101442,10672.950101442,4510.29069446691,51,6944.79530699937,False,"{""high_w1"": 1.0, ""high_w2"": 1.0, ""high_w3"": 1.0, ""high_d1"": 47.52821879442501, ""high_d2"": 50.0, ""high_d3"": 20.097453378637944, ""high_alpha3"": 0.99, ""low_w1"": 1.0, ""low_w2"": 1.0, ""low_w3"": 1.0, ""low_d1"": 15.457135889788532, ""low_d2"": 10.950928380626923, ""low_d3"": 49.9555459546766, ""low_alpha3"": 0.99}","{""pop_size"": 100, ""max_iter"": 50, ""n_shells"": 5}"
1633,aos,weighted,13,random,-10027.7509800806,10027.7509800806,5130.54338481152,51,6987.07983900022,False,"{""high_w1"": 1.0, ""high_w2"": 0.8612030590779697, ""high_w3"": 0.9289477322190924, ""high_d1"": 47.97228226236058, ""high_d2"": 29.565257114860984, ""high_d3"": 50.0, ""high_alpha3"": 0.99, ""low_w1"": 0.6654720459420302, ""low_w2"": 0.4313767868980671, ""low_w3"": 0.5990297571191243, ""low_d1"": 15.4391943892557, ""low_d2"": 21.6809457108478, ""low_d3"": 39.49847451238037, ""low_alpha3"": 0.99}","{""pop_size"": 100, ""max_iter"": 50, ""n_shells"": 5}"
1634,aos,weighted,14,random,-11781.731539285,11781.731539285,5298.91079022979,51,6895.28242599954,False,"{""high_w1"": 1.0, ""high_w2"": 1.0, ""high_w3"": 1.0, ""high_d1"": 29.319046602120725, ""high_d2"": 50.0, ""high_d3"": 37.0443999991955, ""high_alpha3"": 0.99, ""low_w1"": 1.0, ""low_w2"": 1.0, ""low_w3"": 1.0, ""low_d1"": 28.859973176141995, ""low_d2"": 50.0, ""low_d3"": 40.981529900500576, ""low_alpha3"": 0.99}","{""pop_size"": 100, ""max_iter"": 50, ""n_shells"": 5}"
1635,aos,weighted,15,random,-14008.0763966016,14008.0763966016,2474.84069741859,51,6959.2114040006,False,"{""high_w1"": 1.0, ""high_w2"": 1.0, ""high_w3"": 1.0, ""high_d1"": 34.383208543768475, ""high_d2"": 50.0, ""high_d3"": 23.47309875081386, ""high_alpha3"": 0.99, ""low_w1"": 1.0, ""low_w2"": 1.0, ""low_w3"": 1.0, ""low_d1"": 33.56549948159706, ""low_d2"": 49.68692821111984, ""low_d3"": 48.54436773412141, ""low_alpha3"": 0.99}","{""pop_size"": 100, ""max_iter"": 50, ""n_shells"": 5}"
1636,aos,weighted,16,random,-27515.6618765694,27515.6618765694,1856.60603643702,51,6914.24340199956,False,"{""high_w1"": 1.0, ""high_w2"": 1.0, ""high_w3"": 1.0, ""high_d1"": 17.464488545048987, ""high_d2"": 40.06581354117703, ""high_d3"": 15.76037862050262, ""high_alpha3"": 0.99, ""low_w1"": 1.0, ""low_w2"": 1.0, ""low_w3"": 1.0, ""low_d1"": 16.66533329125803, ""low_d2"": 40.42163933021082, ""low_d3"": 21.41213161498919, ""low_alpha3"": 0.99}","{""pop_size"": 100, ""max_iter"": 50, ""n_shells"": 5}"
1637,aos,weighted,17,random,-10031.4274544944,10031.4274544944,4570.82333978121,51,6867.49961299938,False,"{""high_w1"": 0.9096044871376028, ""high_w2"": 1.0, ""high_w3"": 0.23296090449325613, ""high_d1"": 50.0, ""high_d2"": 39.65766170315297, ""high_d3"": 50.0, ""high_alpha3"": 0.9413440681844343, ""low_w1"": 0.8083774843458984, ""low_w2"": 1.0, ""low_w3"": 1.0, ""low_d1"": 17.06695384671439, ""low_d2"": 21.908648102891977, ""low_d3"": 18.781403368654257, ""low_alpha3"": 0.33685424928261876}","{""pop_size"": 100, ""max_iter"": 50, ""n_shells"": 5}"
1638,aos,weighted,18,random,-10667.0624871251,10667.0624871251,4775.67514126001,51,7007.83796399992,False,"{""high_w1"": 1.0, ""high_w2"": 1.0, ""high_w3"": 1.0, ""high_d1"": 43.546229868337434, ""high_d2"": 48.34095137460931, ""high_d3"": 33.113887406869836, ""high_alpha3"": 0.99, ""low_w1"": 1.0, ""low_w2"": 1.0, ""low_w3"": 1.0, ""low_d1"": 37.85197645025407, ""low_d2"": 19.661871078724754, ""low_d3"": 8.749183222943362, ""low_alpha3"": 0.99}","{""pop_size"": 100, ""max_iter"": 50, ""n_shells"": 5}"
1639,gps,sma,0,random,509.0796198701,509.0796198701,1033.02211851114,19,84.8784660011006,False,"{""short_window"": 29.343048188511588, ""long_window"": 156.56321558949048}","{""initial_step_size"": 1, ""tolerance"": 1e-05, ""decay_rate"": 0.5, ""max_iterations"": 50}"
1640,gps,sma,1,random,512.938771900974,512.938771900974,1084.96951657817,19,81.1360209991108,False,"{""short_window"": 24.01705622572355, ""long_window"": 158.32834952288155}","{""initial_step_size"": 1, ""tolerance"": 1e-05, ""decay_rate"": 0.5, ""max_iterations"": 50}"
1641,aos,weighted,19,random,-11843.5847517122,11843.5847517122,1951.68788806567,51,6950.78594299957,False,"{""high_w1"": 1.0, ""high_w2"": 0.9643490077987208, ""high_w3"": 1.0, ""high_d1"": 28.78776732949168, ""high_d2"": 36.853105561547395, ""high_d3"": 2.0, ""high_alpha3"": 0.99, ""low_w1"": 1.0, ""low_w2"": 0.7675620458724778, ""low_w3"": 1.0, ""low_d1"": 39.36140213745368, ""low_d2"": 12.03757984567212, ""low_d3"": 12.946821523083255, ""low_alpha3"": 0.99}","{""pop_size"": 100, ""max_iter"": 50, ""n_shells"": 5}"
1642,gps,sma,2,random,584.19237267706,584.19237267706,520.378741136685,19,84.4161290006014,False,"{""short_window"": 21.92775530281618, ""long_window"": 55.86300854235581}","{""initial_step_size"": 1, ""tolerance"": 1e-05, ""decay_rate"": 0.5, ""max_iterations"": 50}"
1643,gps,sma,3,random,509.0796198701,509.0796198701,1033.02211851114,18,80.2994400000898,False,"{""short_window"": 29.438299323579624, ""long_window"": 156.5140255700976}","{""initial_step_size"": 1, ""tolerance"": 1e-05, ""decay_rate"": 0.5, ""max_iterations"": 50}"
1644,gps,sma,4,random,592.538948884169,592.538948884169,839.576329957211,19,82.5834530005523,False,"{""short_window"": 48.417432272656484, ""long_window"": 134.53760512718264}","{""initial_step_size"": 1, ""tolerance"": 1e-05, ""decay_rate"": 0.5, ""max_iterations"": 50}"
1645,gps,sma,5,random,658.560596524785,658.560596524785,1089.71443912519,19,87.3686630002339,False,"{""short_window"": 11.655672212307495, ""long_window"": 179.7391136204291}","{""initial_step_size"": 1, ""tolerance"": 1e-05, ""decay_rate"": 0.5, ""max_iterations"": 50}"
1646,gps,sma,6,random,300.649852936618,300.649852936618,1218.64565643118,18,81.7531520006014,False,"{""short_window"": 43.857287268928076, ""long_window"": 100.4649909898754}","{""initial_step_size"": 1, ""tolerance"": 1e-05, ""decay_rate"": 0.5, ""max_iterations"": 50}"
1647,gps,sma,7,random,651.354780654382,651.354780654382,1083.31096760719,19,84.2240049987595,False,"{""short_window"": 4.662797889949944, ""long_window"": 168.20790004377707}","{""initial_step_size"": 1, ""tolerance"": 1e-05, ""decay_rate"": 0.5, ""max_iterations"": 50}"
1648,aos,weighted,20,random,-13812.6913100016,13812.6913100016,3017.36164007941,51,6892.63011200092,False,"{""high_w1"": 1.0, ""high_w2"": 1.0, ""high_w3"": 1.0, ""high_d1"": 8.860979575228729, ""high_d2"": 30.110132512986006, ""high_d3"": 32.76901400160077, ""high_alpha3"": 0.99, ""low_w1"": 1.0, ""low_w2"": 1.0, ""low_w3"": 1.0, ""low_d1"": 8.631931107189443, ""low_d2"": 30.33250419024996, ""low_d3"": 23.858149822434772, ""low_alpha3"": 0.99}","{""pop_size"": 100, ""max_iter"": 50, ""n_shells"": 5}"
1649,gps,sma,8,random,917.96655088108,917.96655088108,1025.02027035509,20,85.0140040001861,False,"{""short_window"": 45.92461133400718, ""long_window"": 196.31255876031886}","{""initial_step_size"": 1, ""tolerance"": 1e-05, ""decay_rate"": 0.5, ""max_iterations"": 50}"
1650,gps,sma,9,random,361.075774001165,361.075774001165,679.61835010248,19,80.459378001251,False,"{""short_window"": 3.497959386513598, ""long_window"": 126.77931423016207}","{""initial_step_size"": 1, ""tolerance"": 1e-05, ""decay_rate"": 0.5, ""max_iterations"": 50}"
1651,gps,sma,10,random,393.577314706527,393.577314706527,1143.90474394123,18,79.0761609987385,False,"{""short_window"": 39.02339087680381, ""long_window"": 55.092040454550826}","{""initial_step_size"": 1, ""tolerance"": 1e-05, ""decay_rate"": 0.5, ""max_iterations"": 50}"
1652,gps,sma,11,random,503.535880980169,503.535880980169,703.143848609764,19,81.234401999609,False,"{""short_window"": 11.652945066084921, ""long_window"": 54.90181098165606}","{""initial_step_size"": 1, ""tolerance"": 1e-05, ""decay_rate"": 0.5, ""max_iterations"": 50}"
1653,gps,sma,12,random,646.854042400874,646.854042400874,946.828136602161,18,79.9290680006379,False,"{""short_window"": 9.399816434224274, ""long_window"": 162.2674047807953}","{""initial_step_size"": 1, ""tolerance"": 1e-05, ""decay_rate"": 0.5, ""max_iterations"": 50}"
1654,gps,sma,13,random,455.986761167803,455.986761167803,1565.60263345617,18,80.0661989997025,False,"{""short_window"": 38.32971570754337, ""long_window"": 86.39364178520194}","{""initial_step_size"": 1, ""tolerance"": 1e-05, ""decay_rate"": 0.5, ""max_iterations"": 50}"
1655,aos,weighted,21,random,-9803.38906210004,9803.38906210004,4366.03951475684,51,6892.7328890004,False,"{""high_w1"": 1.0, ""high_w2"": 1.0, ""high_w3"": 1.0, ""high_d1"": 50.0, ""high_d2"": 49.4089719329788, ""high_d3"": 40.00618198832841, ""high_alpha3"": 0.99, ""low_w1"": 1.0, ""low_w2"": 1.0, ""low_w3"": 1.0, ""low_d1"": 13.126776308380707, ""low_d2"": 11.61765545964813, ""low_d3"": 45.44552421479673, ""low_alpha3"": 0.99}","{""pop_size"": 100, ""max_iter"": 50, ""n_shells"": 5}"
1656,gps,sma,14,random,651.568888946154,651.568888946154,991.189608522756,19,82.8530050002883,False,"{""short_window"": 27.669280501089133, ""long_window"": 167.2015927598152}","{""initial_step_size"": 1, ""tolerance"": 1e-05, ""decay_rate"": 0.5, ""max_iterations"": 50}"
1657,gps,sma,15,random,507.639737941015,507.639737941015,1857.13860388789,19,80.9942700016109,False,"{""short_window"": 42.743249468891776, ""long_window"": 79.65549281322878}","{""initial_step_size"": 1, ""tolerance"": 1e-05, ""decay_rate"": 0.5, ""max_iterations"": 50}"
1658,gps,sma,16,random,636.384426423337,636.384426423337,911.39707891138,18,78.1468800014409,False,"{""short_window"": 13.717971799369865, ""long_window"": 128.95133786870073}","{""initial_step_size"": 1, ""tolerance"": 1e-05, ""decay_rate"": 0.5, ""max_iterations"": 50}"
1659,gps,sma,17,random,636.384426423337,636.384426423337,911.39707891138,20,85.85709900035,False,"{""short_window"": 14.143920128981264, ""long_window"": 129.0574265851888}","{""initial_step_size"": 1, ""tolerance"": 1e-05, ""decay_rate"": 0.5, ""max_iterations"": 50}"
1660,gps,sma,18,random,487.433386717022,487.433386717022,1189.9792914571,19,81.184791000851,False,"{""short_window"": 34.2179636035004, ""long_window"": 127.31255268649159}","{""initial_step_size"": 1, ""tolerance"": 1e-05, ""decay_rate"": 0.5, ""max_iterations"": 50}"
1661,gps,sma,19,random,614.232156814126,614.232156814126,988.035866383787,21,84.1370270009065,False,"{""short_window"": 9.681612883973676, ""long_window"": 165.42620778455358}","{""initial_step_size"": 1, ""tolerance"": 1e-05, ""decay_rate"": 0.5, ""max_iterations"": 50}"
1662,aos,weighted,22,random,-9677.11072929937,9677.11072929937,4833.45738146469,51,6904.17479999996,False,"{""high_w1"": 1.0, ""high_w2"": 1.0, ""high_w3"": 1.0, ""high_d1"": 45.076672622848825, ""high_d2"": 50.0, ""high_d3"": 50.0, ""high_alpha3"": 0.99, ""low_w1"": 1.0, ""low_w2"": 1.0, ""low_w3"": 1.0, ""low_d1"": 37.86793699155672, ""low_d2"": 19.287257537964834, ""low_d3"": 3.953283825643828, ""low_alpha3"": 0.99}","{""pop_size"": 100, ""max_iter"": 50, ""n_shells"": 5}"
1663,gps,sma,20,random,515.203681422404,515.203681422404,1054.14460698009,18,81.9652230002248,False,"{""short_window"": 29.23027845170916, ""long_window"": 184.75934545850328}","{""initial_step_size"": 1, ""tolerance"": 1e-05, ""decay_rate"": 0.5, ""max_iterations"": 50}"
1664,gps,sma,21,random,312.921442783587,312.921442783587,960.852604321205,18,76.3522180004657,False,"{""short_window"": 5.33879427883811, ""long_window"": 94.07733930868271}","{""initial_step_size"": 1, ""tolerance"": 1e-05, ""decay_rate"": 0.5, ""max_iterations"": 50}"
1665,gps,sma,22,random,586.102771030165,586.102771030165,968.264884194805,21,83.1419259993709,False,"{""short_window"": 15.006105793224446, ""long_window"": 123.77047820274151}","{""initial_step_size"": 1, ""tolerance"": 1e-05, ""decay_rate"": 0.5, ""max_iterations"": 50}"
1666,gps,sma,23,random,704.278223536464,704.278223536464,1184.61169928264,28,96.1241410004732,False,"{""short_window"": 34.83029842463628, ""long_window"": 195.09742796840732}","{""initial_step_size"": 1, ""tolerance"": 1e-05, ""decay_rate"": 0.5, ""max_iterations"": 50}"
1667,gps,sma,24,random,598.336482170865,598.336482170865,1174.68321242472,18,80.6930620001367,False,"{""short_window"": 48.080830560124085, ""long_window"": 156.22729544248682}","{""initial_step_size"": 1, ""tolerance"": 1e-05, ""decay_rate"": 0.5, ""max_iterations"": 50}"
1668,gps,sma,25,random,606.317446183394,606.317446183394,921.299736909019,20,82.1085619991209,False,"{""short_window"": 45.76595855810617, ""long_window"": 138.75926237221142}","{""initial_step_size"": 1, ""tolerance"": 1e-05, ""decay_rate"": 0.5, ""max_iterations"": 50}"
1669,gps,sma,26,random,608.978488917933,608.978488917933,992.094249611613,19,81.3807319991611,False,"{""short_window"": 14.7808777259986, ""long_window"": 128.38933041648983}","{""initial_step_size"": 1, ""tolerance"": 1e-05, ""decay_rate"": 0.5, ""max_iterations"": 50}"
1670,gps,sma,27,random,607.336361231999,607.336361231999,1033.02211851114,19,82.1609510003327,False,"{""short_window"": 23.434627704906998, ""long_window"": 173.37297733368834}","{""initial_step_size"": 1, ""tolerance"": 1e-05, ""decay_rate"": 0.5, ""max_iterations"": 50}"
1671,gps,sma,29,random,358.090732619533,358.090732619533,1482.27269766346,18,77.9513899997255,False,"{""short_window"": 44.46047930736398, ""long_window"": 93.45098881891639}","{""initial_step_size"": 1, ""tolerance"": 1e-05, ""decay_rate"": 0.5, ""max_iterations"": 50}"
1672,gps,sma,28,random,444.33761111669,444.33761111669,1002.00537590439,20,84.9916060014948,False,"{""short_window"": 37.992659629877714, ""long_window"": 136.62470074681852}","{""initial_step_size"": 1, ""tolerance"": 1e-05, ""decay_rate"": 0.5, ""max_iterations"": 50}"
1673,gps,lma,0,random,536.712508910983,536.712508910983,979.971734181521,20,85.4313090003416,False,"{""short_window"": 30.343048188511588, ""long_window"": 156.56321558949048}","{""initial_step_size"": 1, ""tolerance"": 1e-05, ""decay_rate"": 0.5, ""max_iterations"": 50}"
1674,gps,lma,1,random,450.46454561904,450.46454561904,816.663979334219,24,93.1000129985478,False,"{""short_window"": 22.01705622572355, ""long_window"": 153.32834952288155}","{""initial_step_size"": 1, ""tolerance"": 1e-05, ""decay_rate"": 0.5, ""max_iterations"": 50}"
1675,gps,lma,2,random,720.284866348593,720.284866348593,643.464664256634,26,90.8409469993785,False,"{""short_window"": 24.92775530281618, ""long_window"": 61.86300854235581}","{""initial_step_size"": 1, ""tolerance"": 1e-05, ""decay_rate"": 0.5, ""max_iterations"": 50}"
1676,gps,lma,3,random,536.712508910983,536.712508910983,979.971734181521,19,81.0399189995223,False,"{""short_window"": 30.438299323579624, ""long_window"": 156.5140255700976}","{""initial_step_size"": 1, ""tolerance"": 1e-05, ""decay_rate"": 0.5, ""max_iterations"": 50}"
1677,gps,lma,4,random,499.467189557297,499.467189557297,1362.53892282921,20,88.5252160005621,False,"{""short_window"": 46.417432272656484, ""long_window"": 131.53760512718264}","{""initial_step_size"": 1, ""tolerance"": 1e-05, ""decay_rate"": 0.5, ""max_iterations"": 50}"
1678,gps,lma,5,random,432.603477173911,432.603477173911,816.663979334219,18,81.245420000414,False,"{""short_window"": 12.655672212307495, ""long_window"": 181.7391136204291}","{""initial_step_size"": 1, ""tolerance"": 1e-05, ""decay_rate"": 0.5, ""max_iterations"": 50}"
1679,gps,lma,6,random,501.402203824695,501.402203824695,1224.87057747282,20,84.060661998592,False,"{""short_window"": 45.857287268928076, ""long_window"": 98.4649909898754}","{""initial_step_size"": 1, ""tolerance"": 1e-05, ""decay_rate"": 0.5, ""max_iterations"": 50}"
1680,gps,lma,7,random,396.4651801448,396.4651801448,726.414974319267,21,82.4938429996109,False,"{""short_window"": 9.662797889949944, ""long_window"": 167.20790004377707}","{""initial_step_size"": 1, ""tolerance"": 1e-05, ""decay_rate"": 0.5, ""max_iterations"": 50}"
1681,gps,lma,8,random,497.997049694315,497.997049694315,1013.4084957757,18,81.5875570006028,False,"{""short_window"": 43.92461133400718, ""long_window"": 196.31255876031886}","{""initial_step_size"": 1, ""tolerance"": 1e-05, ""decay_rate"": 0.5, ""max_iterations"": 50}"
1682,gps,lma,10,random,688.601611910867,688.601611910867,605.377654048824,17,76.5588499998557,False,"{""short_window"": 39.02339087680381, ""long_window"": 54.092040454550826}","{""initial_step_size"": 1, ""tolerance"": 1e-05, ""decay_rate"": 0.5, ""max_iterations"": 50}"
1683,gps,lma,9,random,345.656296247873,345.656296247873,947.485885227802,21,81.8657139989227,False,"{""short_window"": 6.497959386513598, ""long_window"": 125.77931423016207}","{""initial_step_size"": 1, ""tolerance"": 1e-05, ""decay_rate"": 0.5, ""max_iterations"": 50}"
1684,gps,lma,11,random,181.754116522136,181.754116522136,490.708270356937,19,78.524586999265,False,"{""short_window"": 12.652945066084921, ""long_window"": 53.90181098165606}","{""initial_step_size"": 1, ""tolerance"": 1e-05, ""decay_rate"": 0.5, ""max_iterations"": 50}"
1685,gps,lma,12,random,311.080902218142,311.080902218142,742.448814022026,18,78.7256559997331,False,"{""short_window"": 10.399816434224274, ""long_window"": 161.2674047807953}","{""initial_step_size"": 1, ""tolerance"": 1e-05, ""decay_rate"": 0.5, ""max_iterations"": 50}"
1686,gps,lma,13,random,535.065315895083,535.065315895083,1035.21866926162,21,83.7888400001248,False,"{""short_window"": 35.32971570754337, ""long_window"": 86.39364178520194}","{""initial_step_size"": 1, ""tolerance"": 1e-05, ""decay_rate"": 0.5, ""max_iterations"": 50}"
1687,gps,lma,14,random,519.631218709706,519.631218709706,846.344567989416,18,79.714129000422,False,"{""short_window"": 27.669280501089133, ""long_window"": 166.2015927598152}","{""initial_step_size"": 1, ""tolerance"": 1e-05, ""decay_rate"": 0.5, ""max_iterations"": 50}"
1688,gps,lma,15,random,397.512711390408,397.512711390408,1098.0632741357,18,80.3475729990169,False,"{""short_window"": 42.743249468891776, ""long_window"": 78.65549281322878}","{""initial_step_size"": 1, ""tolerance"": 1e-05, ""decay_rate"": 0.5, ""max_iterations"": 50}"
1689,gps,lma,16,random,341.750406346691,341.750406346691,888.337674947564,17,77.8831710013037,False,"{""short_window"": 12.717971799369865, ""long_window"": 128.95133786870073}","{""initial_step_size"": 1, ""tolerance"": 1e-05, ""decay_rate"": 0.5, ""max_iterations"": 50}"
1690,aos,weighted,23,random,-9880.17660367318,9880.17660367318,5206.74067870618,51,6917.32578700066,False,"{""high_w1"": 1.0, ""high_w2"": 1.0, ""high_w3"": 1.0, ""high_d1"": 45.00546734433854, ""high_d2"": 35.18127347770149, ""high_d3"": 48.4387617850297, ""high_alpha3"": 0.99, ""low_w1"": 1.0, ""low_w2"": 1.0, ""low_w3"": 1.0, ""low_d1"": 9.394719263659557, ""low_d2"": 28.21485138041229, ""low_d3"": 33.67379029494565, ""low_alpha3"": 0.99}","{""pop_size"": 100, ""max_iter"": 50, ""n_shells"": 5}"
1691,gps,lma,17,random,358.562552107342,358.562552107342,765.691226128374,20,83.2206199993379,False,"{""short_window"": 18.143920128981264, ""long_window"": 131.0574265851888}","{""initial_step_size"": 1, ""tolerance"": 1e-05, ""decay_rate"": 0.5, ""max_iterations"": 50}"
1692,gps,lma,18,random,439.538035198909,439.538035198909,1198.08392255293,19,81.6251929991267,False,"{""short_window"": 34.2179636035004, ""long_window"": 127.31255268649159}","{""initial_step_size"": 1, ""tolerance"": 1e-05, ""decay_rate"": 0.5, ""max_iterations"": 50}"
1693,gps,lma,19,random,415.347402456405,415.347402456405,773.928384062694,23,85.6008770006156,False,"{""short_window"": 12.681612883973676, ""long_window"": 164.42620778455358}","{""initial_step_size"": 1, ""tolerance"": 1e-05, ""decay_rate"": 0.5, ""max_iterations"": 50}"
1694,gps,lma,20,random,522.432291210644,522.432291210644,990.811830393105,20,84.9376540008962,False,"{""short_window"": 31.23027845170916, ""long_window"": 186.75934545850328}","{""initial_step_size"": 1, ""tolerance"": 1e-05, ""decay_rate"": 0.5, ""max_iterations"": 50}"
1695,gps,lma,21,random,326.047331792992,326.047331792992,841.120082103893,19,79.024386999663,False,"{""short_window"": 6.33879427883811, ""long_window"": 94.07733930868271}","{""initial_step_size"": 1, ""tolerance"": 1e-05, ""decay_rate"": 0.5, ""max_iterations"": 50}"
1696,gps,lma,22,random,434.96466605127,434.96466605127,950.938536480968,21,83.4869829996023,False,"{""short_window"": 15.006105793224446, ""long_window"": 123.77047820274151}","{""initial_step_size"": 1, ""tolerance"": 1e-05, ""decay_rate"": 0.5, ""max_iterations"": 50}"
1697,gps,lma,23,random,626.644695174052,626.644695174052,990.811830393105,19,82.1095009996498,False,"{""short_window"": 28.830298424636283, ""long_window"": 192.09742796840732}","{""initial_step_size"": 1, ""tolerance"": 1e-05, ""decay_rate"": 0.5, ""max_iterations"": 50}"
1698,gps,lma,24,random,448.628881789492,448.628881789492,1098.80278566223,22,86.5661290008575,False,"{""short_window"": 50.0, ""long_window"": 158.22729544248682}","{""initial_step_size"": 1, ""tolerance"": 1e-05, ""decay_rate"": 0.5, ""max_iterations"": 50}"
1699,gps,lma,26,random,349.901757419405,349.901757419405,849.899152370502,18,83.7035389995435,False,"{""short_window"": 16.7808777259986, ""long_window"": 127.38933041648983}","{""initial_step_size"": 1, ""tolerance"": 1e-05, ""decay_rate"": 0.5, ""max_iterations"": 50}"
1700,gps,lma,25,random,441.00352481588,441.00352481588,1373.46698588788,20,87.7079950005282,False,"{""short_window"": 44.76595855810617, ""long_window"": 135.75926237221142}","{""initial_step_size"": 1, ""tolerance"": 1e-05, ""decay_rate"": 0.5, ""max_iterations"": 50}"
1701,gps,lma,27,random,516.294369627959,516.294369627959,886.88443836239,20,82.6054339995608,False,"{""short_window"": 25.434627704906998, ""long_window"": 172.37297733368834}","{""initial_step_size"": 1, ""tolerance"": 1e-05, ""decay_rate"": 0.5, ""max_iterations"": 50}"
1702,gps,lma,28,random,441.432436543224,441.432436543224,1023.1615416232,20,84.4115859999874,False,"{""short_window"": 33.992659629877714, ""long_window"": 134.62470074681852}","{""initial_step_size"": 1, ""tolerance"": 1e-05, ""decay_rate"": 0.5, ""max_iterations"": 50}"
1703,gps,lma,29,random,449.508401064281,449.508401064281,1213.82657076813,18,78.782812001009,False,"{""short_window"": 43.46047930736398, ""long_window"": 94.45098881891639}","{""initial_step_size"": 1, ""tolerance"": 1e-05, ""decay_rate"": 0.5, ""max_iterations"": 50}"
1704,gps,ema_shared,2,random,18575.2590967614,18575.2590967614,2659.30549643103,21,134.997824001402,False,"{""short_window"": 21.92775530281618, ""long_window"": 55.86300854235581, ""alpha"": 0.98993896484375}","{""initial_step_size"": 1, ""tolerance"": 1e-05, ""decay_rate"": 0.5, ""max_iterations"": 50}"
1705,gps,ema_shared,0,random,6185.39781414395,6185.39781414395,1288.69992815349,21,150.890713999615,False,"{""short_window"": 27.343048188511588, ""long_window"": 156.56321558949048, ""alpha"": 0.9890234375}","{""initial_step_size"": 1, ""tolerance"": 1e-05, ""decay_rate"": 0.5, ""max_iterations"": 50}"
1706,gps,ema_shared,1,random,6754.1531606328,6754.1531606328,2367.11840792119,20,152.495456000906,False,"{""short_window"": 23.01705622572355, ""long_window"": 158.32834952288155, ""alpha"": 0.98993896484375}","{""initial_step_size"": 1, ""tolerance"": 1e-05, ""decay_rate"": 0.5, ""max_iterations"": 50}"
1707,gps,ema_shared,3,random,6185.39781414395,6185.39781414395,1288.69992815349,20,146.078564001073,False,"{""short_window"": 27.438299323579624, ""long_window"": 156.5140255700976, ""alpha"": 0.9890234375}","{""initial_step_size"": 1, ""tolerance"": 1e-05, ""decay_rate"": 0.5, ""max_iterations"": 50}"
1708,gps,ema_shared,4,random,30232.9477713748,30232.9477713748,3651.85838524858,26,148.306009999942,False,"{""short_window"": 47.5, ""long_window"": 133.53760512718264, ""alpha"": 0.49}","{""initial_step_size"": 1, ""tolerance"": 1e-05, ""decay_rate"": 0.5, ""max_iterations"": 50}"
1709,gps,ema_shared,5,random,7106.18537639058,7106.18537639058,2931.85326637915,21,183.979897999961,False,"{""short_window"": 11.655672212307495, ""long_window"": 180.7391136204291, ""alpha"": 0.9890234375}","{""initial_step_size"": 1, ""tolerance"": 1e-05, ""decay_rate"": 0.5, ""max_iterations"": 50}"
1710,gps,ema_shared,6,random,44225.3490124149,44225.3490124149,892.775777357596,21,127.738783001405,False,"{""short_window"": 45.857287268928076, ""long_window"": 101.4649909898754, ""alpha"": 0.6896824702841752}","{""initial_step_size"": 1, ""tolerance"": 1e-05, ""decay_rate"": 0.5, ""max_iterations"": 50}"
1711,gps,ema_shared,8,random,33702.4689259427,33702.4689259427,1000,19,131.117014001575,False,"{""short_window"": 42.92461133400718, ""long_window"": 196.31255876031886, ""alpha"": 0.8618106494096416}","{""initial_step_size"": 1, ""tolerance"": 1e-05, ""decay_rate"": 0.5, ""max_iterations"": 50}"
1712,gps,ema_shared,9,random,9250.49839081147,9250.49839081147,768.089187554375,31,147.272504998909,False,"{""short_window"": 12.497959386513598, ""long_window"": 125.77931423016207, ""alpha"": 0.989053955078125}","{""initial_step_size"": 1, ""tolerance"": 1e-05, ""decay_rate"": 0.5, ""max_iterations"": 50}"
1713,gps,ema_shared,10,random,14845.4237793802,14845.4237793802,1009.74067649,22,136.925848000828,False,"{""short_window"": 38.02339087680381, ""long_window"": 55.092040454550826, ""alpha"": 0.6544127702277499}","{""initial_step_size"": 1, ""tolerance"": 1e-05, ""decay_rate"": 0.5, ""max_iterations"": 50}"
1714,gps,ema_shared,7,random,2731.98345271053,2731.98345271053,997.739264232373,27,184.388375000708,False,"{""short_window"": 8.662797889949944, ""long_window"": 170.20790004377707, ""alpha"": 0.989969482421875}","{""initial_step_size"": 1, ""tolerance"": 1e-05, ""decay_rate"": 0.5, ""max_iterations"": 50}"
1715,gps,ema_shared,11,random,9250.49839081147,9250.49839081147,768.089187554375,22,130.062049998742,False,"{""short_window"": 11.652945066084921, ""long_window"": 53.90181098165606, ""alpha"": 0.989053955078125}","{""initial_step_size"": 1, ""tolerance"": 1e-05, ""decay_rate"": 0.5, ""max_iterations"": 50}"
1716,gps,ema_shared,13,random,4440.23748816729,4440.23748816729,500.490259619034,21,139.412774000448,False,"{""short_window"": 38.32971570754337, ""long_window"": 87.39364178520194, ""alpha"": 0.8256054620081411}","{""initial_step_size"": 1, ""tolerance"": 1e-05, ""decay_rate"": 0.5, ""max_iterations"": 50}"
1717,gps,ema_shared,12,random,18138.4807508655,18138.4807508655,4584.59509668632,26,181.063849999191,False,"{""short_window"": 13.399816434224274, ""long_window"": 164.2674047807953, ""alpha"": 0.98993896484375}","{""initial_step_size"": 1, ""tolerance"": 1e-05, ""decay_rate"": 0.5, ""max_iterations"": 50}"
1718,gps,ema_shared,16,random,18138.4807508655,18138.4807508655,4584.59509668632,22,135.943609999231,False,"{""short_window"": 12.717971799369865, ""long_window"": 131.95133786870073, ""alpha"": 0.98993896484375}","{""initial_step_size"": 1, ""tolerance"": 1e-05, ""decay_rate"": 0.5, ""max_iterations"": 50}"
1719,gps,ema_shared,15,random,6185.39781414395,6185.39781414395,1288.69992815349,22,140.31134400102,False,"{""short_window"": 42.743249468891776, ""long_window"": 76.65549281322878, ""alpha"": 0.9890234375}","{""initial_step_size"": 1, ""tolerance"": 1e-05, ""decay_rate"": 0.5, ""max_iterations"": 50}"
1720,gps,ema_shared,14,random,6185.39781414395,6185.39781414395,1288.69992815349,22,186.732534000839,False,"{""short_window"": 26.669280501089133, ""long_window"": 165.2015927598152, ""alpha"": 0.9890234375}","{""initial_step_size"": 1, ""tolerance"": 1e-05, ""decay_rate"": 0.5, ""max_iterations"": 50}"
1721,gps,ema_shared,17,random,3033.04306849804,3033.04306849804,556.54758137201,22,144.167112001014,False,"{""short_window"": 16.143920128981264, ""long_window"": 129.0574265851888, ""alpha"": 0.98609375}","{""initial_step_size"": 1, ""tolerance"": 1e-05, ""decay_rate"": 0.5, ""max_iterations"": 50}"
1722,gps,ema_shared,18,random,14570.8508304084,14570.8508304084,3323.61717286227,23,142.361907001032,False,"{""short_window"": 31.2179636035004, ""long_window"": 126.31255268649159, ""alpha"": 0.708994140625}","{""initial_step_size"": 1, ""tolerance"": 1e-05, ""decay_rate"": 0.5, ""max_iterations"": 50}"
1723,gps,ema_shared,20,random,7921.81933089422,7921.81933089422,882.33342869637,20,136.985047000053,False,"{""short_window"": 28.23027845170916, ""long_window"": 184.75934545850328, ""alpha"": 0.7587001148852138}","{""initial_step_size"": 1, ""tolerance"": 1e-05, ""decay_rate"": 0.5, ""max_iterations"": 50}"
1724,gps,ema_shared,21,random,9250.49839081147,9250.49839081147,768.089187554375,31,150.844163001238,False,"{""short_window"": 12.33879427883811, ""long_window"": 94.07733930868271, ""alpha"": 0.989053955078125}","{""initial_step_size"": 1, ""tolerance"": 1e-05, ""decay_rate"": 0.5, ""max_iterations"": 50}"
1725,gps,ema_shared,19,random,18138.4807508655,18138.4807508655,4584.59509668632,25,176.930446001279,False,"{""short_window"": 12.681612883973676, ""long_window"": 164.42620778455358, ""alpha"": 0.98993896484375}","{""initial_step_size"": 1, ""tolerance"": 1e-05, ""decay_rate"": 0.5, ""max_iterations"": 50}"
1726,gps,ema_shared,22,random,18575.2590967614,18575.2590967614,2659.30549643103,22,134.385790999659,False,"{""short_window"": 14.006105793224446, ""long_window"": 123.77047820274151, ""alpha"": 0.98993896484375}","{""initial_step_size"": 1, ""tolerance"": 1e-05, ""decay_rate"": 0.5, ""max_iterations"": 50}"
1727,gps,ema_shared,23,random,28101.0053451938,28101.0053451938,776.760984428338,18,122.777151000264,False,"{""short_window"": 27.830298424636283, ""long_window"": 192.09742796840732, ""alpha"": 0.7601505642089688}","{""initial_step_size"": 1, ""tolerance"": 1e-05, ""decay_rate"": 0.5, ""max_iterations"": 50}"
1728,gps,ema_shared,24,random,3033.04306849804,3033.04306849804,556.54758137201,21,144.287034001536,False,"{""short_window"": 48.080830560124085, ""long_window"": 153.22729544248682, ""alpha"": 0.98609375}","{""initial_step_size"": 1, ""tolerance"": 1e-05, ""decay_rate"": 0.5, ""max_iterations"": 50}"
1729,gps,ema_shared,25,random,3033.04306849804,3033.04306849804,556.54758137201,24,143.307758999072,False,"{""short_window"": 47.76595855810617, ""long_window"": 136.75926237221142, ""alpha"": 0.98609375}","{""initial_step_size"": 1, ""tolerance"": 1e-05, ""decay_rate"": 0.5, ""max_iterations"": 50}"
1730,gps,ema_shared,26,random,3033.04306849804,3033.04306849804,556.54758137201,21,138.846326999555,False,"{""short_window"": 15.7808777259986, ""long_window"": 129.38933041648983, ""alpha"": 0.98609375}","{""initial_step_size"": 1, ""tolerance"": 1e-05, ""decay_rate"": 0.5, ""max_iterations"": 50}"
1731,gps,ema_shared,28,random,18575.2590967614,18575.2590967614,2659.30549643103,21,133.935894000388,False,"{""short_window"": 37.992659629877714, ""long_window"": 135.62470074681852, ""alpha"": 0.98993896484375}","{""initial_step_size"": 1, ""tolerance"": 1e-05, ""decay_rate"": 0.5, ""max_iterations"": 50}"
1732,gps,ema_shared,29,random,6185.39781414395,6185.39781414395,1288.69992815349,21,136.768637999921,False,"{""short_window"": 43.46047930736398, ""long_window"": 93.45098881891639, ""alpha"": 0.9890234375}","{""initial_step_size"": 1, ""tolerance"": 1e-05, ""decay_rate"": 0.5, ""max_iterations"": 50}"
1733,gps,ema_shared,27,random,9317.92973805904,9317.92973805904,3558.23611284658,26,193.54834799924,False,"{""short_window"": 23.434627704906998, ""long_window"": 173.37297733368834, ""alpha"": 0.9894049072265625}","{""initial_step_size"": 1, ""tolerance"": 1e-05, ""decay_rate"": 0.5, ""max_iterations"": 50}"
1734,gps,ema_independent,0,random,4416.76929965226,4416.76929965226,3463.65688959056,21,190.378762999899,False,"{""short_window"": 29.343048188511588, ""long_window"": 157.56321558949048, ""alpha_short"": 0.01, ""alpha_long"": 0.29007926933695893}","{""initial_step_size"": 1, ""tolerance"": 1e-05, ""decay_rate"": 0.5, ""max_iterations"": 50}"
1735,gps,ema_independent,1,random,3784.28835022609,3784.28835022609,2276.72153876066,24,188.230911000574,False,"{""short_window"": 24.01705622572355, ""long_window"": 158.32834952288155, ""alpha_short"": 0.010112087320997989, ""alpha_long"": 0.193004671179203}","{""initial_step_size"": 1, ""tolerance"": 1e-05, ""decay_rate"": 0.5, ""max_iterations"": 50}"
1736,gps,ema_independent,2,random,1652.68693987423,1652.68693987423,525.515825468585,23,195.749610000348,False,"{""short_window"": 22.92775530281618, ""long_window"": 54.86300854235581, ""alpha_short"": 0.0109765625, ""alpha_long"": 0.7022409447659114}","{""initial_step_size"": 1, ""tolerance"": 1e-05, ""decay_rate"": 0.5, ""max_iterations"": 50}"
1737,gps,ema_independent,3,random,4182.72131873139,4182.72131873139,2588.30148124732,23,195.130557000084,False,"{""short_window"": 30.438299323579624, ""long_window"": 156.5140255700976, ""alpha_short"": 0.04515625, ""alpha_long"": 0.2606110530937098}","{""initial_step_size"": 1, ""tolerance"": 1e-05, ""decay_rate"": 0.5, ""max_iterations"": 50}"
1738,gps,ema_independent,4,random,12939.6908849588,12939.6908849588,4249.49909392715,29,219.572674001029,False,"{""short_window"": 49.917432272656484, ""long_window"": 132.53760512718264, ""alpha_short"": 0.0383203125, ""alpha_long"": 0.09235561130087733}","{""initial_step_size"": 1, ""tolerance"": 1e-05, ""decay_rate"": 0.5, ""max_iterations"": 50}"
1739,gps,ema_independent,5,random,842.963265391329,842.963265391329,969.739770050008,24,192.663613999684,False,"{""short_window"": 14.655672212307495, ""long_window"": 183.7391136204291, ""alpha_short"": 0.01, ""alpha_long"": 0.01}","{""initial_step_size"": 1, ""tolerance"": 1e-05, ""decay_rate"": 0.5, ""max_iterations"": 50}"
1740,gps,ema_independent,6,random,9616.73906663829,9616.73906663829,4569.5347387953,26,212.712692999048,False,"{""short_window"": 45.857287268928076, ""long_window"": 99.4649909898754, ""alpha_short"": 0.017812500000000002, ""alpha_long"": 0.1328939432107449}","{""initial_step_size"": 1, ""tolerance"": 1e-05, ""decay_rate"": 0.5, ""max_iterations"": 50}"
1741,gps,ema_independent,7,random,533.223197028366,533.223197028366,842.675435370259,23,194.365387000289,False,"{""short_window"": 6.662797889949944, ""long_window"": 168.20790004377707, ""alpha_short"": 0.01, ""alpha_long"": 0.01}","{""initial_step_size"": 1, ""tolerance"": 1e-05, ""decay_rate"": 0.5, ""max_iterations"": 50}"
1742,gps,ema_independent,8,random,9187.52496009705,9187.52496009705,4569.5347387953,25,201.521859999048,False,"{""short_window"": 44.92461133400718, ""long_window"": 195.31255876031886, ""alpha_short"": 0.01, ""alpha_long"": 0.13766045272448701}","{""initial_step_size"": 1, ""tolerance"": 1e-05, ""decay_rate"": 0.5, ""max_iterations"": 50}"
1743,gps,ema_independent,9,random,293.736061295693,293.736061295693,719.150749905297,29,200.559398999758,False,"{""short_window"": 6.497959386513598, ""long_window"": 123.77931423016207, ""alpha_short"": 0.01, ""alpha_long"": 0.01}","{""initial_step_size"": 1, ""tolerance"": 1e-05, ""decay_rate"": 0.5, ""max_iterations"": 50}"
1744,gps,ema_independent,10,random,6293.47280417728,6293.47280417728,4681.74878495321,27,214.80005399826,False,"{""short_window"": 39.46089087680381, ""long_window"": 54.092040454550826, ""alpha_short"": 0.0109765625, ""alpha_long"": 0.16179655488783962}","{""initial_step_size"": 1, ""tolerance"": 1e-05, ""decay_rate"": 0.5, ""max_iterations"": 50}"
1745,gps,ema_independent,11,random,581.821893633246,581.821893633246,599.055751742268,29,212.054847999752,False,"{""short_window"": 13.652945066084921, ""long_window"": 54.90181098165606, ""alpha_short"": 0.0422265625, ""alpha_long"": 0.027578125000000002}","{""initial_step_size"": 1, ""tolerance"": 1e-05, ""decay_rate"": 0.5, ""max_iterations"": 50}"
1746,gps,ema_independent,12,random,542.843858885182,542.843858885182,867.203996776939,25,197.946913000123,False,"{""short_window"": 14.399816434224274, ""long_window"": 160.2674047807953, ""alpha_short"": 0.01, ""alpha_long"": 0.01}","{""initial_step_size"": 1, ""tolerance"": 1e-05, ""decay_rate"": 0.5, ""max_iterations"": 50}"
1747,gps,ema_independent,13,random,7564.01162885629,7564.01162885629,5138.80529008026,25,195.656600999428,False,"{""short_window"": 39.57971570754337, ""long_window"": 86.39364178520194, ""alpha_short"": 0.01, ""alpha_long"": 0.1556529640821397}","{""initial_step_size"": 1, ""tolerance"": 1e-05, ""decay_rate"": 0.5, ""max_iterations"": 50}"
1748,gps,ema_independent,15,random,6503.26078656356,6503.26078656356,4909.64167408614,28,199.68459699885,False,"{""short_window"": 40.743249468891776, ""long_window"": 77.65549281322878, ""alpha_short"": 0.01, ""alpha_long"": 0.2314951771664585}","{""initial_step_size"": 1, ""tolerance"": 1e-05, ""decay_rate"": 0.5, ""max_iterations"": 50}"
1749,gps,ema_independent,16,random,478.957159897209,478.957159897209,692.985400942139,19,169.379209999534,False,"{""short_window"": 13.717971799369865, ""long_window"": 128.95133786870073, ""alpha_short"": 0.01, ""alpha_long"": 0.0546899111301502}","{""initial_step_size"": 1, ""tolerance"": 1e-05, ""decay_rate"": 0.5, ""max_iterations"": 50}"
1750,gps,ema_independent,14,random,1691.26074138953,1691.26074138953,1581.74154120693,26,286.825885999861,False,"{""short_window"": 23.669280501089133, ""long_window"": 169.2015927598152, ""alpha_short"": 0.99, ""alpha_long"": 0.99}","{""initial_step_size"": 1, ""tolerance"": 1e-05, ""decay_rate"": 0.5, ""max_iterations"": 50}"
1751,gps,ema_independent,17,random,1418.92510652069,1418.92510652069,1861.15566311616,30,217.411462999735,False,"{""short_window"": 17.643920128981264, ""long_window"": 130.0574265851888, ""alpha_short"": 0.01, ""alpha_long"": 0.2209375}","{""initial_step_size"": 1, ""tolerance"": 1e-05, ""decay_rate"": 0.5, ""max_iterations"": 50}"
1752,gps,ema_independent,19,random,535.258489078779,535.258489078779,1039.85970450983,24,184.291577999829,False,"{""short_window"": 10.681612883973676, ""long_window"": 165.42620778455358, ""alpha_short"": 0.01, ""alpha_long"": 0.01}","{""initial_step_size"": 1, ""tolerance"": 1e-05, ""decay_rate"": 0.5, ""max_iterations"": 50}"
1753,gps,ema_independent,18,random,6188.37120045675,6188.37120045675,2627.72381591511,25,205.49642900005,False,"{""short_window"": 34.2179636035004, ""long_window"": 126.31255268649159, ""alpha_short"": 0.011953125, ""alpha_long"": 0.09738310836410374}","{""initial_step_size"": 1, ""tolerance"": 1e-05, ""decay_rate"": 0.5, ""max_iterations"": 50}"
1754,gps,ema_independent,21,random,373.673156260528,373.673156260528,836.372248111764,22,181.803972000125,False,"{""short_window"": 6.33879427883811, ""long_window"": 93.07733930868271, ""alpha_short"": 0.01, ""alpha_long"": 0.0314280655426308}","{""initial_step_size"": 1, ""tolerance"": 1e-05, ""decay_rate"": 0.5, ""max_iterations"": 50}"
1755,gps,ema_independent,20,random,5556.92785046806,5556.92785046806,4631.42330099564,27,204.865656000038,False,"{""short_window"": 34.73027845170916, ""long_window"": 184.75934545850328, ""alpha_short"": 0.025625000000000002, ""alpha_long"": 0.12202072776153028}","{""initial_step_size"": 1, ""tolerance"": 1e-05, ""decay_rate"": 0.5, ""max_iterations"": 50}"
1756,gps,ema_independent,23,random,6145.68673512689,6145.68673512689,2967.16449245111,23,199.754996001502,False,"{""short_window"": 27.830298424636283, ""long_window"": 192.09742796840732, ""alpha_short"": 0.01, ""alpha_long"": 0.27039050521277047}","{""initial_step_size"": 1, ""tolerance"": 1e-05, ""decay_rate"": 0.5, ""max_iterations"": 50}"
1757,gps,ema_independent,22,random,1418.92510652069,1418.92510652069,1861.15566311616,32,219.87644300134,False,"{""short_window"": 18.006105793224446, ""long_window"": 122.77047820274151, ""alpha_short"": 0.01, ""alpha_long"": 0.2209375}","{""initial_step_size"": 1, ""tolerance"": 1e-05, ""decay_rate"": 0.5, ""max_iterations"": 50}"
1758,gps,ema_independent,24,random,9908.04497816041,9908.04497816041,4250.15175066443,22,191.761501000656,False,"{""short_window"": 48.080830560124085, ""long_window"": 155.22729544248682, ""alpha_short"": 0.01, ""alpha_long"": 0.15730657878719476}","{""initial_step_size"": 1, ""tolerance"": 1e-05, ""decay_rate"": 0.5, ""max_iterations"": 50}"
1759,gps,ema_independent,25,random,10210.4591147846,10210.4591147846,4250.15175066443,26,195.614480000586,False,"{""short_window"": 47.76595855810617, ""long_window"": 137.75926237221142, ""alpha_short"": 0.01, ""alpha_long"": 0.16875550744837567}","{""initial_step_size"": 1, ""tolerance"": 1e-05, ""decay_rate"": 0.5, ""max_iterations"": 50}"
1760,gps,ema_independent,26,random,3629.48351428287,3629.48351428287,986.14317155233,30,210.312941000666,False,"{""short_window"": 22.7808777259986, ""long_window"": 128.38933041648983, ""alpha_short"": 0.017812500000000002, ""alpha_long"": 0.10008671207244257}","{""initial_step_size"": 1, ""tolerance"": 1e-05, ""decay_rate"": 0.5, ""max_iterations"": 50}"
1761,gps,ema_independent,27,random,3784.28835022609,3784.28835022609,2443.29721195402,27,209.227266999733,False,"{""short_window"": 23.934627704906998, ""long_window"": 172.37297733368834, ""alpha_short"": 0.01, ""alpha_long"": 0.19267438588214103}","{""initial_step_size"": 1, ""tolerance"": 1e-05, ""decay_rate"": 0.5, ""max_iterations"": 50}"
1762,gps,ema_independent,28,random,5597.27227952354,5597.27227952354,4339.82137111979,24,192.425168001137,False,"{""short_window"": 36.992659629877714, ""long_window"": 134.62470074681852, ""alpha_short"": 0.01, ""alpha_long"": 0.10471864632611483}","{""initial_step_size"": 1, ""tolerance"": 1e-05, ""decay_rate"": 0.5, ""max_iterations"": 50}"
1763,gps,ema_independent,29,random,10942.8703216515,10942.8703216515,4435.27106409657,26,193.706392999957,False,"{""short_window"": 45.96047930736398, ""long_window"": 93.45098881891639, ""alpha_short"": 0.01, ""alpha_long"": 0.12760136649367926}","{""initial_step_size"": 1, ""tolerance"": 1e-05, ""decay_rate"": 0.5, ""max_iterations"": 50}"
1764,gps,weighted,1,random,241.012912744178,241.012912744178,558.771815519836,41,851.99516800094,False,"{""high_w1"": 1.0, ""high_w2"": 0.7343082687700502, ""high_w3"": 0.050108656076477645, ""high_d1"": 21.51196348632831, ""high_d2"": 13.044282759221426, ""high_d3"": 11.432252548902294, ""high_alpha3"": 0.23941000715011748, ""low_w1"": 0.3782826906908953, ""low_w2"": 1.0, ""low_w3"": 0.05, ""low_d1"": 22.121336691358152, ""low_d2"": 34.890536019044454, ""low_d3"": 11.813707987112837, ""low_alpha3"": 0.99}","{""initial_step_size"": 1, ""tolerance"": 1e-05, ""decay_rate"": 0.5, ""max_iterations"": 50}"
1765,gps,weighted,2,random,4446.19064810834,4446.19064810834,538.306813950304,32,788.986806999674,False,"{""high_w1"": 0.46419515703490355, ""high_w2"": 0.07462992023649677, ""high_w3"": 0.05, ""high_d1"": 26.895474845677292, ""high_d2"": 23.177654500199473, ""high_d3"": 17.856071408185958, ""high_alpha3"": 0.13243066135708567, ""low_w1"": 0.6383074180331305, ""low_w2"": 0.334671939990797, ""low_w3"": 0.3034859113477233, ""low_d1"": 35.81442397292616, ""low_d2"": 27.398820525297875, ""low_d3"": 8.459837376556811, ""low_alpha3"": 0.4937753088404315}","{""initial_step_size"": 1, ""tolerance"": 1e-05, ""decay_rate"": 0.5, ""max_iterations"": 50}"
1766,gps,weighted,3,random,4744.57907821959,4744.57907821959,3905.43177390829,27,791.007430998434,False,"{""high_w1"": 1.0, ""high_w2"": 0.05, ""high_w3"": 0.32635950196729707, ""high_d1"": 28.519725049487825, ""high_d2"": 45.86145380868743, ""high_d3"": 45.02206826880503, ""high_alpha3"": 0.2580736042545595, ""low_w1"": 0.24688073423127743, ""low_w2"": 0.09889384313578839, ""low_w3"": 1.0, ""low_d1"": 3.434058122171214, ""low_d2"": 22.927994770946132, ""low_d3"": 33.158914285508516, ""low_alpha3"": 0.28291753699501576}","{""initial_step_size"": 1, ""tolerance"": 1e-05, ""decay_rate"": 0.5, ""max_iterations"": 50}"
1767,gps,weighted,4,random,4823.73198048409,4823.73198048409,3568.81887931714,29,764.871426999889,False,"{""high_w1"": 1.0, ""high_w2"": 0.5229956367169363, ""high_w3"": 0.99609375, ""high_d1"": 38.3111676963695, ""high_d2"": 37.490983580668996, ""high_d3"": 12.372295787858066, ""high_alpha3"": 0.99, ""low_w1"": 0.055918742444360375, ""low_w2"": 1.0, ""low_w3"": 0.4630519557842235, ""low_d1"": 39.41038024610012, ""low_d2"": 12.488883580812148, ""low_d3"": 43.42367530876267, ""low_alpha3"": 0.9737326636318065}","{""initial_step_size"": 1, ""tolerance"": 1e-05, ""decay_rate"": 0.5, ""max_iterations"": 50}"
1768,gps,weighted,0,random,10389.2060761949,10389.2060761949,1729.41402363794,44,978.47990199989,False,"{""high_w1"": 1.0, ""high_w2"": 0.05, ""high_w3"": 0.3, ""high_d1"": 32.15439278385105, ""high_d2"": 25.585430368267424, ""high_d3"": 35.25291742719949, ""high_alpha3"": 0.01, ""low_w1"": 0.8971843507429758, ""low_w2"": 1.0, ""low_w3"": 0.5, ""low_d1"": 43.0028018279679, ""low_d2"": 27.386956148139415, ""low_d3"": 29.266138932508753, ""low_alpha3"": 0.41708470552680776}","{""initial_step_size"": 1, ""tolerance"": 1e-05, ""decay_rate"": 0.5, ""max_iterations"": 50}"
1769,gps,weighted,5,random,10320.3734515693,10320.3734515693,4157.35540169154,34,835.645230001319,False,"{""high_w1"": 1.0, ""high_w2"": 0.05, ""high_w3"": 0.08125, ""high_d1"": 47.093323581020236, ""high_d2"": 25.443737062151797, ""high_d3"": 31.363705419326994, ""high_alpha3"": 0.99, ""low_w1"": 0.5424970884792961, ""low_w2"": 0.33196047649741084, ""low_w3"": 0.78125, ""low_d1"": 8.875580900713993, ""low_d2"": 37.44513421755056, ""low_d3"": 25.182842699005747, ""low_alpha3"": 0.1651436703583982}","{""initial_step_size"": 1, ""tolerance"": 1e-05, ""decay_rate"": 0.5, ""max_iterations"": 50}"
1770,aos,weighted,24,random,-10609.8864613999,10609.8864613999,3995.62002393693,51,6969.45211400089,False,"{""high_w1"": 1.0, ""high_w2"": 1.0, ""high_w3"": 1.0, ""high_d1"": 50.0, ""high_d2"": 40.98554188868565, ""high_d3"": 3.6902461151916564, ""high_alpha3"": 0.99, ""low_w1"": 1.0, ""low_w2"": 1.0, ""low_w3"": 1.0, ""low_d1"": 15.818099785479916, ""low_d2"": 12.259446118960904, ""low_d3"": 19.85756692701311, ""low_alpha3"": 0.99}","{""pop_size"": 100, ""max_iter"": 50, ""n_shells"": 5}"
1771,aos,weighted,26,random,-10848.3625643519,10848.3625643519,5379.74873701757,51,6944.13605699992,False,"{""high_w1"": 1.0, ""high_w2"": 1.0, ""high_w3"": 1.0, ""high_d1"": 47.02162080598216, ""high_d2"": 40.88952293128814, ""high_d3"": 36.30415214271927, ""high_alpha3"": 0.99, ""low_w1"": 1.0, ""low_w2"": 1.0, ""low_w3"": 1.0, ""low_d1"": 11.839631760818197, ""low_d2"": 35.75764808397162, ""low_d3"": 15.684694578378464, ""low_alpha3"": 0.99}","{""pop_size"": 100, ""max_iter"": 50, ""n_shells"": 5}"
1772,aos,weighted,25,random,-9969.76855637126,9969.76855637126,4137.6073852208,51,6992.18557200038,False,"{""high_w1"": 1.0, ""high_w2"": 1.0, ""high_w3"": 0.8082050964024751, ""high_d1"": 50.0, ""high_d2"": 37.301778117440136, ""high_d3"": 2.0302170302071434, ""high_alpha3"": 0.99, ""low_w1"": 1.0, ""low_w2"": 1.0, ""low_w3"": 1.0, ""low_d1"": 15.904251890781588, ""low_d2"": 13.75339728826448, ""low_d3"": 2.3815999637294993, ""low_alpha3"": 0.99}","{""pop_size"": 100, ""max_iter"": 50, ""n_shells"": 5}"
1773,gps,weighted,6,random,176.253517428522,176.253517428522,366.516812725361,25,663.64114299904,False,"{""high_w1"": 1.0, ""high_w2"": 1.0, ""high_w3"": 1.0, ""high_d1"": 7.001438034811995, ""high_d2"": 7.1675206369264615, ""high_d3"": 30.56249908189953, ""high_alpha3"": 0.5292210149489651, ""low_w1"": 0.5103670571288216, ""low_w2"": 1.0, ""low_w3"": 0.6413934605862857, ""low_d1"": 23.030788453225956, ""low_d2"": 37.322341104737134, ""low_d3"": 26.8657477759649, ""low_alpha3"": 0.577281428221634}","{""initial_step_size"": 1, ""tolerance"": 1e-05, ""decay_rate"": 0.5, ""max_iterations"": 50}"
1774,gps,weighted,7,random,8920.01485463716,8920.01485463716,5610.74646752121,33,790.600206000818,False,"{""high_w1"": 0.6875, ""high_w2"": 0.625, ""high_w3"": 0.05, ""high_d1"": 41.72632853588518, ""high_d2"": 49.94349657583693, ""high_d3"": 27.847801779700816, ""high_alpha3"": 0.99, ""low_w1"": 0.11844857669177347, ""low_w2"": 0.3050170310967776, ""low_w3"": 1.0, ""low_d1"": 35.60303981380514, ""low_d2"": 40.57947373301002, ""low_d3"": 20.285174391129843, ""low_alpha3"": 0.074617619967787}","{""initial_step_size"": 1, ""tolerance"": 1e-05, ""decay_rate"": 0.5, ""max_iterations"": 50}"
1775,gps,weighted,9,random,324.116096082579,324.116096082579,441.432908324684,30,770.886790000077,False,"{""high_w1"": 1.0, ""high_w2"": 0.9375, ""high_w3"": 0.5209846284774388, ""high_d1"": 13.423817390045276, ""high_d2"": 8.82133210181785, ""high_d3"": 11.553316430051755, ""high_alpha3"": 0.35763801690024344, ""low_w1"": 0.28569610999288114, ""low_w2"": 1.0, ""low_w3"": 0.3782237080478801, ""low_d1"": 10.005264633551429, ""low_d2"": 44.17083610556763, ""low_d3"": 47.646273518082396, ""low_alpha3"": 0.01}","{""initial_step_size"": 1, ""tolerance"": 1e-05, ""decay_rate"": 0.5, ""max_iterations"": 50}"
1776,gps,weighted,11,random,5197.38134075548,5197.38134075548,3162.98682226338,27,716.831048999666,False,"{""high_w1"": 1.0, ""high_w2"": 0.06850147941324336, ""high_w3"": 0.5056826001734274, ""high_d1"": 39.7968286012231, ""high_d2"": 22.16977302021092, ""high_d3"": 25.300500712053555, ""high_alpha3"": 0.99, ""low_w1"": 0.513003026953878, ""low_w2"": 0.9447163197261979, ""low_w3"": 1.0, ""low_d1"": 37.03829457059929, ""low_d2"": 7.219331449710797, ""low_d3"": 44.9074001736839, ""low_alpha3"": 0.8656361621313731}","{""initial_step_size"": 1, ""tolerance"": 1e-05, ""decay_rate"": 0.5, ""max_iterations"": 50}"
1777,gps,weighted,8,random,199.155313083334,199.155313083334,422.669000247468,34,841.929924999931,False,"{""high_w1"": 0.34850793265222546, ""high_w2"": 1.0, ""high_w3"": 0.921875, ""high_d1"": 27.481073194668753, ""high_d2"": 14.670959742909954, ""high_d3"": 3.547142605316635, ""high_alpha3"": 0.4318594419266407, ""low_w1"": 1.0, ""low_w2"": 0.5465409377849412, ""low_w3"": 0.5044722060122823, ""low_d1"": 29.65711074347186, ""low_d2"": 27.58252884204194, ""low_d3"": 38.52298762894059, ""low_alpha3"": 0.7081270826004494}","{""initial_step_size"": 1, ""tolerance"": 1e-05, ""decay_rate"": 0.5, ""max_iterations"": 50}"
1778,gps,weighted,10,random,2401.16824206945,2401.16824206945,559.041852448732,42,942.439411001033,False,"{""high_w1"": 1.0, ""high_w2"": 1.0, ""high_w3"": 0.05, ""high_d1"": 36.94258636185337, ""high_d2"": 30.92833659052434, ""high_d3"": 15.790238985480688, ""high_alpha3"": 0.2353516074644315, ""low_w1"": 0.05, ""low_w2"": 1.0, ""low_w3"": 0.13392282346530976, ""low_d1"": 36.89727128165427, ""low_d2"": 48.762880617356956, ""low_d3"": 2.1895167837398937, ""low_alpha3"": 0.5119484181180611}","{""initial_step_size"": 1, ""tolerance"": 1e-05, ""decay_rate"": 0.5, ""max_iterations"": 50}"
1779,aos,weighted,27,random,-10175.8392726,10175.8392726,1570.56368794351,51,6945.07020299898,False,"{""high_w1"": 1.0, ""high_w2"": 1.0, ""high_w3"": 1.0, ""high_d1"": 30.040620359898718, ""high_d2"": 37.96637577924907, ""high_d3"": 31.86403762877571, ""high_alpha3"": 0.99, ""low_w1"": 1.0, ""low_w2"": 0.9639897202935594, ""low_w3"": 1.0, ""low_d1"": 43.40543913913568, ""low_d2"": 8.531990844666012, ""low_d3"": 11.999870645616106, ""low_alpha3"": 0.99}","{""pop_size"": 100, ""max_iter"": 50, ""n_shells"": 5}"
1780,aos,weighted,28,random,-10572.6249148474,10572.6249148474,5540.38482240168,51,6891.57699899988,False,"{""high_w1"": 0.7368202553720249, ""high_w2"": 1.0, ""high_w3"": 0.9825005637883337, ""high_d1"": 45.46911438773373, ""high_d2"": 44.96103176686806, ""high_d3"": 47.834368624391125, ""high_alpha3"": 0.99, ""low_w1"": 1.0, ""low_w2"": 0.8063650985456571, ""low_w3"": 1.0, ""low_d1"": 7.5480292191899805, ""low_d2"": 19.241542253874535, ""low_d3"": 31.359658875250304, ""low_alpha3"": 0.99}","{""pop_size"": 100, ""max_iter"": 50, ""n_shells"": 5}"
1781,gps,weighted,12,random,170.077820215319,170.077820215319,370.132093979363,40,908.259111000007,False,"{""high_w1"": 0.05, ""high_w2"": 0.5, ""high_w3"": 0.05, ""high_d1"": 27.11949088225429, ""high_d2"": 7.699598199300144, ""high_d3"": 46.09985638879448, ""high_alpha3"": 0.99, ""low_w1"": 0.08175035624502736, ""low_w2"": 0.6875, ""low_w3"": 0.1803488552882726, ""low_d1"": 15.6237609419814, ""low_d2"": 37.091992849223786, ""low_d3"": 47.322806530546025, ""low_alpha3"": 0.7206808302870993}","{""initial_step_size"": 1, ""tolerance"": 1e-05, ""decay_rate"": 0.5, ""max_iterations"": 50}"
1782,aos,weighted,29,random,-11103.5846071661,11103.5846071661,5228.38722434142,51,6879.93850499879,False,"{""high_w1"": 1.0, ""high_w2"": 1.0, ""high_w3"": 0.9608503467876046, ""high_d1"": 43.98126945425026, ""high_d2"": 40.72135665140021, ""high_d3"": 47.58519767165833, ""high_alpha3"": 0.9338928987755389, ""low_w1"": 1.0, ""low_w2"": 0.7908562703792881, ""low_w3"": 0.9883843639426988, ""low_d1"": 14.57627047884099, ""low_d2"": 50.0, ""low_d3"": 50.0, ""low_alpha3"": 0.8382079645094813}","{""pop_size"": 100, ""max_iter"": 50, ""n_shells"": 5}"
1783,gps,weighted,13,random,8892.52590613672,8892.52590613672,3638.5025935684,24,724.026300000332,False,"{""high_w1"": 1.0, ""high_w2"": 0.27566415903316666, ""high_w3"": 1.0, ""high_d1"": 49.35596150606399, ""high_d2"": 47.68485346743488, ""high_d3"": 23.765563876030985, ""high_alpha3"": 0.6068616135060524, ""low_w1"": 0.7867501888746044, ""low_w2"": 1.0, ""low_w3"": 0.7359173180410998, ""low_d1"": 3.681753156868991, ""low_d2"": 17.32557460268061, ""low_d3"": 4.808599610339588, ""low_alpha3"": 0.8342947237354549}","{""initial_step_size"": 1, ""tolerance"": 1e-05, ""decay_rate"": 0.5, ""max_iterations"": 50}"
1784,gps,weighted,14,random,288.435352025847,288.435352025847,495.532660024946,33,773.037049000777,False,"{""high_w1"": 0.5382461765840557, ""high_w2"": 1.0, ""high_w3"": 0.05, ""high_d1"": 9.38625352943126, ""high_d2"": 18.867324424249798, ""high_d3"": 47.964979489562765, ""high_alpha3"": 0.99, ""low_w1"": 1.0, ""low_w2"": 0.5622399405543657, ""low_w3"": 0.2601921953063719, ""low_d1"": 39.71110518036496, ""low_d2"": 18.428222029504848, ""low_d3"": 29.866664755222942, ""low_alpha3"": 0.015756309840037164}","{""initial_step_size"": 1, ""tolerance"": 1e-05, ""decay_rate"": 0.5, ""max_iterations"": 50}"
1785,gps,weighted,15,random,8128.04396724234,8128.04396724234,1460.9089767879,33,811.925257999974,False,"{""high_w1"": 1.0, ""high_w2"": 0.9375, ""high_w3"": 0.10164505359110985, ""high_d1"": 24.3538454122347, ""high_d2"": 17.219244573107773, ""high_d3"": 27.440010794980417, ""high_alpha3"": 0.99, ""low_w1"": 0.33925064119643594, ""low_w2"": 1.0, ""low_w3"": 0.3030290631861087, ""low_d1"": 47.046235096155, ""low_d2"": 14.679048956161934, ""low_d3"": 36.45313699873069, ""low_alpha3"": 0.7021507335063509}","{""initial_step_size"": 1, ""tolerance"": 1e-05, ""decay_rate"": 0.5, ""max_iterations"": 50}"
1786,gps,weighted,19,random,102.85367147235,102.85367147235,414.997609127254,28,734.790799999246,False,"{""high_w1"": 1.0, ""high_w2"": 1.0, ""high_w3"": 0.2845910745080107, ""high_d1"": 8.630320998863338, ""high_d2"": 17.909435037004712, ""high_d3"": 5.983979120330858, ""high_alpha3"": 0.6685375396548573, ""low_w1"": 0.05, ""low_w2"": 1.0, ""low_w3"": 0.05, ""low_d1"": 14.364316290264656, ""low_d2"": 32.35331674004542, ""low_d3"": 28.18687798444285, ""low_alpha3"": 0.2393945516840616}","{""initial_step_size"": 1, ""tolerance"": 1e-05, ""decay_rate"": 0.5, ""max_iterations"": 50}"
1787,gps,weighted,16,random,206.264308914135,206.264308914135,426.695908610848,43,922.993320999012,False,"{""high_w1"": 1.0, ""high_w2"": 1.0, ""high_w3"": 0.08125, ""high_d1"": 6.1888936063747035, ""high_d2"": 17.314984096693088, ""high_d3"": 11.707885201181861, ""high_alpha3"": 0.01, ""low_w1"": 1.0, ""low_w2"": 0.1168086234652253, ""low_w3"": 0.875, ""low_d1"": 36.05670625127161, ""low_d2"": 6.743632290719379, ""low_d3"": 37.68674453399231, ""low_alpha3"": 0.1652831300527031}","{""initial_step_size"": 1, ""tolerance"": 1e-05, ""decay_rate"": 0.5, ""max_iterations"": 50}"
1788,gps,weighted,17,random,7973.45468619005,7973.45468619005,1440.87284073301,42,929.765070999565,False,"{""high_w1"": 0.05, ""high_w2"": 1.0, ""high_w3"": 0.859375, ""high_d1"": 11.259217193181986, ""high_d2"": 39.77530207999584, ""high_d3"": 33.50400904524106, ""high_alpha3"": 0.8222704781227631, ""low_w1"": 0.5929164990653822, ""low_w2"": 1.0, ""low_w3"": 1.0, ""low_d1"": 46.51779296728356, ""low_d2"": 6.882144655138497, ""low_d3"": 43.47402097021813, ""low_alpha3"": 0.9088072156250696}","{""initial_step_size"": 1, ""tolerance"": 1e-05, ""decay_rate"": 0.5, ""max_iterations"": 50}"
1789,gps,weighted,21,random,288.972783527525,288.972783527525,499.185148551738,33,733.426263999718,False,"{""high_w1"": 0.9375, ""high_w2"": 1.0, ""high_w3"": 0.7349180294896683, ""high_d1"": 7.03757999596559, ""high_d2"": 14.884292732837073, ""high_d3"": 5.437116321378086, ""high_alpha3"": 0.3062264560853245, ""low_w1"": 0.680714779893465, ""low_w2"": 1.0, ""low_w3"": 0.4169117124076688, ""low_d1"": 6.339405821404826, ""low_d2"": 43.63541523166824, ""low_d3"": 8.395544924083891, ""low_alpha3"": 0.18456216832830838}","{""initial_step_size"": 1, ""tolerance"": 1e-05, ""decay_rate"": 0.5, ""max_iterations"": 50}"
1790,gps,weighted,18,random,463.069466944104,463.069466944104,301.082294338715,38,996.657760999369,False,"{""high_w1"": 1.0, ""high_w2"": 1.0, ""high_w3"": 0.05, ""high_d1"": 12.728330817833653, ""high_d2"": 42.40718729638066, ""high_d3"": 38.00654173308851, ""high_alpha3"": 0.9821875, ""low_w1"": 0.55, ""low_w2"": 0.986328125, ""low_w3"": 1.0, ""low_d1"": 34.51451754212808, ""low_d2"": 42.67099459935805, ""low_d3"": 38.33638200556852, ""low_alpha3"": 0.5303909696850205}","{""initial_step_size"": 1, ""tolerance"": 1e-05, ""decay_rate"": 0.5, ""max_iterations"": 50}"
1791,gps,weighted,22,random,5843.23714200264,5843.23714200264,4097.35206642382,31,758.196951001082,False,"{""high_w1"": 1.0, ""high_w2"": 0.5075970086751976, ""high_w3"": 0.31669863354865596, ""high_d1"": 45.74073592902452, ""high_d2"": 10.715754573360318, ""high_d3"": 19.265470108977617, ""high_alpha3"": 0.99, ""low_w1"": 1.0, ""low_w2"": 0.25938429080583936, ""low_w3"": 0.9776033745117524, ""low_d1"": 2.505289967173205, ""low_d2"": 28.93777743982399, ""low_d3"": 41.05885699592943, ""low_alpha3"": 0.24019829013765892}","{""initial_step_size"": 1, ""tolerance"": 1e-05, ""decay_rate"": 0.5, ""max_iterations"": 50}"
1792,gps,weighted,25,random,1002.70089798427,1002.70089798427,577.305111490332,27,575.315149000744,False,"{""high_w1"": 0.05, ""high_w2"": 1.0, ""high_w3"": 0.05, ""high_d1"": 11.923739140328603, ""high_d2"": 23.732806140405433, ""high_d3"": 7.634026262466346, ""high_alpha3"": 0.49, ""low_w1"": 0.4657305066766679, ""low_w2"": 0.5784178589133717, ""low_w3"": 1.0, ""low_d1"": 21.313554983081737, ""low_d2"": 7.425953633331023, ""low_d3"": 23.45748062083949, ""low_alpha3"": 0.583736214180815}","{""initial_step_size"": 1, ""tolerance"": 1e-05, ""decay_rate"": 0.5, ""max_iterations"": 50}"
1793,gps,weighted,20,random,8777.24191292841,8777.24191292841,4279.96228477325,47,883.845930000462,False,"{""high_w1"": 1.0, ""high_w2"": 0.1125, ""high_w3"": 0.96875, ""high_d1"": 46.16019891076883, ""high_d2"": 10.722700109608958, ""high_d3"": 35.20436392442643, ""high_alpha3"": 0.99, ""low_w1"": 1.0, ""low_w2"": 0.05, ""low_w3"": 1.0, ""low_d1"": 15.071187299196028, ""low_d2"": 37.493084812855955, ""low_d3"": 39.58417325403251, ""low_alpha3"": 0.99}","{""initial_step_size"": 1, ""tolerance"": 1e-05, ""decay_rate"": 0.5, ""max_iterations"": 50}"
1794,gps,weighted,26,random,8520.33979136129,8520.33979136129,5304.08105949675,26,595.857305001118,False,"{""high_w1"": 1.0, ""high_w2"": 1.0, ""high_w3"": 0.9921875, ""high_d1"": 40.88259533620127, ""high_d2"": 44.78697899883953, ""high_d3"": 11.020226797859307, ""high_alpha3"": 0.2741151407045799, ""low_w1"": 0.5213825339384682, ""low_w2"": 0.7521656597580252, ""low_w3"": 0.2352043920595585, ""low_d1"": 9.627771842843774, ""low_d2"": 27.86366041160736, ""low_d3"": 15.572749021326922, ""low_alpha3"": 0.7557210720728567}","{""initial_step_size"": 1, ""tolerance"": 1e-05, ""decay_rate"": 0.5, ""max_iterations"": 50}"
1795,gps,weighted,23,random,4219.19993380481,4219.19993380481,1662.58234983766,45,750.811390998933,False,"{""high_w1"": 1.0, ""high_w2"": 0.1125, ""high_w3"": 0.8396867714270616, ""high_d1"": 21.555000510421408, ""high_d2"": 11.610177436559324, ""high_d3"": 35.93866009139841, ""high_alpha3"": 0.01, ""low_w1"": 0.49313284314177913, ""low_w2"": 0.6371497298901688, ""low_w3"": 1.0, ""low_d1"": 4.118314297642536, ""low_d2"": 50.0, ""low_d3"": 44.47748184207073, ""low_alpha3"": 0.2419014955791513}","{""initial_step_size"": 1, ""tolerance"": 1e-05, ""decay_rate"": 0.5, ""max_iterations"": 50}"
1796,gps,weighted,24,random,6809.98838904055,6809.98838904055,2391.93852291764,48,714.920292999523,False,"{""high_w1"": 0.427734375, ""high_w2"": 1.0, ""high_w3"": 0.9998739279926853, ""high_d1"": 18.563230389576887, ""high_d2"": 26.830704990274782, ""high_d3"": 37.51236753005298, ""high_alpha3"": 0.99, ""low_w1"": 0.3505296289010779, ""low_w2"": 0.1797173508323484, ""low_w3"": 0.4147810096440201, ""low_d1"": 18.38492561112927, ""low_d2"": 13.087908148008726, ""low_d3"": 36.06327500423012, ""low_alpha3"": 0.970264581912906}","{""initial_step_size"": 1, ""tolerance"": 1e-05, ""decay_rate"": 0.5, ""max_iterations"": 50}"
1797,gps,weighted,27,random,269.087602135735,269.087602135735,462.02974801145,25,590.436440001213,False,"{""high_w1"": 0.45443533999295094, ""high_w2"": 1.0, ""high_w3"": 0.5, ""high_d1"": 43.664153594227315, ""high_d2"": 21.90227709788577, ""high_d3"": 49.01391834293699, ""high_alpha3"": 0.8853304597808326, ""low_w1"": 1.0, ""low_w2"": 0.7547362650421038, ""low_w3"": 0.6956111531732557, ""low_d1"": 44.566470151612975, ""low_d2"": 43.68461018250622, ""low_d3"": 37.96458625968891, ""low_alpha3"": 0.8627418256541496}","{""initial_step_size"": 1, ""tolerance"": 1e-05, ""decay_rate"": 0.5, ""max_iterations"": 50}"
1798,gps,weighted,28,random,7217.86894858849,7217.86894858849,1781.3790790103,35,553.230769999573,False,"{""high_w1"": 0.7269380551746631, ""high_w2"": 1.0, ""high_w3"": 0.1687187374087789, ""high_d1"": 20.084433697605625, ""high_d2"": 43.50279390112685, ""high_d3"": 26.52766311934943, ""high_alpha3"": 0.2515394912475085, ""low_w1"": 0.7734375, ""low_w2"": 1.0, ""low_w3"": 1.0, ""low_d1"": 9.249646743713678, ""low_d2"": 48.59816486577043, ""low_d3"": 13.520801020869259, ""low_alpha3"": 0.035826771539673244}","{""initial_step_size"": 1, ""tolerance"": 1e-05, ""decay_rate"": 0.5, ""max_iterations"": 50}"
1799,gps,weighted,29,random,6899.08141852162,6899.08141852162,4819.00805577009,21,449.313813998742,False,"{""high_w1"": 0.8705719862915788, ""high_w2"": 0.3206606669662454, ""high_w3"": 0.11959356867954922, ""high_d1"": 38.63538580785368, ""high_d2"": 23.730514764771744, ""high_d3"": 28.030249952421173, ""high_alpha3"": 0.99, ""low_w1"": 0.9814598522340809, ""low_w2"": 0.6547899789185331, ""low_w3"": 0.7464865371540166, ""low_d1"": 13.615348385786485, ""low_d2"": 36.57481724262746, ""low_d3"": 4.802110678962617, ""low_alpha3"": 0.38022554763462857}","{""initial_step_size"": 1, ""tolerance"": 1e-05, ""decay_rate"": 0.5, ""max_iterations"": 50}"
